Name,Position,Team,League,PredictedUCLFantasyPts
Federico Dimarco,DEF,Inter,SerieA,32.92
Alejandro Grimaldo,DEF,Bayer 04 Leverkusen,Bund,25.57
Carlos Romero,DEF,Espanyol,LaLiga,24.86
Nico O'Reilly,DEF,Manchester City,PL,23.73
Jurriën Timber,DEF,Arsenal,PL,23.43
Marc Guéhi,DEF,Manchester City,PL,22.26
Julian Ryerson,DEF,Borussia Dortmund,Bund,21.62
Matheus Nunes,DEF,Manchester City,PL,21.12
Maximilian Mittelstädt,DEF,VfB Stuttgart,Bund,21.01
David Raum,DEF,RB Leipzig,Bund,20.82
Matty Cash,DEF,Aston Villa,PL,20.63
Nathaniel Brown,DEF,Eintracht Frankfurt,Bund,20.55
Nico Schlotterbeck,DEF,Borussia Dortmund,Bund,20.46
Konrad Laimer,DEF,FC Bayern München,Bund,20.44
Brandon Mechele,DEF,Club Brugge KV,Belgium,19.82
Virgil van Dijk,DEF,Liverpool FC,PL,19.61
Alberto Costa,DEF,FC Porto,Portugal,19.14
Waldemar Anton,DEF,Borussia Dortmund,Bund,18.93
Patrick Dorgu,DEF,Manchester United,PL,18.75
Gianluca Mancini,DEF,AS Roma,SerieA,18.7
Matthieu Udol,DEF,RC Lens,L1,18.62
Marc Cucurella,DEF,Chelsea,PL,18.54
Cristian Romero,DEF,Tottenham Hotspur,PL,18.44
Jordan Bos,DEF,Feyenoord,Ered,18.33
Gonçalo Inácio,DEF,Sporting CP,Portugal,18.21
Ramy Bensebaini,DEF,Borussia Dortmund,Bund,18.15
Eric García,DEF,FC Barcelona,LaLiga,18.08
Santiago Mouriño,DEF,Villarreal,LaLiga,18.08
Fredrik Sjøvold,DEF,Bodø/Glimt,Elite,17.88
Lazaros Rota,DEF,AEK Athens,Greece,17.26
Álvaro Carreras,DEF,Real Madrid,LaLiga,17.08
William Saliba,DEF,Arsenal,PL,17.06
Štěpán Chaloupek,DEF,SK Slavia Praha,Czech,16.77
Trevoh Chalobah,DEF,Chelsea,PL,16.59
Diogo Dalot,DEF,Manchester United,PL,16.36
Luke Shaw,DEF,Manchester United,PL,16.31
Manuel Akanji,DEF,Inter,SerieA,16.25
Nuno Mendes,DEF,Paris Saint-Germain,L1,16.14
Jacobo Ramón,DEF,Como,SerieA,16.11
Lucas Digne,DEF,Aston Villa,PL,16.02
Alessandro Bastoni,DEF,Inter,SerieA,15.83
Álex Valle,DEF,Como,SerieA,15.75
Ibrahima Konaté,DEF,Liverpool FC,PL,15.74
Jakub Kiwior,DEF,FC Porto,Portugal,15.29
Romain Perraud,DEF,Lille,L1,15.26
Willi Orbán,DEF,RB Leipzig,Bund,15.22
Daniel Svensson,DEF,Borussia Dortmund,Bund,15.22
Mauro Júnior,DEF,PSV Eindhoven,Ered,15.15
Jan Bednarek,DEF,FC Porto,Portugal,15.15
Jules Koundé,DEF,FC Barcelona,LaLiga,15.12
Rúben Dias,DEF,Manchester City,PL,15.03
Piero Hincapié,DEF,Arsenal,PL,14.92
Sergi Cardona,DEF,Villarreal,LaLiga,14.78
Mario Hermoso,DEF,AS Roma,SerieA,14.68
Dean Huijsen,DEF,Real Madrid,LaLiga,14.41
Giovanni Di Lorenzo,DEF,SSC Napoli,SerieA,14.38
Evan Ndicka,DEF,AS Roma,SerieA,14.28
Pau Cubarsí,DEF,FC Barcelona,LaLiga,14.22
Joško Gvardiol,DEF,Manchester City,PL,14.15
Yann Bisseck,DEF,Inter,SerieA,13.95
Nahuel Molina,DEF,Atlético Madrid,LaLiga,13.85
Miloš Kerkez,DEF,Liverpool FC,PL,13.76
Riccardo Calafiori,DEF,Arsenal,PL,13.61
Eduardo Quaresma,DEF,Sporting CP,Portugal,13.57
Ismaelo Ganiou,DEF,RC Lens,L1,13.48
Josip Stanišić,DEF,FC Bayern München,Bund,13.37
Konstantinos Koulierakis,DEF,VfL Wolfsburg,Bund,13.34
Kasper Jørgensen,DEF,LASK,AutBund,13.28
Harry Maguire,DEF,Manchester United,PL,13.24
Joaquin Seys,DEF,Club Brugge KV,Belgium,13.22
Djed Spence,DEF,Tottenham Hotspur,PL,13.2
Samson Baidoo,DEF,RC Lens,L1,12.93
Dávid Hancko,DEF,Atlético Madrid,LaLiga,12.89
Rayan Aït-Nouri,DEF,Manchester City,PL,12.86
Lucas Beraldo,DEF,Paris Saint-Germain,L1,12.85
Saud Abdulhamid,DEF,RC Lens,L1,12.74
Amir Rrahmani,DEF,SSC Napoli,SerieA,12.72
Vitor Reis,DEF,Girona FC,LaLiga,12.64
João Cancelo,DEF,FC Barcelona,LaLiga,12.63
Héctor Bellerín,DEF,Real Betis,LaLiga,12.6
Jonathan Tah,DEF,FC Bayern München,Bund,12.56
Nathan Ngoy,DEF,Lille,L1,12.44
Sergi Altimira,DEF,Real Betis,LaLiga,12.41
Dayot Upamecano,DEF,FC Bayern München,Bund,12.16
Ezri Konsa,DEF,Aston Villa,PL,12.14
Tomáš Holeš,DEF,SK Slavia Praha,Czech,12.14
Marc Bartra,DEF,Real Betis,LaLiga,12.09
Devyne Rensch,DEF,AS Roma,SerieA,12.01
Ramon Hendriks,DEF,VfB Stuttgart,Bund,11.98
Castello Lukeba,DEF,RB Leipzig,Bund,11.86
Robin Le Normand,DEF,Atlético Madrid,LaLiga,11.83
Éder Militão,DEF,Real Madrid,LaLiga,11.82
Lucas Hernández,DEF,Paris Saint-Germain,L1,11.81
Harold Moukoudi,DEF,AEK Athens,Greece,11.8
Aaron Wan-Bissaka,DEF,West Ham United,PL,11.79
Matteo Ruggeri,DEF,Atlético Madrid,LaLiga,11.79
Leonardo Spinazzola,DEF,SSC Napoli,SerieA,11.75
Sergiño Dest,DEF,PSV Eindhoven,Ered,11.75
Josha Vagnoman,DEF,VfB Stuttgart,Bund,11.68
César Blackman,DEF,ŠK Slovan Bratislava,Slovakia,11.67
Mats Deijl,DEF,Feyenoord,Ered,11.65
Gerard Martín,DEF,FC Barcelona,LaLiga,11.62
Ruben Aguilar,DEF,RC Lens,L1,11.61
Martim Fernandes,DEF,FC Porto,Portugal,11.5
Yan Couto,DEF,Borussia Dortmund,Bund,11.47
Ibrahima Ba,DEF,Famalicão,Portugal,11.46
Ian Maatsen,DEF,Aston Villa,PL,11.42
Roland Sallai,DEF,Galatasaray,SuperLig,11.32
Francisco Moura,DEF,FC Porto,Portugal,11.32
Raúl Asencio,DEF,Real Madrid,LaLiga,11.27
Abdukodir Khusanov,DEF,Manchester City,PL,11.24
Benjamin Pavard,DEF,Olympique de Marseille,L1,11.14
Jeff Chabot,DEF,VfB Stuttgart,Bund,11.13
Archie Brown,DEF,Fenerbahçe,SuperLig,11.12
Marc Pubill,DEF,Atlético Madrid,LaLiga,11.11
Pau Navarro,DEF,Villarreal,LaLiga,11.02
Lutsharel Geertruida,DEF,Sunderland,PL,10.99
Achraf Hakimi,DEF,Paris Saint-Germain,L1,10.93
Valentín Gómez,DEF,Real Betis,LaLiga,10.92
Filipe Relvas,DEF,AEK Athens,Greece,10.86
Kyriani Sabbe,DEF,Club Brugge KV,Belgium,10.78
Rafa Marín,DEF,Villarreal,LaLiga,10.76
Nélson Semedo,DEF,Fenerbahçe,SuperLig,10.75
Milan Škriniar,DEF,Fenerbahçe,SuperLig,10.73
Carlos Augusto,DEF,Inter,SerieA,10.67
Ronald Araújo,DEF,FC Barcelona,LaLiga,10.62
Jean-Clair Todibo,DEF,West Ham United,PL,10.57
José María Giménez,DEF,Atlético Madrid,LaLiga,10.54
Maxime Estève,DEF,Burnley,PL,10.47
Lisandro Martínez,DEF,Manchester United,PL,10.46
Kojo Peprah Oppong,DEF,Nice,L1,10.44
Cristhian Mosquera,DEF,Arsenal,PL,10.35
Alessandro Buongiorno,DEF,SSC Napoli,SerieA,10.35
Pau Torres,DEF,Aston Villa,PL,10.33
Ayden Heaven,DEF,Manchester United,PL,10.32
Natan,DEF,Real Betis,LaLiga,10.31
Willian Pacho,DEF,Paris Saint-Germain,L1,10.28
Denzel Dumfries,DEF,Inter,SerieA,10.27
Andrés Andrade,DEF,LASK,AutBund,10.26
Miguel Gutiérrez,DEF,SSC Napoli,SerieA,10.25
Yarek Gasiorowski,DEF,PSV Eindhoven,Ered,10.18
Sahmkou Camara,DEF,MFK Karviná,Czech,10.16
Henrik Heggheim,DEF,Viking FK,Elite,10.12
Alejandro Balde,DEF,FC Barcelona,LaLiga,10.06
Matthijs de Ligt,DEF,Manchester United,PL,10.05
Ben White,DEF,Arsenal,PL,10.05
Noussair Mazraoui,DEF,Manchester United,PL,10.03
David Jurásek,DEF,SK Slavia Praha,Czech,9.98
Kristoffer Haugen,DEF,Viking FK,Elite,9.96
Emre Can,DEF,Borussia Dortmund,Bund,9.87
Sandro Cruz,DEF,ŠK Slovan Bratislava,Slovakia,9.79
Davinson Sánchez,DEF,Galatasaray,SuperLig,9.77
Joel Ordóñez,DEF,Club Brugge KV,Belgium,9.75
Javi López,DEF,Real Oviedo,LaLiga,9.69
Ivan Smolčić,DEF,Como,SerieA,9.69
Diego Llorente,DEF,Real Betis,LaLiga,9.62
Conor Bradley,DEF,Liverpool FC,PL,9.61
Ricardo Mangas,DEF,Sporting CP,Portugal,9.59
Leonardo Balerdi,DEF,Olympique de Marseille,L1,9.56
Leny Yoro,DEF,Manchester United,PL,9.55
George Bello,DEF,LASK,AutBund,9.34
Trent Alexander-Arnold,DEF,Real Madrid,LaLiga,9.33
Filip Kostić,DEF,Juventus,SerieA,9.18
Antonio Rüdiger,DEF,Real Madrid,LaLiga,9.12
Eren Elmalı,DEF,Galatasaray,SuperLig,9.12
Tymoteusz Puchacz,DEF,Sabah FK,Azerbaijan,9.11
Zeno Debast,DEF,Sporting CP,Portugal,9.1
Héctor Fort,DEF,Elche,LaLiga,9.09
Sam Beukema,DEF,SSC Napoli,SerieA,9.05
Joe Gomez,DEF,Liverpool FC,PL,9.04
Abdülkerim Bardakcı,DEF,Galatasaray,SuperLig,9.0
Oleksandr Karavaiev,DEF,Dynamo Kyiv,Ukraine,8.99
Tsuyoshi Watanabe,DEF,Feyenoord,Ered,8.98
Lamare Bogarde,DEF,Aston Villa,PL,8.96
Zaidu Sanusi,DEF,FC Porto,Portugal,8.87
Iván Fresneda,DEF,Sporting CP,Portugal,8.87
Jeremie Frimpong,DEF,Liverpool FC,PL,8.71
Nathan Aké,DEF,Manchester City,PL,8.7
Ousmane Diomande,DEF,Sporting CP,Portugal,8.7
Alphonso Davies,DEF,FC Bayern München,Bund,8.67
Fran García,DEF,Real Madrid,LaLiga,8.6
Mert Müldür,DEF,Fenerbahçe,SuperLig,8.45
Ange N'Guessan,DEF,FC Slovan Liberec,Czech,8.45
Jayden Oosterwolde,DEF,Fenerbahçe,SuperLig,8.39
Victor Lindelöf,DEF,Aston Villa,PL,8.33
Renato Veiga,DEF,Villarreal,LaLiga,8.28
Martin Ove Roseth,DEF,Viking FK,Elite,8.23
Tyrone Mings,DEF,Aston Villa,PL,8.21
Juan Foyth,DEF,Villarreal,LaLiga,8.18
Kiliann Sildillia,DEF,PSV Eindhoven,Ered,8.17
Jérémy Jacquet,DEF,Stade Rennais,L1,8.09
Myles Lewis-Skelly,DEF,Arsenal,PL,8.06
Marquinhos,DEF,Paris Saint-Germain,L1,8.02
Mathías Olivera,DEF,SSC Napoli,SerieA,7.89
David Zima,DEF,SK Slavia Praha,Czech,7.83
Stavros Pilios,DEF,AEK Athens,Greece,7.82
Daniele Ghilardi,DEF,AS Roma,SerieA,7.79
Ryan Flamingo,DEF,PSV Eindhoven,Ered,7.78
Nehuén Pérez,DEF,FC Porto,Portugal,7.77
Rico Lewis,DEF,Manchester City,PL,7.75
Ignace Van der Brempt,DEF,Como,SerieA,7.7
Luca Reggiani,DEF,Borussia Dortmund,Bund,7.65
Giorgi Gocholeishvili,DEF,Hamburger SV,Bund,7.56
Hiroki Itō,DEF,FC Bayern München,Bund,7.53
Max Finkgräfe,DEF,RB Leipzig,Bund,7.5
Kenan Bajrić,DEF,ŠK Slovan Bratislava,Slovakia,7.3
Daniel Elfadli,DEF,Hamburger SV,Bund,7.24
Lorenz Assignon,DEF,VfB Stuttgart,Bund,7.24
Benoît Badiashile,DEF,Chelsea,PL,7.18
Junior Firpo,DEF,Real Betis,LaLiga,6.97
Luca Jaquez,DEF,VfB Stuttgart,Bund,6.91
Haitam Aleesami,DEF,Bodø/Glimt,Elite,6.8
Alberto Dossena,DEF,Cagliari,SerieA,6.65
John Stones,DEF,Manchester City,PL,6.57
Anel Ahmedhodžić,DEF,Feyenoord,Ered,6.22
Hugo Siquet,DEF,Club Brugge KV,Belgium,6.1
Wilfried Singo,DEF,Galatasaray,SuperLig,6.05
Luca Marianucci,DEF,Torino,SerieA,6.03
Souza,DEF,Tottenham Hotspur,PL,6.02
Levent Mercan,DEF,Fenerbahçe,SuperLig,5.98
Charalampos Lykogiannis,DEF,Bologna,SerieA,5.97
Benjamin Henrichs,DEF,RB Leipzig,Bund,5.94
Lukas Klostermann,DEF,RB Leipzig,Bund,5.93
El Chadaille Bitshiabu,DEF,RB Leipzig,Bund,5.86
Tanguy Nianzou,DEF,Sevilla,LaLiga,5.77
Jan Ziółkowski,DEF,AS Roma,SerieA,5.75
Givairo Read,DEF,Feyenoord,Ered,5.75
Bjorn Meijer,DEF,Club Brugge KV,Belgium,5.75
Nidal Čelik,DEF,RC Lens,L1,5.68
Jonathan Gradit,DEF,RC Lens,L1,5.6
Steve Solvet,DEF,Sabah FK,Azerbaijan,5.58
Kyllian Antonio,DEF,RC Lens,L1,5.57
Jostein Gundersen,DEF,Bodø/Glimt,Elite,5.54
Tomáš Vlček,DEF,SK Slavia Praha,Czech,5.54
Andreas Christensen,DEF,FC Barcelona,LaLiga,5.45
Calvin Verdonk,DEF,Lille,L1,5.42
Benjamin Pavard,DEF,Inter,SerieA,5.41
Svetozar Marković,DEF,ŠK Slovan Bratislava,Slovakia,5.27
Domagoj Vida,DEF,AEK Athens,Greece,5.26
Gijs Smal,DEF,Feyenoord,Ered,5.16
Arnau Solà,DEF,FC Arouca,Portugal,5.13
Jorne Spileers,DEF,Club Brugge KV,Belgium,5.1
Sacha Boey,DEF,FC Bayern München,Bund,5.07
Leonidas Stergiou,DEF,1. FC Heidenheim,Bund,5.03
Ameen Al-Dakhil,DEF,VfB Stuttgart,Bund,5.0
Angeliño,DEF,AS Roma,SerieA,5.0
Pedro Henrique,DEF,Shakhtar Donetsk,Ukraine,4.99
Tiago Santos,DEF,Lille,L1,4.91
Logan Costa,DEF,Villarreal,LaLiga,4.88
Ismail Jakobs,DEF,Galatasaray,SuperLig,4.88
Almugera Kabar,DEF,Borussia Dortmund,Bund,4.79
Xavier Mbuyamba,DEF,LASK,AutBund,4.66
Mikuláš Konečný,DEF,FK Pardubice,Czech,4.62
Piero Hincapié,DEF,Bayer 04 Leverkusen,Bund,4.54
Ferland Mendy,DEF,Real Madrid,LaLiga,4.46
Xavi Espart,DEF,FC Barcelona,LaLiga,4.44
Kostas Tsimikas,DEF,AS Roma,SerieA,4.38
Pasquale Mazzocchi,DEF,SSC Napoli,SerieA,4.35
Kosta Nedeljković,DEF,RB Leipzig,Bund,4.34
Calvin Verdonk,DEF,NEC Nijmegen,Ered,4.3
Willy Kambwala,DEF,Villarreal,LaLiga,4.29
Anass Salah-Eddine,DEF,PSV Eindhoven,Ered,4.29
Dominik Prpić,DEF,FC Porto,Portugal,4.26
Dani Martinez,DEF,Atlético Madrid,LaLiga,4.2
Edoardo Goldaniga,DEF,Como,SerieA,4.17
Daiki Hashioka,DEF,KAA Gent,Belgium,4.06
Çağlar Söyüncü,DEF,Fenerbahçe,SuperLig,3.99
Armando Obispo,DEF,PSV Eindhoven,Ered,3.71
Bart Nieuwkoop,DEF,Feyenoord,Ered,3.69
Filippo Mané,DEF,Borussia Dortmund,Bund,3.68
Sacha Boey,DEF,Galatasaray,SuperLig,3.63
Igoh Ogbu,DEF,SK Slavia Praha,Czech,3.61
Kaan Ayhan,DEF,Galatasaray,SuperLig,3.38
Xavier Mbuyamba,DEF,FC Volendam,Ered,3.37
Adamo Nagalo,DEF,Konyaspor,SuperLig,3.3
Yiğit Efe Demir,DEF,Fenerbahçe,SuperLig,3.19
David Jurásek,DEF,Beşiktaş JK,SuperLig,3.19
Vinícius Tobias,DEF,Shakhtar Donetsk,Ukraine,3.11
Joane Gadou,DEF,Red Bull Salzburg,AutBund,3.08
Kevin Wimmer,DEF,ŠK Slovan Bratislava,Slovakia,2.93
Svetozar Marković,DEF,FC Viktoria Plzeň,Czech,2.93
Martin Georgiev,DEF,AEK Athens,Greece,2.82
Moncef Zekri,DEF,KV Mechelen,Belgium,2.76
Jordan Lotomba,DEF,Feyenoord,Ered,2.66
Ousmane Touré,DEF,Lille,L1,2.51
Vetle Auklend,DEF,Viking FK,Elite,2.24
Yvan Dibango,DEF,FC Kryvbas Kryvyi Rih,Ukraine,1.92
Villads Nielsen,DEF,Bodø/Glimt,Elite,1.85
Elias Pitak,DEF,SK Slavia Praha,Czech,1.74
Akim Zedadka,DEF,Sabah FK,Azerbaijan,1.71
Alaa Ghram,DEF,Shakhtar Donetsk,Ukraine,1.7
Youssoupha Mbodji,DEF,SK Slavia Praha,Czech,1.68
Gianni Stensness,DEF,Viking FK,Elite,1.67
Daiki Hashioka,DEF,SK Slavia Praha,Czech,1.58
Rahman Dashdamirov,DEF,Sabah FK,Azerbaijan,1.53
Metehan Baltacı,DEF,Galatasaray,SuperLig,1.35
Viljar Vevatne,DEF,Viking FK,Elite,1.3
Dominik Javorček,DEF,SK Slavia Praha,Czech,1.17
Joel Van Den Berg,DEF,PSV Eindhoven,Ered,1.11
Fabian Merién,DEF,PSV Eindhoven,Ered,1.01
Vince Osuji,DEF,Club Brugge KV,Belgium,0.44
Giorgi Gocholeishvili,DEF,Shakhtar Donetsk,Ukraine,0.15
Tellur Mutallimov,DEF,Sabah FK,Azerbaijan,0.15
Diego Arroyo,DEF,Shakhtar Donetsk,Ukraine,-0.02
Cheikne Kebe,DEF,LASK,AutBund,-1.16
Harry Kane,FWD,FC Bayern München,Bund,39.11
Erling Haaland,FWD,Manchester City,PL,36.01
Kylian Mbappé,FWD,Real Madrid,LaLiga,28.84
Deniz Undav,FWD,VfB Stuttgart,Bund,24.92
Vedat Muriqi,FWD,Mallorca,LaLiga,23.43
Lautaro Martínez,FWD,Inter,SerieA,22.5
Ollie Watkins,FWD,Aston Villa,PL,21.7
Ayase Ueda,FWD,Feyenoord,Ered,21.43
Nicolò Tresoldi,FWD,Club Brugge KV,Belgium,21.01
Georges Mikautadze,FWD,Villarreal,LaLiga,19.33
Marcus Thuram,FWD,Inter,SerieA,18.93
Ferran Torres,FWD,FC Barcelona,LaLiga,18.13
Hugo Ekitiké,FWD,Liverpool FC,PL,17.86
Serhou Guirassy,FWD,Borussia Dortmund,Bund,17.72
Viktor Gyökeres,FWD,Arsenal,PL,17.47
Bryan Mbeumo,FWD,Manchester United,PL,17.4
Tomáš Chorý,FWD,SK Slavia Praha,Czech,17.32
Victor Osimhen,FWD,Galatasaray,SuperLig,16.78
Troy Parrott,FWD,AZ Alkmaar,Ered,16.75
Ousmane Dembélé,FWD,Paris Saint-Germain,L1,16.39
Maximilian Beier,FWD,Borussia Dortmund,Bund,16.32
Rasmus Højlund,FWD,SSC Napoli,SerieA,16.32
Cody Gakpo,FWD,Liverpool FC,PL,15.76
Ermedin Demirović,FWD,VfB Stuttgart,Bund,15.65
Donyell Malen,FWD,AS Roma,SerieA,15.29
Cucho Hernández,FWD,Real Betis,LaLiga,15.28
Gleiker Mendoza,FWD,FC Kryvbas Kryvyi Rih,Ukraine,14.83
Benjamin Šeško,FWD,Manchester United,PL,14.77
Mohamed Bayo,FWD,Gaziantep FK,SuperLig,14.77
Luka Jović,FWD,AEK Athens,Greece,14.56
Odsonne Édouard,FWD,RC Lens,L1,14.45
Alexander Sørloth,FWD,Atlético Madrid,LaLiga,13.79
Julián Alvarez,FWD,Atlético Madrid,LaLiga,13.42
Moses Usor,FWD,LASK,AutBund,13.36
Ricardo Pepi,FWD,PSV Eindhoven,Ered,13.26
Peter Christiansen,FWD,Viking FK,Elite,12.29
Endrick,FWD,Olympique Lyonnais,L1,12.16
Jesús Rodriguez,FWD,Como,SerieA,12.09
Andraž Šporar,FWD,ŠK Slovan Bratislava,Slovakia,12.05
Roman Čerepkai,FWD,FC Košice,Slovakia,12.01
Carlos Espí,FWD,Levante UD,LaLiga,11.97
Karim Adeyemi,FWD,Borussia Dortmund,Bund,11.91
Samu,FWD,Vitória SC,Portugal,11.84
Matías Soulé,FWD,AS Roma,SerieA,11.54
Dennis Man,FWD,PSV Eindhoven,Ered,11.18
Gerard Moreno,FWD,Villarreal,LaLiga,11.13
André Silva,FWD,Elche,LaLiga,11.08
Nacho Ferri,FWD,KVC Westerlo,Belgium,10.86
Mojmír Chytil,FWD,SK Slavia Praha,Czech,10.81
Ayoze Pérez,FWD,Villarreal,LaLiga,10.8
Jonathan David,FWD,Juventus,SerieA,10.53
Sam Lammers,FWD,FC Twente,Ered,10.44
Samuel Adeniran,FWD,LASK,AutBund,10.25
Pio Esposito,FWD,Inter,SerieA,10.15
Christopher Nkunku,FWD,AC Milan,SerieA,10.04
Nicolas Jackson,FWD,FC Bayern München,Bund,9.98
Dorgeles Nene,FWD,Fenerbahçe,SuperLig,9.89
Omar Marmoush,FWD,Manchester City,PL,9.86
Ange-Yoan Bonny,FWD,Inter,SerieA,9.64
Oleksandr Zubkov,FWD,Trabzonspor,SuperLig,9.55
Tiago Tomás,FWD,VfB Stuttgart,Bund,9.5
Fábio Silva,FWD,Borussia Dortmund,Bund,9.47
Santiago Castro,FWD,Bologna,SerieA,9.22
Dženan Pejčinović,FWD,VfL Wolfsburg,Bund,9.08
Moise Kean,FWD,Fiorentina,SerieA,9.01
Kai Havertz,FWD,Arsenal,PL,8.8
Giovane,FWD,SSC Napoli,SerieA,8.73
Paulo Dybala,FWD,AS Roma,SerieA,8.63
Donyell Malen,FWD,Aston Villa,PL,8.52
Olivier Giroud,FWD,Lille,L1,8.08
Romeo Vermant,FWD,Club Brugge KV,Belgium,7.99
Franjo Ivanović,FWD,Benfica,Portugal,7.8
Alexander Isak,FWD,Liverpool FC,PL,7.73
Conrad Harder,FWD,RB Leipzig,Bund,7.55
Joshua Zirkzee,FWD,Manchester United,PL,6.91
Deniz Gül,FWD,FC Porto,Portugal,6.9
Saša Kalajdžić,FWD,LASK,AutBund,6.75
Gabriel Jesus,FWD,Arsenal,PL,6.66
Remy Labeau Lascary,FWD,Stade Brestois,L1,6.48
Hamza Igamane,FWD,Lille,L1,6.17
Danijel Šturm,FWD,SK Sigma Olomouc,Czech,5.9
Esmir Bajraktarević,FWD,PSV Eindhoven,Ered,5.87
Tammy Abraham,FWD,Aston Villa,PL,5.77
Tani Oluwaseyi,FWD,Villarreal,LaLiga,5.69
Barnabás Varga,FWD,AEK Athens,Greece,5.61
Tammy Abraham,FWD,Beşiktaş JK,SuperLig,5.51
Aboubakary Koita,FWD,AEK Athens,Greece,5.48
Lassina Traoré,FWD,Shakhtar Donetsk,Ukraine,5.45
Jovan Milošević,FWD,SV Werder Bremen,Bund,5.41
Rayan Fofana,FWD,RC Lens,L1,5.34
Mamadou Diakhon,FWD,Club Brugge KV,Belgium,5.21
Marc Guiu,FWD,Chelsea,PL,4.83
Lorenzo Lucca,FWD,Nottingham Forest,PL,4.74
Kauã Elias,FWD,Shakhtar Donetsk,Ukraine,4.57
Artem Dovbyk,FWD,AS Roma,SerieA,4.48
Simen Kvia-Egeskog,FWD,Viking FK,Elite,4.36
Fotis Ioannidis,FWD,Sporting CP,Portugal,4.19
Rafael Nel,FWD,Sporting CP,Portugal,4.02
Antonio Vergara,FWD,SSC Napoli,SerieA,3.96
Bryan Zaragoza,FWD,Celta Vigo,LaLiga,3.9
Cyril Ngonge,FWD,Espanyol,LaLiga,3.9
Odsonne Édouard,FWD,Crystal Palace,PL,3.88
Saša Kalajdžić,FWD,Wolverhampton,PL,3.86
Veton Berisha,FWD,Viking FK,Elite,3.73
Andreas Helmersen,FWD,Bodø/Glimt,Elite,3.68
Eguinaldo,FWD,Shakhtar Donetsk,Ukraine,3.52
Ezechiel Banzuzi,FWD,RB Leipzig,Bund,3.1
Cyril Ngonge,FWD,Torino,SerieA,2.96
Adonija Ouanda,FWD,1. FC Slovácko,Czech,2.96
Samuele Inacio,FWD,Borussia Dortmund,Bund,2.71
Tidiam Gomis,FWD,RB Leipzig,Bund,2.66
Luca Meirelles,FWD,Shakhtar Donetsk,Ukraine,2.64
Jeremy Arevalo,FWD,VfB Stuttgart,Bund,2.61
João Mário,FWD,AEK Athens,Greece,2.6
Quentin Ndjantou,FWD,Paris Saint-Germain,L1,2.45
Zini,FWD,AEK Athens,Greece,2.4
Conrad Harder,FWD,Sporting CP,Portugal,2.17
Álvaro Morata,FWD,Como,SerieA,2.16
Pablo García,FWD,Real Betis,LaLiga,2.07
Santiago Giménez,FWD,AC Milan,SerieA,1.98
Badredine Bouanani,FWD,VfB Stuttgart,Bund,1.75
Pau Cabanes,FWD,Villarreal,LaLiga,1.74
Endrick,FWD,Real Madrid,LaLiga,1.73
Bryan Zaragoza,FWD,AS Roma,SerieA,1.73
Lorenzo Lucca,FWD,SSC Napoli,SerieA,1.63
Romelu Lukaku,FWD,SSC Napoli,SerieA,1.63
Florian Sotoca,FWD,RC Lens,L1,1.6
Georges Mikautadze,FWD,Olympique Lyonnais,L1,1.36
Xander Severina,FWD,Casa Pia,Portugal,1.3
Sani Suleiman,FWD,AS Trenčín,Slovakia,0.79
Antonio Arena,FWD,AS Roma,SerieA,0.74
Giuseppe Ambrosino,FWD,SSC Napoli,SerieA,0.74
Casper Tengstedt,FWD,Feyenoord,Ered,0.54
Badredine Bouanani,FWD,Nice,L1,0.52
Brian Madjo,FWD,Metz,L1,0.52
Nick D'Agostino,FWD,Viking FK,Elite,0.03
Shaqueel van Persie,FWD,Feyenoord,Ered,-0.38
Shandre Campbell,FWD,Club Brugge KV,Belgium,-0.65
Mikkel Bro Hansen,FWD,Bodø/Glimt,Elite,-0.87
Ola Brynhildsen,FWD,Bodø/Glimt,Elite,-0.89
Alassane Pléa,FWD,PSV Eindhoven,Ered,-1.14
Ada Yüzgeç,FWD,Galatasaray,SuperLig,-1.54
Gustaf Nilsson,FWD,Club Brugge KV,Belgium,-1.67
João Mário,FWD,Beşiktaş JK,SuperLig,-1.69
Andraž Šporar,FWD,Alanyaspor,SuperLig,-1.77
Dorgeles Nene,FWD,Red Bull Salzburg,AutBund,-2.12
Alasana Yirajang,FWD,ŠK Slovan Bratislava,Slovakia,-2.19
Mile Svilar,GK,AS Roma,SerieA,27.95
David Raya,GK,Arsenal,PL,27.34
Jean Butez,GK,Como,SerieA,26.48
Gianluigi Donnarumma,GK,Manchester City,PL,25.22
Diogo Costa,GK,FC Porto,Portugal,24.49
Gregor Kobel,GK,Borussia Dortmund,Bund,24.0
Robert Sánchez,GK,Chelsea,PL,22.38
Thomas Strakosha,GK,AEK Athens,Greece,22.22
Joan García,GK,FC Barcelona,LaLiga,21.8
Yann Sommer,GK,Inter,SerieA,21.57
Rui Silva,GK,Sporting CP,Portugal,21.53
Hervé Koffi,GK,Angers,L1,21.35
Thibaut Courtois,GK,Real Madrid,LaLiga,21.06
Ivan Provedel,GK,Lazio,SerieA,20.53
Emiliano Martínez,GK,Aston Villa,PL,20.12
Jan Oblak,GK,Atlético Madrid,LaLiga,19.26
Berke Özer,GK,Lille,L1,19.23
Senne Lammens,GK,Manchester United,PL,19.17
Nazar Domchak,GK,Karpaty Lviv,Ukraine,18.86
Robin Risser,GK,RC Lens,L1,18.67
Álvaro Valles,GK,Real Betis,LaLiga,18.42
Vanja Milinković-Savić,GK,SSC Napoli,SerieA,17.44
Luiz Júnior,GK,Villarreal,LaLiga,16.8
Nikita Haikin,GK,Bodø/Glimt,Elite,16.54
Dmytro Riznyk,GK,Shakhtar Donetsk,Ukraine,16.47
Uğurcan Çakır,GK,Galatasaray,SuperLig,16.23
Stas Pokatilov,GK,Sabah FK,Azerbaijan,15.97
Péter Gulácsi,GK,RB Leipzig,Bund,15.95
Gerónimo Rulli,GK,Olympique de Marseille,L1,15.74
Karl Darlow,GK,Leeds United,PL,14.76
Diant Ramaj,GK,1. FC Heidenheim,Bund,13.49
Matěj Kovář,GK,PSV Eindhoven,Ered,13.47
Lukas Jungwirth,GK,LASK,AutBund,13.47
Lucas Chevalier,GK,Paris Saint-Germain,L1,12.67
Zion Suzuki,GK,Parma,SerieA,12.43
Ederson,GK,Fenerbahçe,SuperLig,12.16
Nordin Jackers,GK,Club Brugge KV,Belgium,11.63
Manuel Neuer,GK,FC Bayern München,Bund,11.0
Dominik Takáč,GK,ŠK Slovan Bratislava,Slovakia,10.52
Aleksandar Popović,GK,DAC 1904,Slovakia,10.44
Giorgi Mamardashvili,GK,Liverpool FC,PL,10.34
Jindřich Staněk,GK,SK Slavia Praha,Czech,9.16
Jonas Urbig,GK,FC Bayern München,Bund,9.11
Vítězslav Jaroš,GK,AFC Ajax,Ered,8.63
Marco Bizot,GK,Aston Villa,PL,8.54
Juan Musso,GK,Atlético Madrid,LaLiga,7.61
Jakub Markovič,GK,SK Slavia Praha,Czech,7.24
Alex Meret,GK,SSC Napoli,SerieA,7.17
Altay Bayındır,GK,Manchester United,PL,6.82
Maarten Vandevoordt,GK,RB Leipzig,Bund,6.8
Pau López,GK,Real Betis,LaLiga,6.74
Ľubomír Belko,GK,MŠK Žilina,Slovakia,6.47
Josep Martínez,GK,Inter,SerieA,5.89
Arild Østbø,GK,Viking FK,Elite,5.85
Ørjan Nyland,GK,Sevilla,LaLiga,5.82
Arnau Tenas,GK,Villarreal,LaLiga,5.75
James Trafford,GK,Manchester City,PL,5.67
Mert Günok,GK,Fenerbahçe,SuperLig,5.28
Freddie Woodman,GK,Liverpool FC,PL,5.19
Günay Güvenç,GK,Galatasaray,SuperLig,4.77
Wojciech Szczęsny,GK,FC Barcelona,LaLiga,4.7
Andriy Lunin,GK,Real Madrid,LaLiga,4.42
Kepa Arrizabalaga,GK,Arsenal,PL,4.21
Raffaele Di Gennaro,GK,Inter,SerieA,4.01
João Costa,GK,FC Porto,Portugal,3.58
Cláudio Ramos,GK,FC Porto,Portugal,3.34
João Virgínia,GK,Sporting CP,Portugal,3.3
Simon Mignolet,GK,Club Brugge KV,Belgium,3.09
Nikita Contini,GK,SSC Napoli,SerieA,2.8
Arnaud Bodart,GK,Lille,L1,2.54
João Afonso,GK,Santa Clara,Portugal,0.95
Dominik Livaković,GK,Fenerbahçe,SuperLig,0.81
Alberto Brignoli,GK,AEK Athens,Greece,0.72
Berke Özer,GK,Eyüpspor,SuperLig,0.71
Sven Ulreich,GK,FC Bayern München,Bund,0.5
Amin Ramazanov,GK,Qarabağ FK,Azerbaijan,0.3
Matúš Macík,GK,ŠK Slovan Bratislava,Slovakia,-0.15
Senne Lammens,GK,Royal Antwerp FC,Belgium,-0.49
Tarık Çetin,GK,Fenerbahçe,SuperLig,-0.72
Mathieu Gorgelin,GK,RC Lens,L1,-2.36
Devis Vásquez,GK,Beşiktaş JK,SuperLig,-2.62
Ravan Mirzammadov,GK,Sabah FK,Azerbaijan,-2.65
Ondřej Kolář,GK,SK Slavia Praha,Czech,-2.89
Nick Olij,GK,PSV Eindhoven,Ered,-3.44
Christos Tzolis,MID,Club Brugge KV,Belgium,35.62
Michael Olise,MID,FC Bayern München,Bund,34.8
Bruno Fernandes,MID,Manchester United,PL,33.18
Lamine Yamal,MID,FC Barcelona,LaLiga,32.16
Antoine Semenyo,MID,Manchester City,PL,32.06
Luis Díaz,MID,FC Bayern München,Bund,31.14
Mika Godts,MID,AFC Ajax,Ered,28.46
Vinícius Júnior,MID,Real Madrid,LaLiga,27.96
Christoph Baumgartner,MID,RB Leipzig,Bund,27.19
Mason Greenwood,MID,Olympique de Marseille,L1,26.63
Rodrigo Zalazar,MID,Sporting Braga,Portugal,26.51
Talisca,MID,Fenerbahçe,SuperLig,25.07
Yan Diomande,MID,RB Leipzig,Bund,24.97
Bruno Guimarães,MID,Newcastle United,PL,24.36
Pedro Gonçalves,MID,Sporting CP,Portugal,24.28
Enzo Fernández,MID,Chelsea,PL,24.15
Ismael Saibari,MID,PSV Eindhoven,Ered,23.66
Zlatko Tripić,MID,Viking FK,Elite,22.95
Raphinha,MID,FC Barcelona,LaLiga,22.4
Matheus Cunha,MID,Manchester United,PL,22.03
Thorgan Hazard,MID,RSC Anderlecht,Belgium,21.64
Dominik Szoboszlai,MID,Liverpool FC,PL,21.49
Joey Veerman,MID,PSV Eindhoven,Ered,20.93
Florian Thauvin,MID,RC Lens,L1,20.67
Bukayo Saka,MID,Arsenal,PL,20.66
Pablo Fornals,MID,Real Betis,LaLiga,20.61
Marco Asensio,MID,Fenerbahçe,SuperLig,20.6
Elliot Anderson,MID,Nottingham Forest,PL,20.41
Alberto Moleiro,MID,Villarreal,LaLiga,20.31
Nicolas Pépé,MID,Villarreal,LaLiga,20.14
Phil Foden,MID,Manchester City,PL,20.02
Rayan Cherki,MID,Manchester City,PL,19.98
Guus Til,MID,PSV Eindhoven,Ered,19.77
Iliman Ndiaye,MID,Everton,PL,19.69
Antony,MID,Real Betis,LaLiga,19.4
Declan Rice,MID,Arsenal,PL,19.26
Fermín López,MID,FC Barcelona,LaLiga,19.17
Dani Olmo,MID,FC Barcelona,LaLiga,18.87
Jamie Leweling,MID,VfB Stuttgart,Bund,18.83
Scott McTominay,MID,SSC Napoli,SerieA,18.5
Hakan Çalhanoğlu,MID,Inter,SerieA,18.28
Bradley Barcola,MID,Paris Saint-Germain,L1,18.15
Ryan Gravenberch,MID,Liverpool FC,PL,18.14
Sven Mijnans,MID,AZ Alkmaar,Ered,18.08
Serge Gnabry,MID,FC Bayern München,Bund,17.85
Marcus Rashford,MID,FC Barcelona,LaLiga,17.75
Anis Hadj Moussa,MID,Feyenoord,Ered,17.64
Emiliano Buendía,MID,Aston Villa,PL,17.63
Martín Zubimendi,MID,Arsenal,PL,17.59
Federico Valverde,MID,Real Madrid,LaLiga,17.54
Victor Froholdt,MID,FC Porto,Portugal,17.2
Eberechi Eze,MID,Arsenal,PL,17.16
Chris Führich,MID,VfB Stuttgart,Bund,17.12
Jérémy Doku,MID,Manchester City,PL,17.07
Jude Bellingham,MID,Real Madrid,LaLiga,16.9
Barış Alper Yılmaz,MID,Galatasaray,SuperLig,16.88
Arda Güler,MID,Real Madrid,LaLiga,16.82
Ivan Perišić,MID,PSV Eindhoven,Ered,16.69
Patrick Berg,MID,Bodø/Glimt,Elite,16.59
John McGinn,MID,Aston Villa,PL,16.51
Carlos Forbs,MID,Club Brugge KV,Belgium,16.38
Fábio Vieira,MID,Hamburger SV,Bund,16.37
Matías Fernández-Pardo,MID,Lille,L1,16.22
Florian Wirtz,MID,Liverpool FC,PL,16.19
Gjivai Zechiël,MID,FC Utrecht,Ered,16.1
Lucas Da Cunha,MID,Como,SerieA,16.05
Anthony Gordon,MID,Newcastle United,PL,16.04
Khvicha Kvaratskhelia,MID,Paris Saint-Germain,L1,15.86
Lukáš Provod,MID,SK Slavia Praha,Czech,15.73
Maghnes Akliouche,MID,AS Monaco,L1,15.5
Rafael Leão,MID,AC Milan,SerieA,15.48
Grischa Prömel,MID,TSG Hoffenheim,Bund,15.43
Veljko Simić,MID,Sabah FK,Azerbaijan,15.32
Désiré Doué,MID,Paris Saint-Germain,L1,15.13
Pedri,MID,FC Barcelona,LaLiga,15.09
Luis Milla,MID,Getafe,LaLiga,15.01
William Gomes,MID,FC Porto,Portugal,15.0
Giuliano Simeone,MID,Atlético Madrid,LaLiga,14.85
João Gomes,MID,Wolverhampton,PL,14.71
Bernardo Silva,MID,Manchester City,PL,14.61
Yunus Akgün,MID,Galatasaray,SuperLig,14.57
Mikel Merino,MID,Arsenal,PL,14.52
Nicolò Barella,MID,Inter,SerieA,14.48
Kerem Aktürkoğlu,MID,Fenerbahçe,SuperLig,14.45
Alexis Mac Allister,MID,Liverpool FC,PL,14.44
Johan Manzambi,MID,SC Freiburg,Bund,14.39
Tajon Buchanan,MID,Villarreal,LaLiga,14.36
Tijjani Reijnders,MID,Manchester City,PL,14.16
Hakon Arnar Haraldsson,MID,Lille,L1,14.11
Lennart Karl,MID,FC Bayern München,Bund,14.02
Jack Grealish,MID,Everton,PL,14.0
Mamadou Sangare,MID,RC Lens,L1,13.77
Piotr Zieliński,MID,Inter,SerieA,13.61
Lesley Ugochukwu,MID,Burnley,PL,13.59
Joshua Kimmich,MID,FC Bayern München,Bund,13.58
Pape Gueye,MID,Villarreal,LaLiga,13.52
Leon Goretzka,MID,FC Bayern München,Bund,13.51
Víctor Muñoz,MID,Osasuna,LaLiga,13.51
Morten Hjulmand,MID,Sporting CP,Portugal,13.34
Bilal El Khannouss,MID,VfB Stuttgart,Bund,13.18
Leroy Sané,MID,Galatasaray,SuperLig,13.05
Giannis Konstantelias,MID,PAOK,Greece,13.03
Amad Diallo,MID,Manchester United,PL,13.02
Martin Baturina,MID,Como,SerieA,12.93
Geny Catamo,MID,Sporting CP,Portugal,12.92
Başar Önal,MID,NEC Nijmegen,Ered,12.86
Hans Vanaken,MID,Club Brugge KV,Belgium,12.77
Jens Petter Hauge,MID,Bodø/Glimt,Elite,12.75
Aitor Ruibal,MID,Real Betis,LaLiga,12.63
Youri Tielemans,MID,Aston Villa,PL,12.6
Angelo Stiller,MID,VfB Stuttgart,Bund,12.55
Máximo Perrone,MID,Como,SerieA,12.54
Tigran Barseghyan,MID,ŠK Slovan Bratislava,Slovakia,12.54
Martin Ødegaard,MID,Arsenal,PL,12.43
Senny Mayulu,MID,Paris Saint-Germain,L1,12.4
Borja Sainz,MID,FC Porto,Portugal,12.2
Pedro Lima,MID,AVS - Futebol SAD,Portugal,12.18
Emmanuel Ayaosi,MID,MFK Karviná,Czech,12.15
Antonio Nusa,MID,RB Leipzig,Bund,12.02
Amadou Onana,MID,Aston Villa,PL,11.98
Boubacar Kamara,MID,Aston Villa,PL,11.87
Sami Ouaissa,MID,NEC Nijmegen,Ered,11.84
Noni Madueke,MID,Arsenal,PL,11.82
Ridle Baku,MID,RB Leipzig,Bund,11.79
Kervin Arriaga,MID,Levante UD,LaLiga,11.78
Félix Correia,MID,Lille,L1,11.71
Răzvan Marin,MID,AEK Athens,Greece,11.64
Prosper Obah,MID,Shakhtar Donetsk,Ukraine,11.61
Warren Zaïre-Emery,MID,Paris Saint-Germain,L1,11.58
Mason Mount,MID,Manchester United,PL,11.48
Ross Barkley,MID,Aston Villa,PL,11.4
Ulrik Saltnes,MID,Bodø/Glimt,Elite,11.4
Pepê,MID,FC Porto,Portugal,11.38
Kodai Sano,MID,NEC Nijmegen,Ered,11.33
Daniel Bragança,MID,Sporting CP,Portugal,11.33
Curtis Jones,MID,Liverpool FC,PL,11.24
Kobbie Mainoo,MID,Manchester United,PL,11.22
Frenkie de Jong,MID,FC Barcelona,LaLiga,11.13
Nikolas Nartey,MID,VfB Stuttgart,Bund,11.11
Alejandro Garnacho,MID,Chelsea,PL,10.81
Koke,MID,Atlético Madrid,LaLiga,10.78
Tom Bischof,MID,FC Bayern München,Bund,10.76
João Neves,MID,Paris Saint-Germain,L1,10.74
Assan Ouédraogo,MID,RB Leipzig,Bund,10.71
Aleksandar Stanković,MID,Club Brugge KV,Belgium,10.69
Rodri,MID,Manchester City,PL,10.67
Bryan Cristante,MID,AS Roma,SerieA,10.64
Kevin De Bruyne,MID,SSC Napoli,SerieA,10.6
Benjamin André,MID,Lille,L1,10.53
Maxence Caqueret,MID,Como,SerieA,10.53
Hugo Vetlesen,MID,Club Brugge KV,Belgium,10.53
Gabriel Martinelli,MID,Arsenal,PL,10.47
Rocco Reitz,MID,Borussia M'gladbach,Bund,10.44
Nico González,MID,Manchester City,PL,10.43
Arijon Ibrahimović,MID,1. FC Heidenheim,Bund,10.4
Felix Nmecha,MID,Borussia Dortmund,Bund,10.36
Marten de Roon,MID,Atalanta,SerieA,10.3
Manu Koné,MID,AS Roma,SerieA,10.26
Henrikh Mkhitaryan,MID,Inter,SerieA,10.15
Jamal Musiala,MID,FC Bayern München,Bund,10.11
Evann Guessand,MID,Crystal Palace,PL,10.04
Marcos Llorente,MID,Atlético Madrid,LaLiga,10.03
Vitinha,MID,Paris Saint-Germain,L1,9.97
Håkon Evjen,MID,Bodø/Glimt,Elite,9.92
Andrey Santos,MID,Chelsea,PL,9.9
Gabriel Sara,MID,Galatasaray,SuperLig,9.84
Ole Didrik Blomberg,MID,Bodø/Glimt,Elite,9.79
Aurélien Tchouaméni,MID,Real Madrid,LaLiga,9.78
Brajan Gruda,MID,RB Leipzig,Bund,9.75
Rio Ngumoha,MID,Liverpool FC,PL,9.71
Aleksandar Pavlović,MID,FC Bayern München,Bund,9.7
Thiago Almada,MID,Atlético Madrid,LaLiga,9.68
Federico Chiesa,MID,Liverpool FC,PL,9.66
Pedrinho,MID,Shakhtar Donetsk,Ukraine,9.45
Kang-in Lee,MID,Paris Saint-Germain,L1,9.39
Bruninho,MID,Karpaty Lviv,Ukraine,9.39
Chema Andrés,MID,VfB Stuttgart,Bund,9.28
Brahim Díaz,MID,Real Madrid,LaLiga,9.27
Frank Anguissa,MID,SSC Napoli,SerieA,9.27
Nicolas Seiwald,MID,RB Leipzig,Bund,9.25
Michał Skóraś,MID,KAA Gent,Belgium,9.25
Jan Virgili,MID,Mallorca,LaLiga,9.24
Lorenzo Pellegrini,MID,AS Roma,SerieA,9.24
Sem Steijn,MID,Feyenoord,Ered,9.24
Eduardo Camavinga,MID,Real Madrid,LaLiga,9.23
Joshua Kitolano,MID,Sparta Rotterdam,Ered,9.22
Lovro Majer,MID,VfL Wolfsburg,Bund,9.21
Alex Baena,MID,Atlético Madrid,LaLiga,9.19
Giovani Lo Celso,MID,Real Betis,LaLiga,9.17
Manuel Ugarte,MID,Manchester United,PL,9.16
Oskar Pietuszewski,MID,FC Porto,Portugal,9.14
Petar Sučić,MID,Inter,SerieA,9.11
Niccolò Pisilli,MID,AS Roma,SerieA,9.05
Alisson Santos,MID,SSC Napoli,SerieA,8.97
Matteo Politano,MID,SSC Napoli,SerieA,8.93
Brajan Gruda,MID,Brighton & Hove Albion,PL,8.88
Lucas Torreira,MID,Galatasaray,SuperLig,8.82
Ademola Lookman,MID,Atlético Madrid,LaLiga,8.81
Kaheem Parris,MID,Sabah FK,Azerbaijan,8.78
Freddie Potts,MID,West Ham United,PL,8.74
Joe Bell,MID,Viking FK,Elite,8.69
Nino Marcelli,MID,ŠK Slovan Bratislava,Slovakia,8.69
Carlos Baleba,MID,Brighton & Hove Albion,PL,8.62
Íker Losada,MID,Levante UD,LaLiga,8.61
David Neres,MID,SSC Napoli,SerieA,8.61
Luciano Valente,MID,Feyenoord,Ered,8.52
Couhaib Driouech,MID,PSV Eindhoven,Ered,8.4
Marc Bernal,MID,FC Barcelona,LaLiga,8.39
Henrik Bjørdal,MID,Vålerenga IF,Elite,8.38
Robert Ljubičić,MID,AEK Athens,Greece,8.35
Petros Mantalos,MID,AEK Athens,Greece,8.29
Oussama Targhalline,MID,Feyenoord,Ered,8.22
Marcel Sabitzer,MID,Borussia Dortmund,Bund,8.12
Marc Roca,MID,Real Betis,LaLiga,8.08
Alan Varela,MID,FC Porto,Portugal,7.98
Ibrahim Mbaye,MID,Paris Saint-Germain,L1,7.93
Pablo Rosario,MID,FC Porto,Portugal,7.93
Pablo Barrios,MID,Atlético Madrid,LaLiga,7.8
Alessandro Schöpf,MID,Wolfsberger AC,AutBund,7.77
Max Dowman,MID,Arsenal,PL,7.68
Rodrygo,MID,Real Madrid,LaLiga,7.63
Dilane Bakwa,MID,Nottingham Forest,PL,7.6
Leon Bailey,MID,Aston Villa,PL,7.42
Wataru Endo,MID,Liverpool FC,PL,7.33
Ethan Mbappé,MID,Lille,L1,7.31
Isaque,MID,Shakhtar Donetsk,Ukraine,7.31
Konstantinos Karetsas,MID,KRC Genk,Belgium,7.26
Carney Chukwuemeka,MID,Borussia Dortmund,Bund,7.24
Seko Fofana,MID,FC Porto,Portugal,7.23
Paul Wanner,MID,PSV Eindhoven,Ered,7.19
Nabil Bentaleb,MID,Lille,L1,7.17
Fabián Ruiz,MID,Paris Saint-Germain,L1,7.13
Mateo Kovačić,MID,Manchester City,PL,7.12
Samuele Ricci,MID,AC Milan,SerieA,7.12
Reiss Nelson,MID,Brentford,PL,7.06
Jobe Bellingham,MID,Borussia Dortmund,Bund,7.06
Atakan Karazor,MID,VfB Stuttgart,Bund,6.99
Eljif Elmas,MID,SSC Napoli,SerieA,6.93
Mattéo Guendouzi,MID,Lazio,SerieA,6.85
Andrija Bulatović,MID,RC Lens,L1,6.78
Thiago Fernández,MID,Real Oviedo,LaLiga,6.77
Ayyoub Bouaddi,MID,Lille,L1,6.73
Assane Diao,MID,Como,SerieA,6.56
Jayden Addai,MID,Como,SerieA,6.55
Jack Fletcher,MID,Manchester United,PL,6.54
İsmail Yüksek,MID,Fenerbahçe,SuperLig,6.54
Stanislav Lobotka,MID,SSC Napoli,SerieA,6.5
Ethan Nwaneri,MID,Arsenal,PL,6.42
Christian Nørgaard,MID,Arsenal,PL,6.42
Charles Vanhoutte,MID,Nice,L1,6.41
Jesse Derry,MID,Chelsea,PL,6.39
Kaan Kairinen,MID,AC Sparta Praha,Czech,6.39
Rodrigo Riquelme,MID,Real Betis,LaLiga,6.38
Rodrigo Mendoza,MID,Atlético Madrid,LaLiga,6.35
Luís Henrique,MID,Inter,SerieA,6.34
Johan Bakayoko,MID,RB Leipzig,Bund,6.33
Tyler Fletcher,MID,Manchester United,PL,6.26
Alysson,MID,Aston Villa,PL,6.26
Kristoffer Askildsen,MID,Viking FK,Elite,6.24
Luís Guilherme,MID,West Ham United,PL,6.23
Rodrigo Mora,MID,FC Porto,Portugal,6.23
Trey Nyoni,MID,Liverpool FC,PL,6.22
Harvey Elliott,MID,Aston Villa,PL,6.2
Neil El Aynaoui,MID,AS Roma,SerieA,6.2
Khayal Aliyev,MID,Sabah FK,Azerbaijan,6.17
Franco Mastantuono,MID,Real Madrid,LaLiga,6.16
Abdallah Sima,MID,RC Lens,L1,6.15
Johnny Cardoso,MID,Atlético Madrid,LaLiga,6.13
Obed Vargas,MID,Atlético Madrid,LaLiga,6.08
Marius Broholm,MID,Rosenborg BK,Elite,5.98
Finn Jeltsch,MID,VfB Stuttgart,Bund,5.92
İrfan Can Kahveci,MID,Kasımpaşa,SuperLig,5.89
Claudio Echeverri,MID,Girona FC,LaLiga,5.87
Roony Bardghji,MID,FC Barcelona,LaLiga,5.84
Isco,MID,Real Betis,LaLiga,5.75
Ilias Akhomach,MID,Rayo Vallecano,LaLiga,5.73
Noa Lang,MID,SSC Napoli,SerieA,5.73
Álvaro Fidalgo,MID,Real Betis,LaLiga,5.7
Marc Casadó,MID,FC Barcelona,LaLiga,5.53
Gabriel Veron,MID,CD Nacional,Portugal,5.47
Michal Sadílek,MID,SK Slavia Praha,Czech,5.47
Thiago Pitarch,MID,Real Madrid,LaLiga,5.46
Gavi,MID,FC Barcelona,LaLiga,5.43
Ethan Nwaneri,MID,Olympique de Marseille,L1,5.43
Angel Ortiz,MID,Real Betis,LaLiga,5.41
David Moses,MID,SK Slavia Praha,Czech,5.39
Dilane Bakwa,MID,RC Strasbourg,L1,5.26
Ademola Lookman,MID,Atalanta,SerieA,5.22
Ngal'ayel Mukau,MID,Lille,L1,5.17
Christoph Lang,MID,LASK,AutBund,5.1
Sascha Horvath,MID,LASK,AutBund,5.06
İlkay Gündoğan,MID,Galatasaray,SuperLig,5.05
Melayro Bogarde,MID,LASK,AutBund,5.01
Artem Bondarenko,MID,Shakhtar Donetsk,Ukraine,4.99
Dani Ceballos,MID,Real Madrid,LaLiga,4.98
Osame Sahraoui,MID,Lille,L1,4.95
Luís Guilherme,MID,Sporting CP,Portugal,4.85
Billy Gilmour,MID,SSC Napoli,SerieA,4.84
Sondre Auklend,MID,Bodø/Glimt,Elite,4.84
Leo Sauer,MID,Feyenoord,Ered,4.8
Giorgi Kochorashvili,MID,Sporting CP,Portugal,4.79
Nelson Deossa,MID,Real Betis,LaLiga,4.68
Mario Lemina,MID,Galatasaray,SuperLig,4.54
Marius Broholm,MID,Lille,L1,4.52
Jerdy Schouten,MID,PSV Eindhoven,Ered,4.51
João Simões,MID,Sporting CP,Portugal,4.51
Andy Diouf,MID,Inter,SerieA,4.48
Alisson Santos,MID,Sporting CP,Portugal,4.48
Daniel Yáñez,MID,Real Madrid,LaLiga,4.45
Arthur Vermeeren,MID,Olympique de Marseille,L1,4.42
Félix Lemaréchal,MID,RC Strasbourg,L1,4.39
N'Golo Kanté,MID,Fenerbahçe,SuperLig,4.38
Dro Fernández,MID,Paris Saint-Germain,L1,4.36
David Douděra,MID,SK Slavia Praha,Czech,4.3
Ayoni Santos,MID,Sparta Rotterdam,Ered,4.28
Gaëtan Perrin,MID,Lille,L1,4.18
Amadou Haidara,MID,RC Lens,L1,4.13
Soriba Diaoune,MID,Lille,L1,4.12
Bara Sapoko Ndiaye,MID,FC Bayern München,Bund,3.98
Carlos Maciá,MID,Villarreal,LaLiga,3.97
Ruben Alte,MID,Viking FK,Elite,3.96
Mubarak Suleiman,MID,SK Slavia Praha,Czech,3.9
Jesper Lindstrøm,MID,VfL Wolfsburg,Bund,3.89
Toumani Diakite,MID,FC Slovan Liberec,Czech,3.8
Seko Fofana,MID,Stade Rennais,L1,3.78
Jorge Cestero,MID,Real Madrid,LaLiga,3.72
Dro Fernández,MID,FC Barcelona,LaLiga,3.7
Nuno Santos,MID,Sporting CP,Portugal,3.67
Claudio Echeverri,MID,Bayer 04 Leverkusen,Bund,3.6
Ruben van Bommel,MID,PSV Eindhoven,Ered,3.55
Andrija Maksimović,MID,RB Leipzig,Bund,3.54
Umarali Rakhmonaliev,MID,Sabah FK,Azerbaijan,3.53
Stephen Eustaquio,MID,FC Porto,Portugal,3.51
Raphael Onyedika,MID,Club Brugge KV,Belgium,3.5
Lazar Jovanović,MID,VfB Stuttgart,Bund,3.49
Maycon Cardozo,MID,FC Bayern München,Bund,3.47
Pavel Kačor,MID,MFK Karviná,Czech,3.46
Wisdom Mike,MID,FC Bayern München,Bund,3.41
Davide Frattesi,MID,Inter,SerieA,3.34
Maurits Kjaergaard,MID,Red Bull Salzburg,AutBund,3.21
Bernardo Lima,MID,FC Porto,Portugal,3.19
Souleymane Faye,MID,Sporting CP,Portugal,3.19
Tiago Silva,MID,FC Porto,Portugal,3.17
Kerem Aktürkoğlu,MID,Benfica,Portugal,3.11
Dimitrios Kaloskamis,MID,AEK Athens,Greece,3.09
Rodrigo Rodrigues,MID,Gil Vicente,Portugal,3.07
Flávio Gonçalves,MID,Sporting CP,Portugal,3.0
Ivan Schranz,MID,SK Slavia Praha,Czech,2.97
André Miranda,MID,FC Porto,Portugal,2.96
Magnus Riisnæs,MID,Bodø/Glimt,Elite,2.91
Noah Edjouma,MID,Lille,L1,2.81
Mattéo Guendouzi,MID,Fenerbahçe,SuperLig,2.71
Andy Diouf,MID,RC Lens,L1,2.69
Gonçalo Borges,MID,Feyenoord,Ered,2.46
Leon Bailey,MID,AS Roma,SerieA,2.45
Pablo Rosario,MID,Nice,L1,2.39
Erawan Garnier,MID,RC Lens,L1,2.32
Bartuğ Elmaz,MID,Fatih Karagümrük,SuperLig,2.24
Jakub Moder,MID,Feyenoord,Ered,2.08
Cisse Sandra,MID,Club Brugge KV,Belgium,1.9
Charles Vanhoutte,MID,Royale Union Saint-Gilloise,Belgium,1.82
Noa Lang,MID,Galatasaray,SuperLig,1.76
Alisson Santana,MID,Shakhtar Donetsk,Ukraine,1.59
Mijat Gaćinović,MID,AEK Athens,Greece,1.44
Rauf Rustamli,MID,FK Karvan Yevlax,Azerbaijan,1.4
Lucas Ferreira,MID,Shakhtar Donetsk,Ukraine,1.39
Rahim Ibrahim,MID,ŠK Slovan Bratislava,Slovakia,1.38
Artur Gajdoš,MID,ŠK Slovan Bratislava,Slovakia,1.3
Youssoupha Sanyang,MID,SK Slavia Praha,Czech,1.3
Krystof Daněk,MID,LASK,AutBund,1.26
Oğuz Aydın,MID,Fenerbahçe,SuperLig,1.23
Noah Fernandez,MID,PSV Eindhoven,Ered,1.02
Daniel Bassi,MID,Bodø/Glimt,Elite,0.92
Lynnt Audoor,MID,Club Brugge KV,Belgium,0.72
Ivan Lepinjica,MID,Sabah FK,Azerbaijan,0.54
Isaac Babadi,MID,Royal Antwerp FC,Belgium,0.39
Aymen Sliti,MID,Feyenoord,Ered,0.35
Milan Robberechts,MID,Patro Eisden Maasmechelen,Belgium,0.25
Mohamed Koné,MID,RC Sporting Charleroi,Belgium,0.23
Thijs Kraaijeveld,MID,Feyenoord,Ered,0.18
Marlon Gomes,MID,Shakhtar Donetsk,Ukraine,0.17
Tobias van den Elshout,MID,Feyenoord,Ered,0.07
Ahmed Kutucu,MID,Galatasaray,SuperLig,-0.03
Yehor Nazaryna,MID,Shakhtar Donetsk,Ukraine,-0.19
Alen Mustafić,MID,KFC Komárno,Slovakia,-0.22
Peter Pokorný,MID,ŠK Slovan Bratislava,Slovakia,-0.33
Dmytro Kryskiv,MID,Shakhtar Donetsk,Ukraine,-0.42
Félix Lemaréchal,MID,Club Brugge KV,Belgium,-0.42
James McConnell,MID,AFC Ajax,Ered,-0.57
Ludovit Reis,MID,Club Brugge KV,Belgium,-0.61
Gaoussou Diarra,MID,Feyenoord,Ered,-0.96
Jivayno Zinhagel,MID,Feyenoord,Ered,-1.26
Mathis Albert,MID,Borussia Dortmund,Bund,-1.39
August Mikkelsen,MID,Tromsø IL,Elite,-1.49
Viktor Tsukanov,MID,Shakhtar Donetsk,Ukraine,-1.65
Mamadou Sangare,MID,SK Rapid Wien,AutBund,-2.1
Rodrigo Fernandes,MID,Şamaxı FK,Azerbaijan,-2.75
Florian Flecker,MID,LASK,AutBund,-2.98
Art Smakaj,MID,LASK,AutBund,-3.46
Daiki Matsuoka,MID,ŠK Slovan Bratislava,Slovakia,-3.69
Can Armando Güner,MID,Galatasaray,SuperLig,-5.66
