Name,Position,Team,League,PredictedUCLFantasyPts_Lagged
Federico Dimarco,DEF,Inter,SerieA,26.72
Alejandro Grimaldo,DEF,Bayer 04 Leverkusen,Bund,21.78
Nico O'Reilly,DEF,Manchester City,PL,18.68
Julian Ryerson,DEF,Borussia Dortmund,Bund,18.63
Carlos Romero,DEF,Espanyol,LaLiga,18.56
Marc Guéhi,DEF,Manchester City,PL,18.29
Jurriën Timber,DEF,Arsenal,PL,18.27
Virgil van Dijk,DEF,Liverpool FC,PL,18.11
David Raum,DEF,RB Leipzig,Bund,17.73
Konrad Laimer,DEF,FC Bayern München,Bund,17.65
Nico Schlotterbeck,DEF,Borussia Dortmund,Bund,17.51
Maximilian Mittelstädt,DEF,VfB Stuttgart,Bund,17.5
Ramy Bensebaini,DEF,Borussia Dortmund,Bund,17.03
Matheus Nunes,DEF,Manchester City,PL,16.78
Matty Cash,DEF,Aston Villa,PL,16.4
Patrick Dorgu,DEF,Manchester United,PL,16.27
Brandon Mechele,DEF,Club Brugge KV,Belgium,16.27
Gianluca Mancini,DEF,AS Roma,SerieA,16.19
Nathaniel Brown,DEF,Eintracht Frankfurt,Bund,16.17
Štěpán Chaloupek,DEF,SK Slavia Praha,Czech,16.1
Fredrik Sjøvold,DEF,Bodø/Glimt,Elite,16.03
Nuno Mendes,DEF,Paris Saint-Germain,L1,15.95
Matthieu Udol,DEF,RC Lens,L1,15.86
Gonçalo Inácio,DEF,Sporting CP,Portugal,15.82
Jordan Bos,DEF,Feyenoord,Ered,15.78
Alberto Costa,DEF,FC Porto,Portugal,15.77
Cristian Romero,DEF,Tottenham Hotspur,PL,15.5
Álvaro Carreras,DEF,Real Madrid,LaLiga,15.19
Marc Cucurella,DEF,Chelsea,PL,15.17
Trevoh Chalobah,DEF,Chelsea,PL,15.01
Kasper Jørgensen,DEF,LASK,AutBund,14.97
William Saliba,DEF,Arsenal,PL,14.88
Jan Bednarek,DEF,FC Porto,Portugal,14.88
Waldemar Anton,DEF,Borussia Dortmund,Bund,14.85
Rúben Dias,DEF,Manchester City,PL,14.76
Lazaros Rota,DEF,AEK Athens,Greece,14.53
Lucas Digne,DEF,Aston Villa,PL,14.32
Romain Perraud,DEF,Lille,L1,14.3
Manuel Akanji,DEF,Inter,SerieA,14.28
Evan Ndicka,DEF,AS Roma,SerieA,14.26
Eric García,DEF,FC Barcelona,LaLiga,14.17
Mario Hermoso,DEF,AS Roma,SerieA,14.13
Jacobo Ramón,DEF,Como,SerieA,14.12
Joško Gvardiol,DEF,Manchester City,PL,14.11
Daniel Svensson,DEF,Borussia Dortmund,Bund,14.09
Yann Bisseck,DEF,Inter,SerieA,14.01
Alessandro Bastoni,DEF,Inter,SerieA,13.94
Dean Huijsen,DEF,Real Madrid,LaLiga,13.91
Diogo Dalot,DEF,Manchester United,PL,13.86
Álex Valle,DEF,Como,SerieA,13.85
Mauro Júnior,DEF,PSV Eindhoven,Ered,13.66
Willi Orbán,DEF,RB Leipzig,Bund,13.63
Jules Koundé,DEF,FC Barcelona,LaLiga,13.5
Josip Stanišić,DEF,FC Bayern München,Bund,13.43
Sergi Cardona,DEF,Villarreal,LaLiga,13.33
Ibrahima Konaté,DEF,Liverpool FC,PL,13.31
Giovanni Di Lorenzo,DEF,SSC Napoli,SerieA,13.29
Konstantinos Koulierakis,DEF,VfL Wolfsburg,Bund,13.25
Amir Rrahmani,DEF,SSC Napoli,SerieA,13.25
Jakub Kiwior,DEF,FC Porto,Portugal,13.25
Ismaelo Ganiou,DEF,RC Lens,L1,13.17
Harry Maguire,DEF,Manchester United,PL,13.15
Nahuel Molina,DEF,Atlético Madrid,LaLiga,13.15
Piero Hincapié,DEF,Arsenal,PL,13.12
Eduardo Quaresma,DEF,Sporting CP,Portugal,13.06
Jonathan Tah,DEF,FC Bayern München,Bund,13.0
Pau Cubarsí,DEF,FC Barcelona,LaLiga,12.99
Santiago Mouriño,DEF,Villarreal,LaLiga,12.99
Riccardo Calafiori,DEF,Arsenal,PL,12.97
Lucas Beraldo,DEF,Paris Saint-Germain,L1,12.97
João Cancelo,DEF,FC Barcelona,LaLiga,12.96
Saud Abdulhamid,DEF,RC Lens,L1,12.94
Samson Baidoo,DEF,RC Lens,L1,12.89
Leonardo Spinazzola,DEF,SSC Napoli,SerieA,12.88
Miloš Kerkez,DEF,Liverpool FC,PL,12.82
Luke Shaw,DEF,Manchester United,PL,12.81
Héctor Bellerín,DEF,Real Betis,LaLiga,12.8
Oleksandr Karavaiev,DEF,Dynamo Kyiv,Ukraine,12.79
Harold Moukoudi,DEF,AEK Athens,Greece,12.78
Tomáš Holeš,DEF,SK Slavia Praha,Czech,12.65
Éder Militão,DEF,Real Madrid,LaLiga,12.58
Joaquin Seys,DEF,Club Brugge KV,Belgium,12.53
Yan Couto,DEF,Borussia Dortmund,Bund,12.52
Tymoteusz Puchacz,DEF,Sabah FK,Azerbaijan,12.48
Nathan Ngoy,DEF,Lille,L1,12.45
Raúl Asencio,DEF,Real Madrid,LaLiga,12.39
Devyne Rensch,DEF,AS Roma,SerieA,12.37
César Blackman,DEF,ŠK Slovan Bratislava,Slovakia,12.35
Achraf Hakimi,DEF,Paris Saint-Germain,L1,12.34
Francisco Moura,DEF,FC Porto,Portugal,12.28
Lucas Hernández,DEF,Paris Saint-Germain,L1,12.25
Ibrahima Ba,DEF,Famalicão,Portugal,12.2
Rayan Aït-Nouri,DEF,Manchester City,PL,12.16
Ezri Konsa,DEF,Aston Villa,PL,12.14
Denzel Dumfries,DEF,Inter,SerieA,12.14
Archie Brown,DEF,Fenerbahçe,SuperLig,12.08
Filipe Relvas,DEF,AEK Athens,Greece,12.08
Ronald Araújo,DEF,FC Barcelona,LaLiga,12.05
Josha Vagnoman,DEF,VfB Stuttgart,Bund,12.04
David Jurásek,DEF,SK Slavia Praha,Czech,12.04
Emre Can,DEF,Borussia Dortmund,Bund,11.99
Dávid Hancko,DEF,Atlético Madrid,LaLiga,11.99
Castello Lukeba,DEF,RB Leipzig,Bund,11.98
Ruben Aguilar,DEF,RC Lens,L1,11.95
Yarek Gasiorowski,DEF,PSV Eindhoven,Ered,11.94
Djed Spence,DEF,Tottenham Hotspur,PL,11.84
Benjamin Pavard,DEF,Olympique de Marseille,L1,11.84
Ramon Hendriks,DEF,VfB Stuttgart,Bund,11.83
Robin Le Normand,DEF,Atlético Madrid,LaLiga,11.83
Marc Pubill,DEF,Atlético Madrid,LaLiga,11.82
Mats Deijl,DEF,Feyenoord,Ered,11.79
Vitor Reis,DEF,Girona FC,LaLiga,11.71
Dayot Upamecano,DEF,FC Bayern München,Bund,11.7
Kyriani Sabbe,DEF,Club Brugge KV,Belgium,11.67
Matteo Ruggeri,DEF,Atlético Madrid,LaLiga,11.66
Sergiño Dest,DEF,PSV Eindhoven,Ered,11.62
Sergi Altimira,DEF,Real Betis,LaLiga,11.6
Aaron Wan-Bissaka,DEF,West Ham United,PL,11.56
Marc Bartra,DEF,Real Betis,LaLiga,11.52
Filip Kostić,DEF,Juventus,SerieA,11.45
Martim Fernandes,DEF,FC Porto,Portugal,11.42
Roland Sallai,DEF,Galatasaray,SuperLig,11.41
Milan Škriniar,DEF,Fenerbahçe,SuperLig,11.38
Abdukodir Khusanov,DEF,Manchester City,PL,11.37
Ricardo Mangas,DEF,Sporting CP,Portugal,11.37
Héctor Fort,DEF,Elche,LaLiga,11.35
José María Giménez,DEF,Atlético Madrid,LaLiga,11.24
Lisandro Martínez,DEF,Manchester United,PL,11.23
Gerard Martín,DEF,FC Barcelona,LaLiga,11.23
Martin Ove Roseth,DEF,Viking FK,Elite,11.21
Jeff Chabot,DEF,VfB Stuttgart,Bund,11.19
Matthijs de Ligt,DEF,Manchester United,PL,11.18
Ben White,DEF,Arsenal,PL,11.18
Trent Alexander-Arnold,DEF,Real Madrid,LaLiga,11.12
Carlos Augusto,DEF,Inter,SerieA,11.1
Joel Ordóñez,DEF,Club Brugge KV,Belgium,11.09
Alphonso Davies,DEF,FC Bayern München,Bund,11.08
Ayden Heaven,DEF,Manchester United,PL,11.06
Rafa Marín,DEF,Villarreal,LaLiga,11.03
George Bello,DEF,LASK,AutBund,11.02
Pau Torres,DEF,Aston Villa,PL,11.0
Miguel Gutiérrez,DEF,SSC Napoli,SerieA,11.0
Sam Beukema,DEF,SSC Napoli,SerieA,11.0
Antonio Rüdiger,DEF,Real Madrid,LaLiga,10.97
Eren Elmalı,DEF,Galatasaray,SuperLig,10.96
Nélson Semedo,DEF,Fenerbahçe,SuperLig,10.88
Zeno Debast,DEF,Sporting CP,Portugal,10.87
Alessandro Buongiorno,DEF,SSC Napoli,SerieA,10.85
Ian Maatsen,DEF,Aston Villa,PL,10.84
Joe Gomez,DEF,Liverpool FC,PL,10.8
Zaidu Sanusi,DEF,FC Porto,Portugal,10.79
Lutsharel Geertruida,DEF,Sunderland,PL,10.78
Diego Llorente,DEF,Real Betis,LaLiga,10.75
Valentín Gómez,DEF,Real Betis,LaLiga,10.73
Ousmane Diomande,DEF,Sporting CP,Portugal,10.73
Conor Bradley,DEF,Liverpool FC,PL,10.72
Natan,DEF,Real Betis,LaLiga,10.71
Henrik Heggheim,DEF,Viking FK,Elite,10.67
Steve Solvet,DEF,Sabah FK,Azerbaijan,10.64
Tsuyoshi Watanabe,DEF,Feyenoord,Ered,10.61
Kristoffer Haugen,DEF,Viking FK,Elite,10.61
Cristhian Mosquera,DEF,Arsenal,PL,10.6
Noussair Mazraoui,DEF,Manchester United,PL,10.57
Nathan Aké,DEF,Manchester City,PL,10.57
Alejandro Balde,DEF,FC Barcelona,LaLiga,10.56
Nehuén Pérez,DEF,FC Porto,Portugal,10.53
Jean-Clair Todibo,DEF,West Ham United,PL,10.52
Hiroki Itō,DEF,FC Bayern München,Bund,10.52
Jeremie Frimpong,DEF,Liverpool FC,PL,10.51
Willian Pacho,DEF,Paris Saint-Germain,L1,10.48
Fran García,DEF,Real Madrid,LaLiga,10.47
Kojo Peprah Oppong,DEF,Nice,L1,10.45
Victor Lindelöf,DEF,Aston Villa,PL,10.43
Andrés Andrade,DEF,LASK,AutBund,10.42
Tyrone Mings,DEF,Aston Villa,PL,10.38
Ryan Flamingo,DEF,PSV Eindhoven,Ered,10.34
Kiliann Sildillia,DEF,PSV Eindhoven,Ered,10.3
Davinson Sánchez,DEF,Galatasaray,SuperLig,10.27
Ivan Smolčić,DEF,Como,SerieA,10.24
Myles Lewis-Skelly,DEF,Arsenal,PL,10.16
Rico Lewis,DEF,Manchester City,PL,10.16
Maxime Estève,DEF,Burnley,PL,10.15
Marquinhos,DEF,Paris Saint-Germain,L1,10.14
Iván Fresneda,DEF,Sporting CP,Portugal,10.13
Leny Yoro,DEF,Manchester United,PL,10.09
Sandro Cruz,DEF,ŠK Slovan Bratislava,Slovakia,10.07
Luca Reggiani,DEF,Borussia Dortmund,Bund,10.05
David Zima,DEF,SK Slavia Praha,Czech,10.04
Renato Veiga,DEF,Villarreal,LaLiga,10.01
Lamare Bogarde,DEF,Aston Villa,PL,9.96
Juan Foyth,DEF,Villarreal,LaLiga,9.94
Abdülkerim Bardakcı,DEF,Galatasaray,SuperLig,9.93
Max Finkgräfe,DEF,RB Leipzig,Bund,9.92
Javi López,DEF,Real Oviedo,LaLiga,9.92
Ange N'Guessan,DEF,FC Slovan Liberec,Czech,9.86
Mert Müldür,DEF,Fenerbahçe,SuperLig,9.83
Haitam Aleesami,DEF,Bodø/Glimt,Elite,9.83
Pau Navarro,DEF,Villarreal,LaLiga,9.79
Stavros Pilios,DEF,AEK Athens,Greece,9.74
Leonardo Balerdi,DEF,Olympique de Marseille,L1,9.71
Luca Jaquez,DEF,VfB Stuttgart,Bund,9.68
Benoît Badiashile,DEF,Chelsea,PL,9.66
Jérémy Jacquet,DEF,Stade Rennais,L1,9.66
Jayden Oosterwolde,DEF,Fenerbahçe,SuperLig,9.64
John Stones,DEF,Manchester City,PL,9.52
Wilfried Singo,DEF,Galatasaray,SuperLig,9.48
Pedro Henrique,DEF,Shakhtar Donetsk,Ukraine,9.44
Giorgi Gocholeishvili,DEF,Hamburger SV,Bund,9.37
Ignace Van der Brempt,DEF,Como,SerieA,9.33
Daniele Ghilardi,DEF,AS Roma,SerieA,9.32
Lukas Klostermann,DEF,RB Leipzig,Bund,9.3
Benjamin Henrichs,DEF,RB Leipzig,Bund,9.26
Alberto Dossena,DEF,Cagliari,SerieA,9.26
Daniel Elfadli,DEF,Hamburger SV,Bund,9.23
Lorenz Assignon,DEF,VfB Stuttgart,Bund,9.23
Svetozar Marković,DEF,ŠK Slovan Bratislava,Slovakia,9.23
Souza,DEF,Tottenham Hotspur,PL,9.19
Bjorn Meijer,DEF,Club Brugge KV,Belgium,9.14
Givairo Read,DEF,Feyenoord,Ered,9.13
Benjamin Pavard,DEF,Inter,SerieA,9.06
Kyllian Antonio,DEF,RC Lens,L1,9.04
Xavier Mbuyamba,DEF,LASK,AutBund,9.03
Junior Firpo,DEF,Real Betis,LaLiga,9.02
El Chadaille Bitshiabu,DEF,RB Leipzig,Bund,8.98
Tomáš Vlček,DEF,SK Slavia Praha,Czech,8.97
Charalampos Lykogiannis,DEF,Bologna,SerieA,8.91
Mathías Olivera,DEF,SSC Napoli,SerieA,8.88
Luca Marianucci,DEF,Torino,SerieA,8.86
Andreas Christensen,DEF,FC Barcelona,LaLiga,8.83
Domagoj Vida,DEF,AEK Athens,Greece,8.82
Anel Ahmedhodžić,DEF,Feyenoord,Ered,8.79
Kenan Bajrić,DEF,ŠK Slovan Bratislava,Slovakia,8.78
Jostein Gundersen,DEF,Bodø/Glimt,Elite,8.77
Levent Mercan,DEF,Fenerbahçe,SuperLig,8.74
Logan Costa,DEF,Villarreal,LaLiga,8.65
Tanguy Nianzou,DEF,Sevilla,LaLiga,8.63
Arnau Solà,DEF,FC Arouca,Portugal,8.63
Almugera Kabar,DEF,Borussia Dortmund,Bund,8.6
Sahmkou Camara,DEF,MFK Karviná,Czech,8.55
Hugo Siquet,DEF,Club Brugge KV,Belgium,8.55
Sacha Boey,DEF,FC Bayern München,Bund,8.54
Jonathan Gradit,DEF,RC Lens,L1,8.51
Jan Ziółkowski,DEF,AS Roma,SerieA,8.51
Piero Hincapié,DEF,Bayer 04 Leverkusen,Bund,8.48
Calvin Verdonk,DEF,Lille,L1,8.48
Angeliño,DEF,AS Roma,SerieA,8.46
Gijs Smal,DEF,Feyenoord,Ered,8.46
Leonidas Stergiou,DEF,1. FC Heidenheim,Bund,8.44
Armando Obispo,DEF,PSV Eindhoven,Ered,8.44
Nidal Čelik,DEF,RC Lens,L1,8.43
Ameen Al-Dakhil,DEF,VfB Stuttgart,Bund,8.42
Pasquale Mazzocchi,DEF,SSC Napoli,SerieA,8.39
Vinícius Tobias,DEF,Shakhtar Donetsk,Ukraine,8.38
Ferland Mendy,DEF,Real Madrid,LaLiga,8.36
Edoardo Goldaniga,DEF,Como,SerieA,8.34
Willy Kambwala,DEF,Villarreal,LaLiga,8.3
Kosta Nedeljković,DEF,RB Leipzig,Bund,8.28
Jorne Spileers,DEF,Club Brugge KV,Belgium,8.27
Dominik Prpić,DEF,FC Porto,Portugal,8.25
Xavi Espart,DEF,FC Barcelona,LaLiga,8.21
Tiago Santos,DEF,Lille,L1,8.2
Dani Martinez,DEF,Atlético Madrid,LaLiga,8.19
Calvin Verdonk,DEF,NEC Nijmegen,Ered,8.13
Igoh Ogbu,DEF,SK Slavia Praha,Czech,8.04
Kostas Tsimikas,DEF,AS Roma,SerieA,7.98
Ismail Jakobs,DEF,Galatasaray,SuperLig,7.88
Filippo Mané,DEF,Borussia Dortmund,Bund,7.85
Daiki Hashioka,DEF,KAA Gent,Belgium,7.8
Kaan Ayhan,DEF,Galatasaray,SuperLig,7.78
Çağlar Söyüncü,DEF,Fenerbahçe,SuperLig,7.69
Adamo Nagalo,DEF,Konyaspor,SuperLig,7.66
Mikuláš Konečný,DEF,FK Pardubice,Czech,7.64
Bart Nieuwkoop,DEF,Feyenoord,Ered,7.63
Sacha Boey,DEF,Galatasaray,SuperLig,7.63
Martin Georgiev,DEF,AEK Athens,Greece,7.55
Kevin Wimmer,DEF,ŠK Slovan Bratislava,Slovakia,7.52
Xavier Mbuyamba,DEF,FC Volendam,Ered,7.5
Svetozar Marković,DEF,FC Viktoria Plzeň,Czech,7.46
Anass Salah-Eddine,DEF,PSV Eindhoven,Ered,7.44
Akim Zedadka,DEF,Sabah FK,Azerbaijan,7.4
David Jurásek,DEF,Beşiktaş JK,SuperLig,7.36
Vetle Auklend,DEF,Viking FK,Elite,7.32
Yvan Dibango,DEF,FC Kryvbas Kryvyi Rih,Ukraine,7.3
Rahman Dashdamirov,DEF,Sabah FK,Azerbaijan,7.28
Alaa Ghram,DEF,Shakhtar Donetsk,Ukraine,7.27
Ousmane Touré,DEF,Lille,L1,7.21
Villads Nielsen,DEF,Bodø/Glimt,Elite,7.13
Yiğit Efe Demir,DEF,Fenerbahçe,SuperLig,7.08
Gianni Stensness,DEF,Viking FK,Elite,7.06
Elias Pitak,DEF,SK Slavia Praha,Czech,7.01
Jordan Lotomba,DEF,Feyenoord,Ered,6.93
Daiki Hashioka,DEF,SK Slavia Praha,Czech,6.78
Moncef Zekri,DEF,KV Mechelen,Belgium,6.78
Metehan Baltacı,DEF,Galatasaray,SuperLig,6.71
Dominik Javorček,DEF,SK Slavia Praha,Czech,6.64
Youssoupha Mbodji,DEF,SK Slavia Praha,Czech,6.62
Fabian Merién,DEF,PSV Eindhoven,Ered,6.58
Viljar Vevatne,DEF,Viking FK,Elite,6.5
Joane Gadou,DEF,Red Bull Salzburg,AutBund,6.45
Joel Van Den Berg,DEF,PSV Eindhoven,Ered,6.37
Tellur Mutallimov,DEF,Sabah FK,Azerbaijan,6.16
Vince Osuji,DEF,Club Brugge KV,Belgium,6.14
Giorgi Gocholeishvili,DEF,Shakhtar Donetsk,Ukraine,6.07
Diego Arroyo,DEF,Shakhtar Donetsk,Ukraine,5.95
Cheikne Kebe,DEF,LASK,AutBund,5.35
Harry Kane,FWD,FC Bayern München,Bund,34.9
Erling Haaland,FWD,Manchester City,PL,33.77
Kylian Mbappé,FWD,Real Madrid,LaLiga,30.46
Vedat Muriqi,FWD,Mallorca,LaLiga,25.6
Ayase Ueda,FWD,Feyenoord,Ered,23.18
Serhou Guirassy,FWD,Borussia Dortmund,Bund,22.83
Deniz Undav,FWD,VfB Stuttgart,Bund,20.77
Ollie Watkins,FWD,Aston Villa,PL,20.38
Viktor Gyökeres,FWD,Arsenal,PL,20.27
Ferran Torres,FWD,FC Barcelona,LaLiga,18.33
Luka Jović,FWD,AEK Athens,Greece,18.28
Tomáš Chorý,FWD,SK Slavia Praha,Czech,18.08
Rasmus Højlund,FWD,SSC Napoli,SerieA,17.7
Cucho Hernández,FWD,Real Betis,LaLiga,17.5
Nicolò Tresoldi,FWD,Club Brugge KV,Belgium,17.11
Victor Osimhen,FWD,Galatasaray,SuperLig,17.05
Cody Gakpo,FWD,Liverpool FC,PL,15.85
Hugo Ekitiké,FWD,Liverpool FC,PL,15.84
Ermedin Demirović,FWD,VfB Stuttgart,Bund,15.84
Lautaro Martínez,FWD,Inter,SerieA,15.7
Ricardo Pepi,FWD,PSV Eindhoven,Ered,15.52
Benjamin Šeško,FWD,Manchester United,PL,15.41
Donyell Malen,FWD,AS Roma,SerieA,15.32
Peter Christiansen,FWD,Viking FK,Elite,14.9
Mojmír Chytil,FWD,SK Slavia Praha,Czech,14.42
Alexander Sørloth,FWD,Atlético Madrid,LaLiga,14.33
André Silva,FWD,Elche,LaLiga,13.84
Troy Parrott,FWD,AZ Alkmaar,Ered,13.84
Bryan Mbeumo,FWD,Manchester United,PL,13.82
Georges Mikautadze,FWD,Villarreal,LaLiga,13.81
Nacho Ferri,FWD,KVC Westerlo,Belgium,13.28
Mohamed Bayo,FWD,Gaziantep FK,SuperLig,12.9
Carlos Espí,FWD,Levante UD,LaLiga,12.87
Marcus Thuram,FWD,Inter,SerieA,12.65
Odsonne Édouard,FWD,RC Lens,L1,12.38
Gerard Moreno,FWD,Villarreal,LaLiga,12.15
Moise Kean,FWD,Fiorentina,SerieA,11.58
Dženan Pejčinović,FWD,VfL Wolfsburg,Bund,11.4
Nicolas Jackson,FWD,FC Bayern München,Bund,11.36
Maximilian Beier,FWD,Borussia Dortmund,Bund,11.07
Julián Alvarez,FWD,Atlético Madrid,LaLiga,10.82
Moses Usor,FWD,LASK,AutBund,10.81
Dorgeles Nene,FWD,Fenerbahçe,SuperLig,10.7
Ousmane Dembélé,FWD,Paris Saint-Germain,L1,10.64
Santiago Castro,FWD,Bologna,SerieA,10.62
Pio Esposito,FWD,Inter,SerieA,10.5
Samu,FWD,Vitória SC,Portugal,10.05
Barnabás Varga,FWD,AEK Athens,Greece,9.99
Tammy Abraham,FWD,Beşiktaş JK,SuperLig,9.83
Christopher Nkunku,FWD,AC Milan,SerieA,9.72
Olivier Giroud,FWD,Lille,L1,9.62
Aboubakary Koita,FWD,AEK Athens,Greece,9.48
Karim Adeyemi,FWD,Borussia Dortmund,Bund,9.43
Donyell Malen,FWD,Aston Villa,PL,9.19
Gleiker Mendoza,FWD,FC Kryvbas Kryvyi Rih,Ukraine,9.03
Deniz Gül,FWD,FC Porto,Portugal,8.69
Franjo Ivanović,FWD,Benfica,Portugal,8.62
Andraž Šporar,FWD,ŠK Slovan Bratislava,Slovakia,8.58
Gabriel Jesus,FWD,Arsenal,PL,8.54
Matías Soulé,FWD,AS Roma,SerieA,8.49
Jonathan David,FWD,Juventus,SerieA,8.44
Romeo Vermant,FWD,Club Brugge KV,Belgium,8.36
Alexander Isak,FWD,Liverpool FC,PL,8.33
Omar Marmoush,FWD,Manchester City,PL,8.0
Samuel Adeniran,FWD,LASK,AutBund,7.83
Tammy Abraham,FWD,Aston Villa,PL,7.78
Tiago Tomás,FWD,VfB Stuttgart,Bund,7.76
Ayoze Pérez,FWD,Villarreal,LaLiga,7.56
Joshua Zirkzee,FWD,Manchester United,PL,7.51
Endrick,FWD,Olympique Lyonnais,L1,7.47
Hamza Igamane,FWD,Lille,L1,7.42
Rayan Fofana,FWD,RC Lens,L1,7.38
Kai Havertz,FWD,Arsenal,PL,7.35
Lorenzo Lucca,FWD,Nottingham Forest,PL,7.14
Remy Labeau Lascary,FWD,Stade Brestois,L1,7.13
Roman Čerepkai,FWD,FC Košice,Slovakia,7.04
Giovane,FWD,SSC Napoli,SerieA,7.01
Ange-Yoan Bonny,FWD,Inter,SerieA,6.9
Sam Lammers,FWD,FC Twente,Ered,6.88
Eguinaldo,FWD,Shakhtar Donetsk,Ukraine,6.84
Jovan Milošević,FWD,SV Werder Bremen,Bund,6.73
Lassina Traoré,FWD,Shakhtar Donetsk,Ukraine,6.67
Andreas Helmersen,FWD,Bodø/Glimt,Elite,6.56
Georges Mikautadze,FWD,Olympique Lyonnais,L1,6.53
Fotis Ioannidis,FWD,Sporting CP,Portugal,6.47
João Mário,FWD,AEK Athens,Greece,6.4
Paulo Dybala,FWD,AS Roma,SerieA,6.38
Odsonne Édouard,FWD,Crystal Palace,PL,6.34
Conrad Harder,FWD,RB Leipzig,Bund,6.31
Saša Kalajdžić,FWD,Wolverhampton,PL,6.25
Danijel Šturm,FWD,SK Sigma Olomouc,Czech,6.22
Marc Guiu,FWD,Chelsea,PL,6.12
Bryan Zaragoza,FWD,Celta Vigo,LaLiga,6.11
Dennis Man,FWD,PSV Eindhoven,Ered,6.08
Artem Dovbyk,FWD,AS Roma,SerieA,6.03
Luca Meirelles,FWD,Shakhtar Donetsk,Ukraine,5.96
Kauã Elias,FWD,Shakhtar Donetsk,Ukraine,5.85
Rafael Nel,FWD,Sporting CP,Portugal,5.83
Tani Oluwaseyi,FWD,Villarreal,LaLiga,5.79
Esmir Bajraktarević,FWD,PSV Eindhoven,Ered,5.73
Veton Berisha,FWD,Viking FK,Elite,5.64
Adonija Ouanda,FWD,1. FC Slovácko,Czech,5.6
Badredine Bouanani,FWD,VfB Stuttgart,Bund,5.44
Samuele Inacio,FWD,Borussia Dortmund,Bund,5.38
Tidiam Gomis,FWD,RB Leipzig,Bund,5.3
Florian Sotoca,FWD,RC Lens,L1,5.29
Fábio Silva,FWD,Borussia Dortmund,Bund,5.24
Simen Kvia-Egeskog,FWD,Viking FK,Elite,5.23
Conrad Harder,FWD,Sporting CP,Portugal,5.1
Saša Kalajdžić,FWD,LASK,AutBund,4.79
Endrick,FWD,Real Madrid,LaLiga,4.77
Zini,FWD,AEK Athens,Greece,4.76
Lorenzo Lucca,FWD,SSC Napoli,SerieA,4.72
Romelu Lukaku,FWD,SSC Napoli,SerieA,4.72
Jesús Rodriguez,FWD,Como,SerieA,4.71
Pau Cabanes,FWD,Villarreal,LaLiga,4.66
Jeremy Arevalo,FWD,VfB Stuttgart,Bund,4.5
Pablo García,FWD,Real Betis,LaLiga,4.46
Álvaro Morata,FWD,Como,SerieA,4.39
Quentin Ndjantou,FWD,Paris Saint-Germain,L1,4.37
Cyril Ngonge,FWD,Torino,SerieA,4.36
Cyril Ngonge,FWD,Espanyol,LaLiga,4.32
Antonio Vergara,FWD,SSC Napoli,SerieA,4.28
Xander Severina,FWD,Casa Pia,Portugal,4.2
Ezechiel Banzuzi,FWD,RB Leipzig,Bund,4.19
Casper Tengstedt,FWD,Feyenoord,Ered,4.01
Antonio Arena,FWD,AS Roma,SerieA,3.95
Giuseppe Ambrosino,FWD,SSC Napoli,SerieA,3.94
Bryan Zaragoza,FWD,AS Roma,SerieA,3.92
Badredine Bouanani,FWD,Nice,L1,3.8
Brian Madjo,FWD,Metz,L1,3.79
Oleksandr Zubkov,FWD,Trabzonspor,SuperLig,3.64
Santiago Giménez,FWD,AC Milan,SerieA,3.6
Shaqueel van Persie,FWD,Feyenoord,Ered,3.57
Sani Suleiman,FWD,AS Trenčín,Slovakia,3.44
Shandre Campbell,FWD,Club Brugge KV,Belgium,2.79
Nick D'Agostino,FWD,Viking FK,Elite,2.68
João Mário,FWD,Beşiktaş JK,SuperLig,2.06
Gustaf Nilsson,FWD,Club Brugge KV,Belgium,2.01
Mikkel Bro Hansen,FWD,Bodø/Glimt,Elite,1.97
Andraž Šporar,FWD,Alanyaspor,SuperLig,1.95
Alassane Pléa,FWD,PSV Eindhoven,Ered,1.72
Ola Brynhildsen,FWD,Bodø/Glimt,Elite,1.4
Mamadou Diakhon,FWD,Club Brugge KV,Belgium,1.15
Dorgeles Nene,FWD,Red Bull Salzburg,AutBund,0.12
Ada Yüzgeç,FWD,Galatasaray,SuperLig,-0.35
Alasana Yirajang,FWD,ŠK Slovan Bratislava,Slovakia,-0.62
David Raya,GK,Arsenal,PL,25.88
Diogo Costa,GK,FC Porto,Portugal,24.85
Jean Butez,GK,Como,SerieA,24.65
Mile Svilar,GK,AS Roma,SerieA,23.81
Thomas Strakosha,GK,AEK Athens,Greece,23.15
Gianluigi Donnarumma,GK,Manchester City,PL,22.03
Gregor Kobel,GK,Borussia Dortmund,Bund,21.19
Joan García,GK,FC Barcelona,LaLiga,21.07
Yann Sommer,GK,Inter,SerieA,20.98
Dmytro Riznyk,GK,Shakhtar Donetsk,Ukraine,20.65
Rui Silva,GK,Sporting CP,Portugal,20.1
Thibaut Courtois,GK,Real Madrid,LaLiga,19.42
Berke Özer,GK,Lille,L1,18.82
Nazar Domchak,GK,Karpaty Lviv,Ukraine,18.61
Ivan Provedel,GK,Lazio,SerieA,18.0
Nikita Haikin,GK,Bodø/Glimt,Elite,17.86
Stas Pokatilov,GK,Sabah FK,Azerbaijan,17.58
Jan Oblak,GK,Atlético Madrid,LaLiga,17.43
Vanja Milinković-Savić,GK,SSC Napoli,SerieA,17.23
Robin Risser,GK,RC Lens,L1,17.04
Robert Sánchez,GK,Chelsea,PL,16.44
Uğurcan Çakır,GK,Galatasaray,SuperLig,16.18
Hervé Koffi,GK,Angers,L1,15.98
Péter Gulácsi,GK,RB Leipzig,Bund,15.6
Senne Lammens,GK,Manchester United,PL,15.39
Lucas Chevalier,GK,Paris Saint-Germain,L1,15.13
Álvaro Valles,GK,Real Betis,LaLiga,14.69
Luiz Júnior,GK,Villarreal,LaLiga,14.65
Emiliano Martínez,GK,Aston Villa,PL,14.5
Gerónimo Rulli,GK,Olympique de Marseille,L1,14.17
Lukas Jungwirth,GK,LASK,AutBund,13.61
Ederson,GK,Fenerbahçe,SuperLig,13.42
Nordin Jackers,GK,Club Brugge KV,Belgium,13.36
Aleksandar Popović,GK,DAC 1904,Slovakia,13.27
Manuel Neuer,GK,FC Bayern München,Bund,12.7
Dominik Takáč,GK,ŠK Slovan Bratislava,Slovakia,12.51
Karl Darlow,GK,Leeds United,PL,12.49
Matěj Kovář,GK,PSV Eindhoven,Ered,12.3
Jakub Markovič,GK,SK Slavia Praha,Czech,12.22
Jonas Urbig,GK,FC Bayern München,Bund,11.55
Jindřich Staněk,GK,SK Slavia Praha,Czech,11.53
Zion Suzuki,GK,Parma,SerieA,11.41
Vítězslav Jaroš,GK,AFC Ajax,Ered,10.22
Arild Østbø,GK,Viking FK,Elite,10.09
Juan Musso,GK,Atlético Madrid,LaLiga,9.89
Giorgi Mamardashvili,GK,Liverpool FC,PL,9.81
Alex Meret,GK,SSC Napoli,SerieA,9.63
Günay Güvenç,GK,Galatasaray,SuperLig,9.61
Josep Martínez,GK,Inter,SerieA,9.59
Ľubomír Belko,GK,MŠK Žilina,Slovakia,9.34
Marco Bizot,GK,Aston Villa,PL,8.94
Pau López,GK,Real Betis,LaLiga,8.81
Maarten Vandevoordt,GK,RB Leipzig,Bund,8.78
James Trafford,GK,Manchester City,PL,8.5
Ørjan Nyland,GK,Sevilla,LaLiga,8.17
Diant Ramaj,GK,1. FC Heidenheim,Bund,8.05
Mert Günok,GK,Fenerbahçe,SuperLig,7.96
Altay Bayındır,GK,Manchester United,PL,7.94
Andriy Lunin,GK,Real Madrid,LaLiga,7.83
João Virgínia,GK,Sporting CP,Portugal,7.75
Freddie Woodman,GK,Liverpool FC,PL,7.71
Kepa Arrizabalaga,GK,Arsenal,PL,7.65
João Afonso,GK,Santa Clara,Portugal,7.25
João Costa,GK,FC Porto,Portugal,7.06
Arnau Tenas,GK,Villarreal,LaLiga,7.05
Raffaele Di Gennaro,GK,Inter,SerieA,7.03
Wojciech Szczęsny,GK,FC Barcelona,LaLiga,6.97
Cláudio Ramos,GK,FC Porto,Portugal,6.96
Nikita Contini,GK,SSC Napoli,SerieA,6.82
Arnaud Bodart,GK,Lille,L1,6.67
Simon Mignolet,GK,Club Brugge KV,Belgium,6.62
Mathieu Gorgelin,GK,RC Lens,L1,6.55
Sven Ulreich,GK,FC Bayern München,Bund,6.47
Tarık Çetin,GK,Fenerbahçe,SuperLig,6.32
Devis Vásquez,GK,Beşiktaş JK,SuperLig,6.07
Alberto Brignoli,GK,AEK Athens,Greece,6.03
Dominik Livaković,GK,Fenerbahçe,SuperLig,5.93
Berke Özer,GK,Eyüpspor,SuperLig,5.93
Matúš Macík,GK,ŠK Slovan Bratislava,Slovakia,5.8
Senne Lammens,GK,Royal Antwerp FC,Belgium,5.56
Amin Ramazanov,GK,Qarabağ FK,Azerbaijan,5.48
Ondřej Kolář,GK,SK Slavia Praha,Czech,5.25
Nick Olij,GK,PSV Eindhoven,Ered,5.07
Ravan Mirzammadov,GK,Sabah FK,Azerbaijan,4.94
Christos Tzolis,MID,Club Brugge KV,Belgium,33.99
Michael Olise,MID,FC Bayern München,Bund,32.05
Bruno Fernandes,MID,Manchester United,PL,30.59
Lamine Yamal,MID,FC Barcelona,LaLiga,28.5
Luis Díaz,MID,FC Bayern München,Bund,28.18
Mika Godts,MID,AFC Ajax,Ered,26.65
Antoine Semenyo,MID,Manchester City,PL,26.52
Vinícius Júnior,MID,Real Madrid,LaLiga,24.16
Christoph Baumgartner,MID,RB Leipzig,Bund,23.95
Mason Greenwood,MID,Olympique de Marseille,L1,23.81
Zlatko Tripić,MID,Viking FK,Elite,23.56
Rodrigo Zalazar,MID,Sporting Braga,Portugal,23.15
Yan Diomande,MID,RB Leipzig,Bund,22.62
Talisca,MID,Fenerbahçe,SuperLig,22.49
Ismael Saibari,MID,PSV Eindhoven,Ered,22.16
Pedro Gonçalves,MID,Sporting CP,Portugal,22.06
Joey Veerman,MID,PSV Eindhoven,Ered,21.41
Bruno Guimarães,MID,Newcastle United,PL,21.03
Marco Asensio,MID,Fenerbahçe,SuperLig,20.76
Enzo Fernández,MID,Chelsea,PL,20.62
Thorgan Hazard,MID,RSC Anderlecht,Belgium,20.45
Raphinha,MID,FC Barcelona,LaLiga,19.8
Dominik Szoboszlai,MID,Liverpool FC,PL,19.32
Rayan Cherki,MID,Manchester City,PL,19.22
Florian Thauvin,MID,RC Lens,L1,19.2
Nicolas Pépé,MID,Villarreal,LaLiga,18.94
Pablo Fornals,MID,Real Betis,LaLiga,18.85
Matheus Cunha,MID,Manchester United,PL,18.71
Guus Til,MID,PSV Eindhoven,Ered,18.53
Bukayo Saka,MID,Arsenal,PL,18.44
Alberto Moleiro,MID,Villarreal,LaLiga,18.32
Jamie Leweling,MID,VfB Stuttgart,Bund,18.26
Fermín López,MID,FC Barcelona,LaLiga,18.24
Patrick Berg,MID,Bodø/Glimt,Elite,18.1
Antony,MID,Real Betis,LaLiga,17.95
Phil Foden,MID,Manchester City,PL,17.92
Dani Olmo,MID,FC Barcelona,LaLiga,17.92
Sven Mijnans,MID,AZ Alkmaar,Ered,17.84
Ivan Perišić,MID,PSV Eindhoven,Ered,17.83
Barış Alper Yılmaz,MID,Galatasaray,SuperLig,17.76
Elliot Anderson,MID,Nottingham Forest,PL,17.74
Anis Hadj Moussa,MID,Feyenoord,Ered,17.59
Declan Rice,MID,Arsenal,PL,17.45
Federico Valverde,MID,Real Madrid,LaLiga,17.19
Scott McTominay,MID,SSC Napoli,SerieA,17.19
Hakan Çalhanoğlu,MID,Inter,SerieA,17.12
Iliman Ndiaye,MID,Everton,PL,17.02
Marcus Rashford,MID,FC Barcelona,LaLiga,16.95
Lukáš Provod,MID,SK Slavia Praha,Czech,16.89
Serge Gnabry,MID,FC Bayern München,Bund,16.87
Carlos Forbs,MID,Club Brugge KV,Belgium,16.74
Victor Froholdt,MID,FC Porto,Portugal,16.66
Arda Güler,MID,Real Madrid,LaLiga,16.6
Chris Führich,MID,VfB Stuttgart,Bund,16.57
Veljko Simić,MID,Sabah FK,Azerbaijan,16.51
Gjivai Zechiël,MID,FC Utrecht,Ered,16.48
Bradley Barcola,MID,Paris Saint-Germain,L1,16.4
Ryan Gravenberch,MID,Liverpool FC,PL,16.1
Jérémy Doku,MID,Manchester City,PL,15.82
Jude Bellingham,MID,Real Madrid,LaLiga,15.82
Matías Fernández-Pardo,MID,Lille,L1,15.81
Yunus Akgün,MID,Galatasaray,SuperLig,15.78
Fábio Vieira,MID,Hamburger SV,Bund,15.67
Luis Milla,MID,Getafe,LaLiga,15.6
Pedri,MID,FC Barcelona,LaLiga,15.47
Lucas Da Cunha,MID,Como,SerieA,15.39
Emiliano Buendía,MID,Aston Villa,PL,15.32
Maghnes Akliouche,MID,AS Monaco,L1,15.31
Martín Zubimendi,MID,Arsenal,PL,15.3
Khvicha Kvaratskhelia,MID,Paris Saint-Germain,L1,15.28
Kerem Aktürkoğlu,MID,Fenerbahçe,SuperLig,15.24
Eberechi Eze,MID,Arsenal,PL,15.21
John McGinn,MID,Aston Villa,PL,15.05
Nicolò Barella,MID,Inter,SerieA,14.92
Rafael Leão,MID,AC Milan,SerieA,14.82
Désiré Doué,MID,Paris Saint-Germain,L1,14.7
Florian Wirtz,MID,Liverpool FC,PL,14.59
Giuliano Simeone,MID,Atlético Madrid,LaLiga,14.52
Joshua Kimmich,MID,FC Bayern München,Bund,14.44
Anthony Gordon,MID,Newcastle United,PL,14.42
Tigran Barseghyan,MID,ŠK Slovan Bratislava,Slovakia,14.28
Grischa Prömel,MID,TSG Hoffenheim,Bund,14.26
Başar Önal,MID,NEC Nijmegen,Ered,14.05
Johan Manzambi,MID,SC Freiburg,Bund,13.97
Leroy Sané,MID,Galatasaray,SuperLig,13.91
William Gomes,MID,FC Porto,Portugal,13.87
Jack Grealish,MID,Everton,PL,13.81
Lennart Karl,MID,FC Bayern München,Bund,13.81
Jens Petter Hauge,MID,Bodø/Glimt,Elite,13.77
Bernardo Silva,MID,Manchester City,PL,13.62
Alexis Mac Allister,MID,Liverpool FC,PL,13.47
Mamadou Sangare,MID,RC Lens,L1,13.47
Hans Vanaken,MID,Club Brugge KV,Belgium,13.46
Emmanuel Ayaosi,MID,MFK Karviná,Czech,13.44
Hakon Arnar Haraldsson,MID,Lille,L1,13.43
Mikel Merino,MID,Arsenal,PL,13.41
Piotr Zieliński,MID,Inter,SerieA,13.39
Morten Hjulmand,MID,Sporting CP,Portugal,13.39
Bilal El Khannouss,MID,VfB Stuttgart,Bund,13.25
Tajon Buchanan,MID,Villarreal,LaLiga,13.25
Leon Goretzka,MID,FC Bayern München,Bund,13.22
Sami Ouaissa,MID,NEC Nijmegen,Ered,13.16
Giannis Konstantelias,MID,PAOK,Greece,13.16
Tijjani Reijnders,MID,Manchester City,PL,13.04
Răzvan Marin,MID,AEK Athens,Greece,12.99
Ulrik Saltnes,MID,Bodø/Glimt,Elite,12.98
Víctor Muñoz,MID,Osasuna,LaLiga,12.92
Angelo Stiller,MID,VfB Stuttgart,Bund,12.91
Máximo Perrone,MID,Como,SerieA,12.91
Martin Baturina,MID,Como,SerieA,12.9
Kodai Sano,MID,NEC Nijmegen,Ered,12.86
Pape Gueye,MID,Villarreal,LaLiga,12.85
João Gomes,MID,Wolverhampton,PL,12.73
Geny Catamo,MID,Sporting CP,Portugal,12.6
Senny Mayulu,MID,Paris Saint-Germain,L1,12.59
Martin Ødegaard,MID,Arsenal,PL,12.57
Prosper Obah,MID,Shakhtar Donetsk,Ukraine,12.48
Amad Diallo,MID,Manchester United,PL,12.32
Félix Correia,MID,Lille,L1,12.29
Borja Sainz,MID,FC Porto,Portugal,12.28
Aitor Ruibal,MID,Real Betis,LaLiga,12.2
Warren Zaïre-Emery,MID,Paris Saint-Germain,L1,12.18
Lesley Ugochukwu,MID,Burnley,PL,12.16
Youri Tielemans,MID,Aston Villa,PL,12.14
Antonio Nusa,MID,RB Leipzig,Bund,12.09
Hugo Vetlesen,MID,Club Brugge KV,Belgium,12.08
Vitinha,MID,Paris Saint-Germain,L1,11.88
Pepê,MID,FC Porto,Portugal,11.86
Ridle Baku,MID,RB Leipzig,Bund,11.81
Frenkie de Jong,MID,FC Barcelona,LaLiga,11.81
Pedro Lima,MID,AVS - Futebol SAD,Portugal,11.81
Kervin Arriaga,MID,Levante UD,LaLiga,11.78
Pedrinho,MID,Shakhtar Donetsk,Ukraine,11.77
Ole Didrik Blomberg,MID,Bodø/Glimt,Elite,11.61
Aleksandar Stanković,MID,Club Brugge KV,Belgium,11.57
Maxence Caqueret,MID,Como,SerieA,11.55
Boubacar Kamara,MID,Aston Villa,PL,11.51
Håkon Evjen,MID,Bodø/Glimt,Elite,11.45
Nikolas Nartey,MID,VfB Stuttgart,Bund,11.39
Gabriel Sara,MID,Galatasaray,SuperLig,11.39
Nino Marcelli,MID,ŠK Slovan Bratislava,Slovakia,11.33
Michał Skóraś,MID,KAA Gent,Belgium,11.32
Tom Bischof,MID,FC Bayern München,Bund,11.15
Daniel Bragança,MID,Sporting CP,Portugal,11.15
Assan Ouédraogo,MID,RB Leipzig,Bund,11.13
Kaheem Parris,MID,Sabah FK,Azerbaijan,11.13
Noni Madueke,MID,Arsenal,PL,11.05
Kevin De Bruyne,MID,SSC Napoli,SerieA,11.05
Manu Koné,MID,AS Roma,SerieA,11.03
Benjamin André,MID,Lille,L1,11.02
Amadou Onana,MID,Aston Villa,PL,10.96
João Neves,MID,Paris Saint-Germain,L1,10.96
Rocco Reitz,MID,Borussia M'gladbach,Bund,10.95
Luciano Valente,MID,Feyenoord,Ered,10.95
Alejandro Garnacho,MID,Chelsea,PL,10.93
Bruninho,MID,Karpaty Lviv,Ukraine,10.93
Koke,MID,Atlético Madrid,LaLiga,10.91
Arijon Ibrahimović,MID,1. FC Heidenheim,Bund,10.9
Kobbie Mainoo,MID,Manchester United,PL,10.88
Bryan Cristante,MID,AS Roma,SerieA,10.88
Felix Nmecha,MID,Borussia Dortmund,Bund,10.86
Jamal Musiala,MID,FC Bayern München,Bund,10.79
Ross Barkley,MID,Aston Villa,PL,10.78
Curtis Jones,MID,Liverpool FC,PL,10.74
Joe Bell,MID,Viking FK,Elite,10.69
Marcos Llorente,MID,Atlético Madrid,LaLiga,10.67
Sem Steijn,MID,Feyenoord,Ered,10.66
Henrik Bjørdal,MID,Vålerenga IF,Elite,10.63
Mason Mount,MID,Manchester United,PL,10.62
Gabriel Martinelli,MID,Arsenal,PL,10.62
Marten de Roon,MID,Atalanta,SerieA,10.61
Couhaib Driouech,MID,PSV Eindhoven,Ered,10.6
Kang-in Lee,MID,Paris Saint-Germain,L1,10.55
Brahim Díaz,MID,Real Madrid,LaLiga,10.52
Brajan Gruda,MID,RB Leipzig,Bund,10.51
Lucas Torreira,MID,Galatasaray,SuperLig,10.5
Henrikh Mkhitaryan,MID,Inter,SerieA,10.46
Joshua Kitolano,MID,Sparta Rotterdam,Ered,10.45
Konstantinos Karetsas,MID,KRC Genk,Belgium,10.45
Matteo Politano,MID,SSC Napoli,SerieA,10.39
Alessandro Schöpf,MID,Wolfsberger AC,AutBund,10.27
Niccolò Pisilli,MID,AS Roma,SerieA,10.24
Rodri,MID,Manchester City,PL,10.16
Jan Virgili,MID,Mallorca,LaLiga,10.1
Petros Mantalos,MID,AEK Athens,Greece,10.1
Oussama Targhalline,MID,Feyenoord,Ered,10.08
Robert Ljubičić,MID,AEK Athens,Greece,10.01
Aleksandar Pavlović,MID,FC Bayern München,Bund,10.0
Alex Baena,MID,Atlético Madrid,LaLiga,10.0
Lorenzo Pellegrini,MID,AS Roma,SerieA,9.99
Giovani Lo Celso,MID,Real Betis,LaLiga,9.93
Frank Anguissa,MID,SSC Napoli,SerieA,9.92
Isaque,MID,Shakhtar Donetsk,Ukraine,9.88
Nico González,MID,Manchester City,PL,9.87
Evann Guessand,MID,Crystal Palace,PL,9.87
Lovro Majer,MID,VfL Wolfsburg,Bund,9.85
Oskar Pietuszewski,MID,FC Porto,Portugal,9.83
Aurélien Tchouaméni,MID,Real Madrid,LaLiga,9.82
Thiago Almada,MID,Atlético Madrid,LaLiga,9.82
Petar Sučić,MID,Inter,SerieA,9.81
David Neres,MID,SSC Napoli,SerieA,9.76
Nicolas Seiwald,MID,RB Leipzig,Bund,9.75
Rio Ngumoha,MID,Liverpool FC,PL,9.63
Alisson Santos,MID,SSC Napoli,SerieA,9.53
Federico Chiesa,MID,Liverpool FC,PL,9.47
Chema Andrés,MID,VfB Stuttgart,Bund,9.47
Andrey Santos,MID,Chelsea,PL,9.4
Eduardo Camavinga,MID,Real Madrid,LaLiga,9.25
Paul Wanner,MID,PSV Eindhoven,Ered,9.16
Ademola Lookman,MID,Atlético Madrid,LaLiga,9.12
Íker Losada,MID,Levante UD,LaLiga,9.09
Ibrahim Mbaye,MID,Paris Saint-Germain,L1,9.08
Marcel Sabitzer,MID,Borussia Dortmund,Bund,9.04
Pablo Rosario,MID,FC Porto,Portugal,8.96
Fabián Ruiz,MID,Paris Saint-Germain,L1,8.95
Marc Bernal,MID,FC Barcelona,LaLiga,8.93
Kaan Kairinen,MID,AC Sparta Praha,Czech,8.89
Brajan Gruda,MID,Brighton & Hove Albion,PL,8.88
Alan Varela,MID,FC Porto,Portugal,8.86
Rodrygo,MID,Real Madrid,LaLiga,8.85
Samuele Ricci,MID,AC Milan,SerieA,8.82
Kristoffer Askildsen,MID,Viking FK,Elite,8.82
Manuel Ugarte,MID,Manchester United,PL,8.77
Freddie Potts,MID,West Ham United,PL,8.75
Marc Roca,MID,Real Betis,LaLiga,8.74
Khayal Aliyev,MID,Sabah FK,Azerbaijan,8.74
Pablo Barrios,MID,Atlético Madrid,LaLiga,8.66
Nabil Bentaleb,MID,Lille,L1,8.59
Andrija Bulatović,MID,RC Lens,L1,8.58
Carlos Baleba,MID,Brighton & Hove Albion,PL,8.43
Ethan Mbappé,MID,Lille,L1,8.41
Eljif Elmas,MID,SSC Napoli,SerieA,8.41
Marius Broholm,MID,Rosenborg BK,Elite,8.37
Thiago Fernández,MID,Real Oviedo,LaLiga,8.31
Mattéo Guendouzi,MID,Lazio,SerieA,8.27
İrfan Can Kahveci,MID,Kasımpaşa,SuperLig,8.23
Michal Sadílek,MID,SK Slavia Praha,Czech,8.21
İsmail Yüksek,MID,Fenerbahçe,SuperLig,8.19
Dilane Bakwa,MID,Nottingham Forest,PL,8.18
Sascha Horvath,MID,LASK,AutBund,8.17
Melayro Bogarde,MID,LASK,AutBund,8.1
Seko Fofana,MID,FC Porto,Portugal,8.09
Sondre Auklend,MID,Bodø/Glimt,Elite,8.06
Christoph Lang,MID,LASK,AutBund,8.0
Stanislav Lobotka,MID,SSC Napoli,SerieA,7.95
Jobe Bellingham,MID,Borussia Dortmund,Bund,7.94
Max Dowman,MID,Arsenal,PL,7.93
Luís Henrique,MID,Inter,SerieA,7.93
Atakan Karazor,MID,VfB Stuttgart,Bund,7.92
Ayyoub Bouaddi,MID,Lille,L1,7.89
Carney Chukwuemeka,MID,Borussia Dortmund,Bund,7.88
Assane Diao,MID,Como,SerieA,7.85
Leon Bailey,MID,Aston Villa,PL,7.83
Wataru Endo,MID,Liverpool FC,PL,7.81
Charles Vanhoutte,MID,Nice,L1,7.81
Artem Bondarenko,MID,Shakhtar Donetsk,Ukraine,7.81
Neil El Aynaoui,MID,AS Roma,SerieA,7.76
Abdallah Sima,MID,RC Lens,L1,7.75
David Moses,MID,SK Slavia Praha,Czech,7.74
Mateo Kovačić,MID,Manchester City,PL,7.72
Jayden Addai,MID,Como,SerieA,7.68
Reiss Nelson,MID,Brentford,PL,7.6
İlkay Gündoğan,MID,Galatasaray,SuperLig,7.59
Rodrigo Mora,MID,FC Porto,Portugal,7.46
Rodrigo Riquelme,MID,Real Betis,LaLiga,7.44
Noa Lang,MID,SSC Napoli,SerieA,7.44
Rodrigo Mendoza,MID,Atlético Madrid,LaLiga,7.4
Dilane Bakwa,MID,RC Strasbourg,L1,7.37
Johan Bakayoko,MID,RB Leipzig,Bund,7.34
Leo Sauer,MID,Feyenoord,Ered,7.32
David Douděra,MID,SK Slavia Praha,Czech,7.31
Obed Vargas,MID,Atlético Madrid,LaLiga,7.27
Finn Jeltsch,MID,VfB Stuttgart,Bund,7.26
Claudio Echeverri,MID,Girona FC,LaLiga,7.15
Roony Bardghji,MID,FC Barcelona,LaLiga,7.12
Franco Mastantuono,MID,Real Madrid,LaLiga,7.12
Jerdy Schouten,MID,PSV Eindhoven,Ered,7.12
Isco,MID,Real Betis,LaLiga,7.1
Ethan Nwaneri,MID,Olympique de Marseille,L1,7.08
Johnny Cardoso,MID,Atlético Madrid,LaLiga,7.05
Jack Fletcher,MID,Manchester United,PL,7.02
Maurits Kjaergaard,MID,Red Bull Salzburg,AutBund,7.02
Ethan Nwaneri,MID,Arsenal,PL,7.01
Jesse Derry,MID,Chelsea,PL,6.97
Christian Nørgaard,MID,Arsenal,PL,6.95
Thiago Pitarch,MID,Real Madrid,LaLiga,6.95
Ilias Akhomach,MID,Rayo Vallecano,LaLiga,6.93
Marc Casadó,MID,FC Barcelona,LaLiga,6.91
Osame Sahraoui,MID,Lille,L1,6.89
Tyler Fletcher,MID,Manchester United,PL,6.85
Alysson,MID,Aston Villa,PL,6.85
Álvaro Fidalgo,MID,Real Betis,LaLiga,6.82
Ruben Alte,MID,Viking FK,Elite,6.82
Gavi,MID,FC Barcelona,LaLiga,6.8
Harvey Elliott,MID,Aston Villa,PL,6.79
Luís Guilherme,MID,West Ham United,PL,6.79
Trey Nyoni,MID,Liverpool FC,PL,6.78
Mario Lemina,MID,Galatasaray,SuperLig,6.76
Umarali Rakhmonaliev,MID,Sabah FK,Azerbaijan,6.74
Ademola Lookman,MID,Atalanta,SerieA,6.68
Gabriel Veron,MID,CD Nacional,Portugal,6.67
Mubarak Suleiman,MID,SK Slavia Praha,Czech,6.57
Ngal'ayel Mukau,MID,Lille,L1,6.54
Angel Ortiz,MID,Real Betis,LaLiga,6.52
N'Golo Kanté,MID,Fenerbahçe,SuperLig,6.51
Billy Gilmour,MID,SSC Napoli,SerieA,6.46
Giorgi Kochorashvili,MID,Sporting CP,Portugal,6.46
Alisson Santos,MID,Sporting CP,Portugal,6.45
Ayoni Santos,MID,Sparta Rotterdam,Ered,6.43
Félix Lemaréchal,MID,RC Strasbourg,L1,6.41
Luís Guilherme,MID,Sporting CP,Portugal,6.35
Marius Broholm,MID,Lille,L1,6.33
Dani Ceballos,MID,Real Madrid,LaLiga,6.3
Amadou Haidara,MID,RC Lens,L1,6.18
Arthur Vermeeren,MID,Olympique de Marseille,L1,6.17
João Simões,MID,Sporting CP,Portugal,6.17
Daniel Yáñez,MID,Real Madrid,LaLiga,6.16
Dro Fernández,MID,Paris Saint-Germain,L1,6.12
Andy Diouf,MID,Inter,SerieA,6.12
Ruben van Bommel,MID,PSV Eindhoven,Ered,6.11
Nelson Deossa,MID,Real Betis,LaLiga,6.09
Soriba Diaoune,MID,Lille,L1,6.09
Magnus Riisnæs,MID,Bodø/Glimt,Elite,6.07
Toumani Diakite,MID,FC Slovan Liberec,Czech,6.05
Pavel Kačor,MID,MFK Karviná,Czech,6.02
Gaëtan Perrin,MID,Lille,L1,5.91
Raphael Onyedika,MID,Club Brugge KV,Belgium,5.79
Seko Fofana,MID,Stade Rennais,L1,5.74
Mattéo Guendouzi,MID,Fenerbahçe,SuperLig,5.72
Ivan Schranz,MID,SK Slavia Praha,Czech,5.65
Nuno Santos,MID,Sporting CP,Portugal,5.63
Bara Sapoko Ndiaye,MID,FC Bayern München,Bund,5.6
Carlos Maciá,MID,Villarreal,LaLiga,5.55
Dimitrios Kaloskamis,MID,AEK Athens,Greece,5.51
Jesper Lindstrøm,MID,VfL Wolfsburg,Bund,5.44
Jorge Cestero,MID,Real Madrid,LaLiga,5.39
Alisson Santana,MID,Shakhtar Donetsk,Ukraine,5.39
Dro Fernández,MID,FC Barcelona,LaLiga,5.37
Gonçalo Borges,MID,Feyenoord,Ered,5.36
Claudio Echeverri,MID,Bayer 04 Leverkusen,Bund,5.32
Stephen Eustaquio,MID,FC Porto,Portugal,5.31
Noa Lang,MID,Galatasaray,SuperLig,5.3
Andrija Maksimović,MID,RB Leipzig,Bund,5.28
Lazar Jovanović,MID,VfB Stuttgart,Bund,5.22
Davide Frattesi,MID,Inter,SerieA,5.22
Maycon Cardozo,MID,FC Bayern München,Bund,5.2
Bernardo Lima,MID,FC Porto,Portugal,5.16
Artur Gajdoš,MID,ŠK Slovan Bratislava,Slovakia,5.16
Wisdom Mike,MID,FC Bayern München,Bund,5.14
Jakub Moder,MID,Feyenoord,Ered,5.12
Tiago Silva,MID,FC Porto,Portugal,5.11
Kerem Aktürkoğlu,MID,Benfica,Portugal,5.07
Souleymane Faye,MID,Sporting CP,Portugal,5.07
Andy Diouf,MID,RC Lens,L1,5.03
Charles Vanhoutte,MID,Royale Union Saint-Gilloise,Belgium,5.02
Rodrigo Rodrigues,MID,Gil Vicente,Portugal,5.0
Bartuğ Elmaz,MID,Fatih Karagümrük,SuperLig,4.98
Krystof Daněk,MID,LASK,AutBund,4.98
Flávio Gonçalves,MID,Sporting CP,Portugal,4.95
Cisse Sandra,MID,Club Brugge KV,Belgium,4.94
Rahim Ibrahim,MID,ŠK Slovan Bratislava,Slovakia,4.93
André Miranda,MID,FC Porto,Portugal,4.91
Noah Edjouma,MID,Lille,L1,4.88
Rauf Rustamli,MID,FK Karvan Yevlax,Azerbaijan,4.87
Lucas Ferreira,MID,Shakhtar Donetsk,Ukraine,4.78
Ivan Lepinjica,MID,Sabah FK,Azerbaijan,4.75
Pablo Rosario,MID,Nice,L1,4.7
Daniel Bassi,MID,Bodø/Glimt,Elite,4.65
Erawan Garnier,MID,RC Lens,L1,4.61
Leon Bailey,MID,AS Roma,SerieA,4.59
Oğuz Aydın,MID,Fenerbahçe,SuperLig,4.59
Youssoupha Sanyang,MID,SK Slavia Praha,Czech,4.29
Mijat Gaćinović,MID,AEK Athens,Greece,4.15
Noah Fernandez,MID,PSV Eindhoven,Ered,4.1
Lynnt Audoor,MID,Club Brugge KV,Belgium,4.07
Marlon Gomes,MID,Shakhtar Donetsk,Ukraine,3.87
Alen Mustafić,MID,KFC Komárno,Slovakia,3.81
Mohamed Koné,MID,RC Sporting Charleroi,Belgium,3.8
Peter Pokorný,MID,ŠK Slovan Bratislava,Slovakia,3.79
Milan Robberechts,MID,Patro Eisden Maasmechelen,Belgium,3.68
Aymen Sliti,MID,Feyenoord,Ered,3.65
Tobias van den Elshout,MID,Feyenoord,Ered,3.64
Thijs Kraaijeveld,MID,Feyenoord,Ered,3.55
Isaac Babadi,MID,Royal Antwerp FC,Belgium,3.52
Yehor Nazaryna,MID,Shakhtar Donetsk,Ukraine,3.5
Ahmed Kutucu,MID,Galatasaray,SuperLig,3.45
Dmytro Kryskiv,MID,Shakhtar Donetsk,Ukraine,3.25
James McConnell,MID,AFC Ajax,Ered,3.04
Félix Lemaréchal,MID,Club Brugge KV,Belgium,2.95
Ludovit Reis,MID,Club Brugge KV,Belgium,2.79
Gaoussou Diarra,MID,Feyenoord,Ered,2.67
Mamadou Sangare,MID,SK Rapid Wien,AutBund,2.44
Jivayno Zinhagel,MID,Feyenoord,Ered,2.43
August Mikkelsen,MID,Tromsø IL,Elite,2.39
Viktor Tsukanov,MID,Shakhtar Donetsk,Ukraine,2.34
Rodrigo Fernandes,MID,Şamaxı FK,Azerbaijan,1.64
Florian Flecker,MID,LASK,AutBund,1.51
Art Smakaj,MID,LASK,AutBund,1.18
Daiki Matsuoka,MID,ŠK Slovan Bratislava,Slovakia,1.15
Mathis Albert,MID,Borussia Dortmund,Bund,-0.17
Can Armando Güner,MID,Galatasaray,SuperLig,-2.65
