Name,Position,Price,TotalPts,MDPts,Selected%,Goals,Assists,BallsRecovered,CleanSheets,RedCards,YellowCards,MinsPlayed,TransfersIn,TransfersOut,NextOpponent
A. Hakimi,DEF,6,3,0,30,0,0,3,0,0,0,64,44810,34599,MCI (A)
Gabriel,DEF,6,8,0,26,0,0,7,1,0,0,90,31433,34244,LIL (H)
M. Cucurella,DEF,6,3,0,12,0,0,4,0,0,0,90,10652,18666,ROM (A)
Nuno Mendes,DEF,6,6,0,32,0,1,4,0,0,0,64,38618,32390,MCI (A)
V. van Dijk,DEF,6,3,0,13,0,0,5,0,0,0,90,17036,15113,LASK (A)
W. Pacho,DEF,6,4,0,9,0,0,6,0,0,0,64,14203,12418,MCI (A)
A. Grimaldo,DEF,5.5,1,0,6,0,0,2,0,0,0,31,13286,15523,MUN (H)
A. Rüdiger,DEF,5.5,0,0,1,0,0,0,0,0,0,0,1335,1768,ROM (A)
D. Dumfries,DEF,5.5,2,0,4,0,0,1,0,0,0,90,7664,9184,ROM (A)
D. Upamecano,DEF,5.5,0,0,13,0,0,0,0,0,0,0,28835,18797,BOD (H)
J. Gvardiol,DEF,5.5,1,0,10,0,0,3,0,0,1,48,21338,15145,PSG (H)
J. Koundé,DEF,5.5,3,0,5,0,0,5,0,0,0,90,10153,9315,GAL (A)
J. Ryerson,DEF,5.5,2,0,2,0,0,3,0,0,0,90,10796,6352,BOD (A)
J. Timber,DEF,5.5,0,0,1,0,0,0,0,0,0,0,1050,5730,LIL (H)
P. Cubarsí,DEF,5.5,4,0,22,0,0,6,0,0,0,90,28639,22895,GAL (A)
Rúben Dias,DEF,5.5,9,0,3,0,0,9,1,0,0,90,5831,3910,PSG (H)
T. Alexander-Arnold,DEF,5.5,2,0,2,0,0,0,0,0,0,79,3908,4582,ROM (A)
W. Saliba,DEF,5.5,0,0,4,0,0,0,0,0,0,0,4944,31825,LIL (H)
A. Bastoni,DEF,5,1,0,6,0,0,2,0,0,0,90,11228,11909,BRU (H)
A. Davies,DEF,5,0,0,4,0,0,0,0,0,0,0,9241,7901,BOD (H)
A. Salah-Eddine,DEF,5,0,0,1,0,0,0,0,0,0,0,823,3248,FEN (A)
B. White,DEF,5,6,0,3,0,0,2,1,0,0,82,9871,10231,LIL (H)
C. Mosquera,DEF,5,0,0,0,0,0,0,0,0,0,0,797,4343,LIL (H)
C. Romero,DEF,5,3,0,4,0,0,6,0,0,0,77,9311,10060,MUN (H)
D. Spence,DEF,5,0,0,3,0,0,0,0,0,0,0,4303,7695,BRU (H)
F. Dimarco,DEF,5,0,0,5,0,0,0,0,0,0,0,17338,49826,BRU (H)
G. Di Lorenzo,DEF,5,3,0,1,0,0,4,0,0,0,90,722,3753,VIL (A)
H. Maguire,DEF,5,0,0,4,0,0,0,0,0,0,0,10320,9325,SAB (H)
I. Konaté,DEF,5,2,0,5,0,0,1,0,0,0,90,13468,12292,ROM (A)
J. Bos,DEF,5,0,0,0,0,0,0,0,0,0,0,77,1413,COM (H)
J. Frimpong,DEF,5,1,0,2,0,0,0,0,0,0,30,3279,6954,LASK (A)
J. Giménez,DEF,5,0,0,0,0,0,0,0,0,0,0,89,1898,MUN (H)
J. Jacquet,DEF,5,3,0,1,0,0,3,0,0,0,90,2793,4191,LASK (A)
J. Stones,DEF,5,1,0,1,0,0,2,0,0,0,45,2088,4195,BRU (H)
J. Tah,DEF,5,0,0,6,0,0,0,0,0,0,0,16670,13368,BOD (H)
João Cancelo,DEF,5,6,0,4,0,1,3,0,0,0,90,9089,6950,GAL (A)
K. Laimer,DEF,5,0,0,4,0,0,0,0,0,0,0,11782,9927,BOD (H)
M. Akanji,DEF,5,0,0,1,0,0,0,0,0,0,0,2356,4757,BRU (H)
M. Guéhi,DEF,5,10,0,7,0,0,13,1,0,0,90,20070,14512,PSG (H)
M. Kerkez,DEF,5,3,0,1,0,0,5,0,0,0,88,1908,4569,LASK (A)
M. Škriniar,DEF,5,0,0,1,0,0,0,0,0,0,0,1070,2297,ROM (H)
Marquinhos,DEF,5,0,0,17,0,0,0,0,0,0,0,57086,28200,MCI (A)
Matheus Nunes,DEF,5,6,0,1,0,0,1,1,0,0,90,840,3383,PSG (H)
N. Aké,DEF,5,0,0,1,0,0,0,0,0,0,0,1058,2812,ROM (H)
N. Molina,DEF,5,0,0,1,0,0,0,0,0,0,0,1956,4285,FEN (A)
N. O’Reilly,DEF,5,0,0,7,0,0,0,0,0,0,0,19188,34710,PSG (H)
N. Schlotterbeck,DEF,5,0,0,2,0,0,0,0,0,0,0,5075,18382,BOD (A)
Nélson Semedo,DEF,5,0,0,1,0,0,0,0,0,0,0,830,1833,ROM (H)
P. Dorgu,DEF,5,0,0,1,0,0,0,0,0,0,0,3262,5052,SAB (H)
R. Aït-Nouri,DEF,5,4,0,1,0,1,0,0,0,0,15,526,3372,PSG (H)
R. Sallai,DEF,5,3,0,1,0,0,6,0,0,0,90,708,3213,BAR (H)
S. Dest,DEF,5,0,0,2,0,0,0,0,0,0,0,10952,7280,SHK (H)
T. Chalobah,DEF,5,0,0,2,0,0,0,0,0,0,0,2804,4599,RBL (H)
Á. Carreras,DEF,5,1,0,1,0,0,0,0,0,0,3,1369,3844,ROM (A)
A. Ahmedhodžić,DEF,4.5,0,0,0,0,0,0,0,0,0,0,27,805,COM (H)
A. Andrade,DEF,4.5,2,0,0,0,0,5,0,0,1,90,711,1328,LIV (H)
A. Balde,DEF,4.5,0,0,1,0,0,0,0,0,0,0,2724,5289,GAL (A)
A. Brown,DEF,4.5,0,0,0,0,0,0,0,0,0,0,536,594,ROM (H)
A. Christensen,DEF,4.5,4,0,1,0,0,6,0,0,0,90,1593,3340,GAL (A)
A. Khusanov,DEF,4.5,1,0,3,0,0,0,0,0,0,42,8982,9974,PSG (H)
A. Koné,DEF,4.5,0,0,0,0,0,0,0,0,0,0,69,153,COM (A)
A. Rrahmani,DEF,4.5,3,0,0,0,0,3,0,0,0,90,375,3067,VIL (A)
A. Wan-Bissaka,DEF,4.5,2,0,0,0,0,5,0,0,0,68,1892,437,FEN (H)
A. Wan-Bissaka,DEF,4.5,0,0,0,0,0,0,0,0,0,0,66,241,FEN (H)
A. Wimmer,DEF,4.5,0,0,0,0,0,0,0,0,0,0,22,117,LIV (H)
A. Zedadka,DEF,4.5,0,0,0,0,0,0,0,0,0,0,36,128,MUN (A)
Abdülkerim Bardakcı,DEF,4.5,0,0,1,0,0,0,0,0,0,0,980,3606,BAR (H)
Alberto Costa,DEF,4.5,2,0,0,0,0,4,0,0,0,90,619,1954,BET (A)
Alexsandro,DEF,4.5,11,0,0,1,0,12,0,0,0,90,644,1870,ARS (A)
Angeliño,DEF,4.5,0,0,0,0,0,0,0,0,0,0,26,217,FEN (A)
B. Badiashile,DEF,4.5,0,0,0,0,0,0,0,0,0,0,136,910,VIL (A)
B. Mechele,DEF,4.5,2,0,1,0,0,5,0,0,0,90,3082,3896,INT (A)
B. Pavard,DEF,4.5,0,0,1,0,0,1,0,0,0,45,1188,4212,BRU (H)
C. Blackman,DEF,4.5,-2,0,0,0,0,0,0,0,1,90,98,259,STU (H)
C. Bradley,DEF,4.5,0,0,0,0,0,0,0,0,0,0,146,2212,LASK (A)
C. Lukeba,DEF,4.5,0,0,0,0,0,0,0,0,0,0,528,1930,COM (A)
C. Olivier,DEF,4.5,0,0,0,0,0,0,0,0,0,0,10,204,SBR (A)
D. Hancko,DEF,4.5,2,0,3,0,0,4,0,0,0,90,8690,10706,MUN (H)
D. Huijsen,DEF,4.5,1,0,7,0,0,2,0,0,1,90,27846,18581,ROM (A)
D. Prpić,DEF,4.5,0,0,0,0,0,0,0,0,0,0,112,1640,BET (A)
D. Raum,DEF,4.5,0,0,0,0,0,0,0,0,0,0,1171,2275,COM (A)
D. Svensson,DEF,4.5,2,0,4,0,0,4,0,0,0,90,24036,10961,BOD (A)
D. Sánchez,DEF,4.5,4,0,3,0,0,11,0,0,0,90,5984,8262,BAR (H)
D. Vida,DEF,4.5,0,0,0,0,0,0,0,0,0,0,435,668,SHK (A)
D. Zima,DEF,4.5,0,0,0,0,0,0,0,0,0,0,236,1779,LEN (H)
Diego Llorente,DEF,4.5,0,0,0,0,0,0,0,0,0,0,60,507,POR (H)
Diogo Dalot,DEF,4.5,0,0,2,0,0,0,0,0,0,0,5620,4431,SAB (H)
E. Can,DEF,4.5,0,0,0,0,0,0,0,0,0,0,359,3370,BOD (A)
E. Konsa,DEF,4.5,8,0,4,0,0,6,1,0,0,90,23436,10523,LIL (H)
E. N'Dicka,DEF,4.5,0,0,0,0,0,0,0,0,0,0,231,860,FEN (A)
E. Piták,DEF,4.5,0,0,0,0,0,0,0,0,0,0,19,74,LEN (H)
Eduardo Quaresma,DEF,4.5,4,0,0,0,0,6,0,0,0,84,266,1763,LEN (A)
Eric García,DEF,4.5,0,0,1,0,0,0,0,0,0,0,5007,15862,GAL (A)
F. Bjørkan,DEF,4.5,0,0,1,0,0,0,0,0,0,0,832,2602,BAY (A)
F. Mendy,DEF,4.5,0,0,0,0,0,0,0,0,0,0,71,1156,ROM (A)
F. Sjøvold,DEF,4.5,0,0,1,0,0,0,0,0,0,0,2796,3432,BAY (A)
Filipe Relvas,DEF,4.5,8,0,0,0,0,8,1,0,0,90,1072,530,SHK (A)
Fran García,DEF,4.5,1,0,1,0,0,0,0,0,0,9,1474,2921,POR (H)
G. Bello,DEF,4.5,3,0,0,0,0,4,0,0,0,90,236,709,LIV (H)
G. Leoni,DEF,4.5,0,0,0,0,0,0,0,0,0,0,46,1076,LASK (A)
G. Mancini,DEF,4.5,0,0,0,0,0,0,0,0,0,0,611,1024,FEN (A)
G. Read,DEF,4.5,1,0,0,0,0,5,0,0,0,90,206,1798,COM (H)
G. Stensness,DEF,4.5,2,0,0,0,0,5,0,0,0,90,54,110,BAY (H)
G. Vagiannidis,DEF,4.5,2,0,0,0,0,1,0,0,0,84,149,1311,LEN (A)
Gonçalo Inácio,DEF,4.5,1,0,4,0,0,5,0,0,0,90,12576,11211,LEN (A)
H. Bellerín,DEF,4.5,2,0,0,0,0,4,0,0,0,90,991,1472,POR (H)
H. Falchener,DEF,4.5,1,0,0,0,0,2,0,0,0,28,72,156,BAY (H)
H. Haugen,DEF,4.5,1,0,0,0,0,0,0,0,0,7,12,90,BAY (H)
H. Heggheim,DEF,4.5,3,0,0,0,0,6,0,0,0,84,98,162,BAY (H)
H. Moukoudi,DEF,4.5,8,0,0,0,0,6,1,0,0,90,976,452,SHK (A)
I. Ganiou,DEF,4.5,0,0,0,0,0,0,0,0,0,0,649,1951,SLA (A)
I. Jakobs,DEF,4.5,1,0,1,0,0,8,0,0,1,90,681,3280,BAR (H)
I. Maatsen,DEF,4.5,1,0,1,0,0,3,0,0,1,90,5538,3765,FEN (H)
I. Ogbu,DEF,4.5,0,0,0,0,0,0,0,0,0,0,102,980,LEN (H)
J. Bednarek,DEF,4.5,0,0,0,0,0,0,0,0,0,0,509,3051,BET (A)
J. Chabot,DEF,4.5,5,0,0,0,0,9,0,0,0,90,994,848,SBR (A)
J. Chavez,DEF,4.5,0,0,0,0,0,0,0,0,0,0,142,1539,SLA (A)
J. Foyth,DEF,4.5,0,0,0,0,0,0,0,0,0,0,92,1460,NAP (H)
J. Gradit,DEF,4.5,0,0,0,0,0,0,0,0,0,0,49,1452,SLA (A)
J. Ilk,DEF,4.5,0,0,0,0,0,0,0,0,0,0,10,99,LIV (H)
J. Kiwior,DEF,4.5,3,0,1,0,0,6,0,0,0,90,1719,3255,BET (A)
J. Ordoñez,DEF,4.5,0,0,0,0,0,0,0,0,0,0,484,3856,INT (A)
J. Seys,DEF,4.5,1,0,1,0,0,2,0,0,0,90,2341,3949,INT (A)
J. St. Juste,DEF,4.5,1,0,0,0,0,5,0,0,0,90,140,1672,COM (H)
J. Stanišić,DEF,4.5,0,0,2,0,0,0,0,0,0,0,4753,6791,BOD (H)
Junior Firpo,DEF,4.5,2,0,0,0,0,5,0,0,0,81,87,869,POR (H)
K. Bajrić,DEF,4.5,1,0,0,0,0,2,0,0,0,22,45,196,STU (H)
K. Jørgensen,DEF,4.5,3,0,0,0,0,3,0,0,0,65,206,203,LIV (H)
K. Koulierakis,DEF,4.5,0,0,0,0,0,0,0,0,0,0,50,113,FEN (A)
K. Sildillia,DEF,4.5,0,0,0,0,0,0,0,0,0,0,73,1506,SHK (H)
L. Balerdi,DEF,4.5,0,0,0,0,0,0,0,0,0,0,188,916,FEN (A)
L. Costa,DEF,4.5,0,0,0,0,0,0,0,0,0,0,64,345,NAP (H)
L. Digne,DEF,4.5,1,0,0,0,0,1,0,0,0,26,640,2600,MCI (A)
L. Geertruida,DEF,4.5,0,0,0,0,0,0,0,0,0,0,736,1648,SHK (H)
L. Hernández,DEF,4.5,1,0,1,0,0,1,0,0,0,26,637,3152,MCI (A)
L. Marianucci,DEF,4.5,0,0,0,0,0,0,0,0,0,0,113,1600,VIL (A)
L. Mercan,DEF,4.5,0,0,0,0,0,0,0,0,0,0,16,158,ROM (H)
L. Rota,DEF,4.5,9,0,0,0,0,9,1,0,0,90,1477,612,SHK (A)
L. Shaw,DEF,4.5,0,0,3,0,0,0,0,0,0,0,12625,8330,SAB (H)
L. Spinazzola,DEF,4.5,0,0,0,0,0,0,0,0,0,0,418,3186,VIL (A)
L. Srdanovic,DEF,4.5,0,0,0,0,0,0,0,0,0,0,80,1563,ARS (A)
Lisandro Martínez,DEF,4.5,0,0,2,0,0,0,0,0,0,0,7326,5437,SAB (H)
M. Bartra,DEF,4.5,18,0,0,2,0,6,0,0,0,90,670,1590,POR (H)
M. Cash,DEF,4.5,0,0,2,0,0,0,0,0,0,0,7024,8512,FEN (H)
M. Dams,DEF,4.5,0,0,0,0,0,0,0,0,0,0,33,122,INT (A)
M. De Ligt,DEF,4.5,0,0,0,0,0,0,0,0,0,0,325,2180,SAB (H)
M. Hermoso,DEF,4.5,0,0,0,0,0,0,0,0,0,0,1174,1229,FEN (A)
M. Lewis-Skelly,DEF,4.5,0,0,5,0,0,0,0,0,0,0,17380,15629,LIL (H)
M. Matviyenko,DEF,4.5,0,0,0,0,0,0,0,0,0,0,106,617,PSV (A)
M. Mittelstädt,DEF,4.5,4,0,5,0,0,7,0,0,0,86,29900,7304,SBR (A)
M. Ruggeri,DEF,4.5,0,0,1,0,0,0,0,0,0,0,4714,8125,FEN (H)
M. Udol,DEF,4.5,0,0,0,0,0,0,0,0,0,0,346,1779,SLA (A)
Minjae Kim,DEF,4.5,0,0,1,0,0,0,0,0,0,0,2613,4579,BOD (H)
N. Mazraoui,DEF,4.5,0,0,1,0,0,0,0,0,0,0,1281,2815,SAB (H)
N. Ngoy,DEF,4.5,2,0,0,0,0,3,0,0,0,90,537,1824,ARS (A)
O. Diomande,DEF,4.5,0,0,0,0,0,0,0,0,0,0,12,195,LEN (A)
P. Hincapié,DEF,4.5,8,0,3,0,0,8,1,0,0,90,8612,10193,LIL (H)
P. Navarro,DEF,4.5,2,0,0,0,0,6,0,0,1,83,80,721,NAP (H)
Pau Torres,DEF,4.5,8,0,1,0,2,5,0,0,0,90,2250,2649,FEN (H)
R. Aguilar,DEF,4.5,0,0,0,0,0,0,0,0,0,0,349,1823,SLA (A)
R. Bensebaini,DEF,4.5,0,0,1,0,0,0,0,0,0,0,2924,10430,BOD (A)
R. Calafiori,DEF,4.5,0,0,31,0,0,0,0,0,0,0,82082,30177,LIL (H)
R. Dashdamirov,DEF,4.5,0,0,0,0,0,0,0,0,0,0,21,109,MUN (A)
R. Flamingo,DEF,4.5,0,0,0,0,0,0,0,0,0,0,612,3150,SHK (H)
R. Le Normand,DEF,4.5,1,0,2,0,0,2,0,0,0,13,3302,6336,MUN (H)
R. Perraud,DEF,4.5,1,0,0,0,0,1,0,0,0,88,210,1734,ARS (A)
Rafa Marín,DEF,4.5,2,0,0,0,0,2,0,0,0,90,139,2737,VIL (A)
Raúl Asencio,DEF,4.5,0,0,0,0,0,0,0,0,0,0,118,1370,ROM (A)
Renato Veiga,DEF,4.5,-1,0,1,0,0,2,0,0,0,90,828,2671,NAP (H)
Ricardo Mangas,DEF,4.5,0,0,0,0,0,0,0,0,0,0,4,268,LEN (A)
Ronald Araújo,DEF,4.5,5,0,3,0,1,2,0,0,0,90,6032,6747,LASK (A)
S. Baidoo,DEF,4.5,0,0,0,0,0,0,0,0,0,0,61,1176,SLA (A)
S. Coulibaly,DEF,4.5,0,0,0,0,0,0,0,0,0,0,43,132,INT (A)
S. Marković,DEF,4.5,-1,0,0,0,0,1,0,0,0,90,32,178,STU (H)
S. Pilios,DEF,4.5,7,0,0,0,0,5,1,0,0,90,1086,447,SHK (A)
S. Solvet,DEF,4.5,0,0,0,0,0,0,0,0,0,0,61,138,MUN (A)
Sandro Cruz,DEF,4.5,1,0,0,0,0,6,0,0,0,90,30,190,STU (H)
Souza,DEF,4.5,0,0,0,0,0,0,0,0,0,0,41,145,BET (A)
T. Holeš,DEF,4.5,0,0,0,0,0,0,0,0,0,0,75,1334,LEN (H)
T. Mings,DEF,4.5,0,0,0,0,0,0,0,0,0,0,608,2242,FEN (H)
T. Puchacz,DEF,4.5,0,0,0,0,0,0,0,0,0,0,392,336,MUN (A)
T. Watanabe,DEF,4.5,1,0,0,0,0,4,0,0,0,90,142,1611,COM (H)
V. Bondar,DEF,4.5,0,0,0,0,0,0,0,0,0,0,98,599,PSV (A)
V. Lindelöf,DEF,4.5,2,0,1,0,0,4,0,0,0,90,2269,2630,FEN (H)
V. Nielsen,DEF,4.5,0,0,0,0,0,0,0,0,0,0,157,1706,BAY (A)
W. Anton,DEF,4.5,3,0,1,0,0,9,0,0,1,90,7582,5905,BOD (A)
W. Orbán,DEF,4.5,0,0,0,0,0,0,0,0,0,0,285,1527,COM (A)
Wesley França,DEF,4.5,0,0,1,0,0,0,0,0,0,0,1712,1690,FEN (A)
Xavi Espart,DEF,4.5,0,0,3,0,0,0,0,0,0,0,17365,4578,GAL (A)
Y. Bisseck,DEF,4.5,1,0,1,0,0,3,0,0,1,90,2848,5298,BRU (H)
Y. Spalt,DEF,4.5,0,0,0,0,0,0,0,0,0,0,55,265,SBR (A)
Z. Debast,DEF,4.5,1,0,0,0,0,0,0,0,0,6,517,2128,LEN (A)
Çağlar Söyüncü,DEF,4.5,0,0,0,0,0,0,0,0,0,0,69,257,ROM (H)
Éder Militão,DEF,4.5,0,0,0,0,0,0,0,0,0,0,230,1849,ROM (A)
A. Al-Dakhil,DEF,4,1,0,0,0,0,1,0,0,0,4,50,78,SBR (A)
A. Buongiorno,DEF,4,0,0,1,0,0,0,0,0,0,0,1335,2286,VIL (A)
A. Bærtelsen,DEF,4,0,0,0,0,0,0,0,0,0,0,56,156,BAY (H)
A. Cuenca,DEF,4,0,0,0,0,0,0,0,0,0,0,238,996,RBL (H)
A. Dossena,DEF,4,0,0,0,0,0,0,0,0,0,0,72,52,RBL (H)
A. Freeman,DEF,4,1,0,0,0,0,3,0,0,0,45,249,317,NAP (H)
A. Garcia,DEF,4,0,0,0,0,0,0,0,0,0,0,169,100,INT (A)
A. Ghram,DEF,4,0,0,0,0,0,0,0,0,0,0,80,77,PSV (A)
A. Goffi,DEF,4,0,0,0,0,0,0,0,0,0,0,30,26,ARS (A)
A. Groiß,DEF,4,0,0,0,0,0,0,0,0,0,0,295,319,SBR (A)
A. Heaven,DEF,4,0,0,0,0,0,0,0,0,0,0,573,567,SAB (H)
A. Ibrahim,DEF,4,0,0,0,0,0,0,0,0,0,0,88,89,LIV (H)
A. Kabar,DEF,4,0,0,0,0,0,0,0,0,0,0,8,44,BOD (A)
A. McCarthy,DEF,4,0,0,0,0,0,0,0,0,0,0,151,126,MUN (A)
A. Midzic,DEF,4,0,0,0,0,0,0,0,0,0,0,71,54,LIV (H)
A. N'Guessan,DEF,4,0,0,0,0,0,0,0,0,0,0,38,70,LEN (H)
A. Nagalo,DEF,4,0,0,0,0,0,0,0,0,0,0,461,453,SHK (H)
A. Obispo,DEF,4,0,0,1,0,0,0,0,0,0,0,5340,3916,SHK (H)
A. Valle,DEF,4,0,0,1,0,0,0,0,0,0,0,4992,2058,RBL (H)
Arnau Solà,DEF,4,0,0,0,0,0,0,0,0,0,0,28,36,MUN (H)
B. Henrichs,DEF,4,0,0,0,0,0,0,0,0,0,0,343,259,COM (A)
B. Meijer,DEF,4,0,0,0,0,0,0,0,0,0,0,14,188,INT (A)
B. Nieuwkoop,DEF,4,0,0,0,0,0,0,0,0,0,0,20,76,COM (H)
B. Plantinga,DEF,4,0,0,0,0,0,0,0,0,0,0,18,29,COM (H)
C. Favasuli,DEF,4,1,0,0,0,0,0,0,0,0,33,64,60,VIL (A)
C. Kebe,DEF,4,0,0,0,0,0,0,0,0,0,0,37,44,LIV (H)
C. Lykogiannis,DEF,4,0,0,0,0,0,0,0,0,0,0,138,113,SHK (A)
C. Romero,DEF,4,0,0,0,0,0,0,0,0,0,0,347,425,NAP (H)
C. Verdonk,DEF,4,0,0,0,0,0,0,0,0,0,0,410,387,ARS (A)
Carlos Augusto,DEF,4,8,0,1,1,0,3,0,0,0,83,4327,4286,BRU (H)
Cihan Akgün,DEF,4,0,0,0,0,0,0,0,0,0,0,39,36,BAR (H)
D. Arroyo,DEF,4,0,0,0,0,0,0,0,0,0,0,20,76,PSV (A)
D. Boly,DEF,4,0,0,0,0,0,0,0,0,0,0,65,54,MCI (A)
D. Elfadli,DEF,4,0,0,0,0,0,0,0,0,0,0,50,47,LIV (H)
D. Ghilardi,DEF,4,0,0,0,0,0,0,0,0,0,0,106,110,FEN (A)
D. Hashioka,DEF,4,0,0,0,0,0,0,0,0,0,0,42,244,LEN (H)
D. Javorček,DEF,4,0,0,0,0,0,0,0,0,0,0,13,78,LEN (H)
D. Jurásek,DEF,4,0,0,0,0,0,0,0,0,0,0,77,83,LEN (H)
D. Nothnagel,DEF,4,0,0,0,0,0,0,0,0,0,0,94,163,SBR (A)
D. Rensch,DEF,4,0,0,0,0,0,0,0,0,0,0,75,111,FEN (A)
D. Slory,DEF,4,0,0,0,0,0,0,0,0,0,0,20,22,COM (H)
D. Zagadou,DEF,4,0,0,0,0,0,0,0,0,0,0,83,126,SBR (A)
Dani Martinez,DEF,4,0,0,0,0,0,0,0,0,0,0,158,83,MUN (H)
E. Bassey,DEF,4,0,0,0,0,0,0,0,0,0,0,76,54,BAY (H)
E. Bitshiabu,DEF,4,0,0,0,0,0,0,0,0,0,0,449,383,BAR (H)
E. Goldaniga,DEF,4,0,0,0,0,0,0,0,0,0,0,173,241,RBL (H)
E. Lulli,DEF,4,0,0,0,0,0,0,0,0,0,0,175,91,FEN (A)
Eren Elmalı,DEF,4,1,0,0,0,0,3,0,0,1,90,378,1424,BAR (H)
Erivaldo Almeida,DEF,4,0,0,0,0,0,0,0,0,0,0,50,65,MUN (A)
F. Kostić,DEF,4,0,0,2,0,0,0,0,0,0,0,6839,3374,SHK (H)
F. Mane,DEF,4,0,0,0,0,0,0,0,0,0,0,316,1214,BOD (A)
F. Merién,DEF,4,0,0,0,0,0,0,0,0,0,0,283,319,SHK (H)
Francisco Moura,DEF,4,1,0,0,0,0,1,0,0,0,17,577,500,BET (A)
G. Gocholeishvili,DEF,4,0,0,0,0,0,0,0,0,0,0,12,72,PSV (A)
G. Smal,DEF,4,0,0,0,0,0,0,0,0,0,0,31,128,COM (H)
Gerard Martín,DEF,4,0,0,9,0,0,0,0,0,0,0,44557,22282,GAL (A)
H. Agboluaje,DEF,4,0,0,0,0,0,0,0,0,0,0,49,42,COM (H)
H. Aleesami,DEF,4,0,0,0,0,0,0,0,0,0,0,144,862,BAY (A)
H. Fort,DEF,4,0,0,0,0,0,0,0,0,0,0,248,747,GAL (A)
H. Ito,DEF,4,0,0,0,0,0,0,0,0,0,0,582,1501,BOD (H)
H. Siquet,DEF,4,2,0,0,0,0,3,0,0,0,45,249,1379,INT (A)
Han-beom Lee,DEF,4,3,0,0,0,0,7,0,0,0,90,648,283,INT (A)
I. Azarov,DEF,4,0,0,0,0,0,0,0,0,0,0,76,98,PSV (A)
I. Ba,DEF,4,0,0,0,0,0,0,0,0,0,0,101,203,LEN (A)
I. Cossier,DEF,4,0,0,0,0,0,0,0,0,0,0,44,40,ARS (A)
I. Fresneda,DEF,4,1,0,5,0,0,1,0,0,0,6,20937,13378,LEN (A)
I. Mabaya,DEF,4,0,0,0,0,0,0,0,0,0,0,22,23,LASK (A)
I. Määttä,DEF,4,0,0,0,0,0,0,0,0,0,0,222,894,BAY (A)
I. Smolčić,DEF,4,0,0,0,0,0,0,0,0,0,0,521,408,RBL (H)
I. Van Der Brempt,DEF,4,0,0,0,0,0,0,0,0,0,0,37,131,RBL (H)
I. Zabarnyi,DEF,4,3,0,1,0,0,3,0,0,0,90,2039,2374,MCI (A)
J. Daland,DEF,4,2,0,0,0,0,4,0,0,0,62,103,98,BAY (H)
J. Fortea,DEF,4,0,0,0,0,0,0,0,0,0,0,34,32,ROM (A)
J. Gadou,DEF,4,2,0,0,0,0,5,0,0,0,90,3809,1934,BOD (A)
J. Gomez,DEF,4,0,0,0,0,0,0,0,0,0,0,851,3334,LASK (A)
J. Gundersen,DEF,4,0,0,0,0,0,0,0,0,0,0,1053,2451,BAY (A)
J. Lopez,DEF,4,0,0,0,0,0,1,0,0,0,45,30,34,COM (H)
J. Lotomba,DEF,4,0,0,0,0,0,0,0,0,0,0,59,81,COM (H)
J. Oosterwolde,DEF,4,0,0,0,0,0,0,0,0,0,0,958,599,ROM (H)
J. Ramón,DEF,4,0,0,1,0,0,0,0,0,0,0,4494,2177,RBL (H)
J. Riedl,DEF,4,0,0,0,0,0,0,0,0,0,0,17,29,BOD (A)
J. Spileers,DEF,4,0,0,0,0,0,0,0,0,0,0,166,935,INT (A)
J. Todibo,DEF,4,0,0,1,0,0,0,0,0,0,0,723,1637,SLA (A)
J. Tornich,DEF,4,6,0,0,0,0,12,0,0,0,90,306,101,LIV (H)
J. Vagnoman,DEF,4,2,0,4,0,0,3,0,0,0,28,26222,4678,SBR (A)
J. Wansch,DEF,4,0,0,0,0,0,0,0,0,0,0,76,63,LIV (H)
J. Ziółkowski,DEF,4,0,0,0,0,0,0,0,0,0,0,36,158,FEN (A)
J. van den Berg,DEF,4,0,0,1,0,0,0,0,0,0,0,1700,1391,SHK (H)
Joan Martínez,DEF,4,0,0,0,0,0,0,0,0,0,0,83,62,ROM (A)
K. Antonio,DEF,4,0,0,0,0,0,0,0,0,0,0,214,171,SLA (A)
K. Haugen,DEF,4,2,0,0,0,0,4,0,0,0,71,57,94,BAY (H)
K. Nedeljković,DEF,4,0,0,0,0,0,0,0,0,0,0,1,19,FEN (H)
K. Oppong,DEF,4,0,0,0,0,0,0,0,0,0,0,230,164,ROM (H)
K. Sabbe,DEF,4,0,0,1,0,0,1,0,0,0,45,3781,2600,INT (A)
K. Tsimikas,DEF,4,1,0,0,0,0,2,0,0,0,2,605,713,LASK (A)
K. Wimmer,DEF,4,0,0,0,0,0,0,0,0,0,0,63,58,STU (H)
Kaan Ayhan,DEF,4,0,0,0,0,0,0,0,0,0,0,154,844,BAR (H)
Kaiki Bruno,DEF,4,0,0,0,0,0,0,0,0,0,0,198,217,RBL (H)
Kauã Prates,DEF,4,1,0,0,0,0,1,0,0,0,8,357,241,BOD (A)
L. Assignon,DEF,4,0,0,0,0,0,0,0,0,0,0,37,108,SBR (A)
L. Bogarde,DEF,4,1,0,0,0,0,2,0,0,0,22,167,198,FEN (H)
L. Chambers,DEF,4,0,0,0,0,0,0,0,0,0,0,49,47,LASK (A)
L. Jaquez,DEF,4,0,0,0,0,0,0,0,0,0,0,65,141,SBR (A)
L. Klostermann,DEF,4,0,0,0,0,0,0,0,0,0,0,546,356,COM (A)
L. Ortner,DEF,4,0,0,0,0,0,0,0,0,0,0,59,42,LIV (H)
L. Reggiani,DEF,4,0,0,0,0,0,0,0,0,0,0,161,179,BOD (A)
L. Stergiou,DEF,4,0,0,0,0,0,0,0,0,0,0,32,63,SBR (A)
L. Yoro,DEF,4,0,0,1,0,0,0,0,0,0,0,3089,2031,SAB (H)
Lucas Beraldo,DEF,4,1,0,0,0,0,2,0,0,0,17,1024,1202,MCI (A)
M. Adje,DEF,4,0,0,0,0,0,0,0,0,0,0,25,28,BOD (A)
M. Blix Olsen,DEF,4,0,0,0,0,0,0,0,0,0,0,35,40,BAY (A)
M. Cruz,DEF,4,0,0,0,0,0,0,0,0,0,0,14,29,COM (H)
M. Deijl,DEF,4,0,0,0,0,0,0,0,0,0,0,33,70,COM (H)
M. Esteve,DEF,4,0,0,0,0,0,0,0,0,0,0,375,296,COM (A)
M. Finkgräfe,DEF,4,0,0,0,0,0,0,0,0,0,0,83,104,COM (A)
M. Freckleton,DEF,4,0,0,0,0,0,0,0,0,0,0,38,49,LIV (H)
M. Georgiev,DEF,4,0,0,0,0,0,0,0,0,0,0,185,201,SHK (A)
M. Gutiérrez,DEF,4,0,0,0,0,0,0,0,0,0,0,23,264,VIL (A)
M. Herwerth,DEF,4,0,0,0,0,0,0,0,0,0,0,27,57,SBR (A)
M. Jaiteh,DEF,4,0,0,0,0,0,0,0,0,0,0,33,25,BAY (A)
M. Kempf,DEF,4,0,0,0,0,0,0,0,0,0,0,296,329,RBL (H)
M. Konečný,DEF,4,0,0,0,0,0,0,0,0,0,0,82,46,LEN (H)
M. Marello,DEF,4,0,0,0,0,0,0,0,0,0,0,79,54,BRU (H)
M. Medina,DEF,4,1,0,0,0,0,4,0,0,0,90,86,61,COM (H)
M. Mparaganda,DEF,4,0,0,0,0,0,0,0,0,0,0,23,25,COM (H)
M. Mármol,DEF,4,0,0,0,0,0,0,0,0,0,0,158,136,COM (H)
M. Nawrocki,DEF,4,0,0,0,0,0,0,0,0,0,0,32,58,SLA (A)
M. Olivera,DEF,4,4,0,1,0,0,6,0,0,0,90,1580,2357,VIL (A)
M. Pubill,DEF,4,1,0,2,0,0,3,0,0,1,90,6044,5908,MUN (H)
M. Roseth,DEF,4,0,0,0,0,0,0,0,0,0,0,32,76,BAY (H)
M. Verhaeghe,DEF,4,0,0,0,0,0,0,0,0,0,0,30,33,LIV (H)
M. Zekri,DEF,4,0,0,0,0,0,0,0,0,0,0,43,22,LEN (A)
Mario Rivas,DEF,4,0,0,0,0,0,0,0,0,0,0,50,42,ROM (A)
Marlon Santos,DEF,4,0,0,0,0,0,0,0,0,0,0,70,298,PSV (A)
Martim Cunha,DEF,4,0,0,0,0,0,0,0,0,0,0,34,31,BET (A)
Martim Fernandes,DEF,4,3,0,0,0,0,4,0,0,0,73,284,310,BET (A)
Mauro Júnior,DEF,4,0,0,1,0,0,0,0,0,0,0,7222,13383,SHK (H)
Mert Müldür,DEF,4,0,0,0,0,0,0,0,0,0,0,125,109,ROM (H)
Metehan Baltacı,DEF,4,0,0,0,0,0,0,0,0,0,0,41,155,BAR (H)
N. Brown,DEF,4,0,0,12,0,0,0,0,0,0,0,46064,23488,BOD (H)
N. Glossoa,DEF,4,0,0,0,0,0,0,0,0,0,0,6,28,LEN (H)
N. Čelik,DEF,4,0,0,0,0,0,0,0,0,0,0,66,173,SLA (A)
Natan,DEF,4,1,0,2,0,0,5,0,0,1,61,3180,1808,POR (H)
Nehuén Pérez,DEF,4,3,0,0,0,0,6,0,0,0,90,490,508,BET (A)
O. Bjørtuft,DEF,4,0,0,3,0,0,0,0,0,0,0,8947,5587,BAY (A)
O. Karavaiev,DEF,4,0,0,0,0,0,0,0,0,0,0,74,72,PSV (A)
O. Mimović,DEF,4,0,0,0,0,0,0,0,0,0,0,27,33,ROM (H)
O. Toure,DEF,4,0,0,0,0,0,0,0,0,0,0,167,754,ARS (A)
P. Mazzocchi,DEF,4,0,0,0,0,0,0,0,0,0,0,285,381,VIL (A)
Pedro Henrique,DEF,4,0,0,0,0,0,0,0,0,0,0,331,404,PSV (A)
R. Hendriks,DEF,4,2,0,0,0,0,4,0,0,0,19,246,262,SBR (A)
R. Lewis,DEF,4,0,0,1,0,0,0,0,0,0,0,1870,2964,PSG (H)
R. Rodriguez German,DEF,4,0,0,0,0,0,0,0,0,0,0,107,73,LIV (H)
S. Abdulhamid,DEF,4,0,0,0,0,0,0,0,0,0,0,697,1456,SLA (A)
S. Beukema,DEF,4,0,0,0,0,0,0,0,0,0,0,344,1491,VIL (A)
S. Bjørshol,DEF,4,0,0,0,0,0,0,0,0,0,0,27,74,BAY (H)
S. Boey,DEF,4,0,0,1,0,0,0,0,0,0,0,3583,3249,BOD (H)
S. Cardona,DEF,4,1,0,0,0,0,4,0,0,1,45,288,1369,NAP (H)
S. Isife,DEF,4,0,0,0,0,0,0,0,0,0,0,98,83,LEN (H)
S. Kozlovský,DEF,4,0,0,0,0,0,0,0,0,0,0,76,101,STU (H)
S. Mouriño,DEF,4,7,0,0,1,0,8,0,0,1,90,653,1667,NAP (H)
S. Sagnan,DEF,4,0,0,0,0,0,0,0,0,0,0,249,187,SLA (A)
S. Van Hoogen,DEF,4,0,0,0,0,0,0,0,0,0,0,31,38,INT (A)
Sahmkou Camara,DEF,4,1,0,0,0,0,3,0,0,0,68,93,54,STU (H)
Sergi Altimira,DEF,4,3,0,1,0,0,8,0,0,1,90,11521,3426,LEN (A)
T. Beelen,DEF,4,0,0,0,0,0,0,0,0,0,0,52,63,COM (H)
T. Harwood-Bellis,DEF,4,0,0,0,0,0,0,0,0,0,0,102,114,FEN (H)
T. Mutallimov,DEF,4,0,0,0,0,0,0,0,0,0,0,206,303,MUN (A)
T. Nianzou,DEF,4,0,0,0,0,0,0,0,0,0,0,42,152,ARS (A)
T. Schens,DEF,4,0,0,0,0,0,0,0,0,0,0,20,34,COM (H)
T. Sibiya,DEF,4,0,0,0,0,0,0,0,0,0,0,12,38,ARS (A)
T. Vlček,DEF,4,0,0,0,0,0,0,0,0,0,0,262,1256,LEN (H)
T. Wessels,DEF,4,0,0,0,0,0,0,0,0,0,0,40,33,COM (H)
Tiago Santos,DEF,4,1,0,1,0,0,2,0,0,0,90,2579,1581,ARS (A)
V. Auklend,DEF,4,1,0,0,0,0,1,0,0,0,20,32,27,BAY (H)
V. Osuji,DEF,4,0,0,0,0,0,0,0,0,0,0,13,45,INT (A)
V. Tobías,DEF,4,0,0,0,0,0,0,0,0,0,0,269,398,PSV (A)
V. Vevatne,DEF,4,0,0,0,0,0,0,0,0,0,0,65,134,BAY (H)
Valentin Gomez,DEF,4,1,0,0,0,0,2,0,0,0,29,593,508,POR (H)
Vitor Reis,DEF,4,0,0,0,0,0,0,0,0,0,0,143,180,PSG (H)
W. Kambwala,DEF,4,0,0,1,0,0,0,0,0,0,0,870,1510,RBL (H)
W. Singo,DEF,4,0,0,1,0,0,0,0,0,0,0,4989,13306,BAR (H)
X. Mbuyamba,DEF,4,3,0,0,0,0,4,0,0,0,90,511,185,LIV (H)
Y. Dibango,DEF,4,0,0,0,0,0,0,0,0,0,0,60,61,LIV (H)
Y. Gasiorowski,DEF,4,0,0,0,0,0,0,0,0,0,0,1260,1882,SHK (H)
Y. Mbodji,DEF,4,0,0,0,0,0,0,0,0,0,0,1035,3538,LEN (H)
Yan Couto,DEF,4,0,0,4,0,0,0,0,0,0,0,18976,9465,RBL (H)
Yiğit Efe Demir,DEF,4,0,0,0,0,0,0,0,0,0,0,43,52,ROM (H)
Yusuf Kahraman,DEF,4,0,0,0,0,0,0,0,0,0,0,147,96,BAR (H)
Z. Sanusi,DEF,4,0,0,0,0,0,0,0,0,0,0,176,386,BET (A)
Š. Chaloupek,DEF,4,0,0,1,0,0,0,0,0,0,0,3041,3158,LEN (H)
E. Haaland,FWD,11,12,0,22,2,0,0,0,0,1,90,31405,34147,PSG (H)
H. Kane,FWD,11,0,0,54,0,0,0,0,0,0,0,66540,21253,BOD (H)
K. Mbappé,FWD,11,6,0,57,1,0,2,0,0,0,89,52258,40203,ROM (A)
J. Alvarez,FWD,10,5,0,3,0,1,0,0,0,0,90,3343,16059,MUN (H)
O. Dembélé,FWD,10,16,0,15,2,2,0,0,0,0,64,26718,31661,MCI (A)
Lautaro Martínez,FWD,9.5,4,0,3,0,1,1,0,0,1,90,5098,10886,BRU (H)
S. Guirassy,FWD,8.5,13,0,9,2,0,0,0,0,0,90,33626,26104,BOD (A)
V. Gyökeres,FWD,8.5,2,0,3,0,0,1,0,0,0,73,4168,13242,LIL (H)
H. Ekitiké,FWD,8,0,0,1,0,0,0,0,0,0,0,1435,10365,LASK (A)
K. Havertz,FWD,8,1,0,7,0,0,0,0,0,0,17,17982,21236,LIL (H)
R. Højlund,FWD,8,2,0,1,0,0,0,0,0,0,76,1735,10209,VIL (A)
V. Osimhen,FWD,8,0,0,6,0,0,0,0,0,0,0,18354,67393,BAR (H)
A. Isak,FWD,7.5,5,0,13,0,1,1,0,0,0,88,43453,31287,LASK (A)
C. Gakpo,FWD,7.5,0,0,5,0,0,0,0,0,0,0,13394,15994,LASK (A)
J. David,FWD,7.5,1,0,1,0,0,1,0,0,0,17,685,4303,MUN (H)
M. Thuram,FWD,7.5,2,0,2,0,0,0,0,0,0,60,4824,10436,BRU (H)
O. Marmoush,FWD,7.5,0,0,0,0,0,0,0,0,0,0,375,3394,PSG (H)
O. Watkins,FWD,7.5,0,0,0,0,0,0,0,0,0,0,295,2867,FEN (H)
R. Lukaku,FWD,7.5,0,0,1,0,0,0,0,0,0,0,1482,4868,ROM (H)
A. Sørloth,FWD,7,0,0,1,0,0,0,0,0,0,0,2986,8754,MUN (H)
A. Ueda,FWD,7,6,0,0,1,0,0,0,0,0,77,653,1109,ARS (A)
B. Mbeumo,FWD,7,0,0,12,0,0,0,0,0,0,0,49068,25956,SAB (H)
C. Nkunku,FWD,7,0,0,0,0,0,0,0,0,0,0,384,639,COM (A)
D. Undav,FWD,7,8,0,3,0,2,1,0,0,0,90,19525,12124,SBR (A)
Ferran Torres,FWD,7,18,0,8,3,0,2,0,0,0,73,18101,22645,MCI (A)
K. Adeyemi,FWD,7,7,0,4,1,0,0,0,0,0,63,8930,15708,GAL (A)
L. Suárez,FWD,7,7,0,8,1,0,0,0,0,1,74,30950,23075,LEN (A)
N. Jackson,FWD,7,6,0,1,1,0,1,0,0,0,81,4556,2861,FEN (H)
N. Tresoldi,FWD,7,6,0,1,1,0,1,0,0,0,90,4223,3977,INT (A)
P. Dybala,FWD,7,0,0,2,0,0,0,0,0,0,0,5293,3667,FEN (A)
S. Adeniran,FWD,7,0,0,0,0,0,0,0,0,0,0,285,865,LIV (H)
B. Madjo,FWD,6.5,0,0,0,0,0,0,0,0,0,0,739,1217,FEN (H)
B. Varga,FWD,6.5,2,0,1,0,0,1,0,0,0,90,7182,1874,SHK (A)
B. Šeško,FWD,6.5,0,0,3,0,0,0,0,0,0,0,8623,8057,SAB (H)
D. Malen,FWD,6.5,0,0,7,0,0,0,0,0,0,0,27148,16087,FEN (A)
Endrick,FWD,6.5,0,0,1,0,0,0,0,0,0,0,992,3179,ROM (A)
G. Jesus,FWD,6.5,5,0,2,1,0,2,0,0,0,7,4481,5876,GAL (A)
Gerard Moreno,FWD,6.5,1,0,0,0,0,0,0,0,0,8,668,1041,NAP (H)
L. Jović,FWD,6.5,1,0,1,0,0,0,0,0,1,82,3065,1745,SHK (A)
M. Kean,FWD,6.5,0,0,0,0,0,0,0,0,0,0,741,735,RBL (H)
O. Giroud,FWD,6.5,0,0,1,0,0,0,0,0,1,13,2987,2797,ARS (A)
O. Édouard,FWD,6.5,0,0,0,0,0,0,0,0,0,0,269,480,SLA (A)
T. Douvikas,FWD,6.5,0,0,1,0,0,0,0,0,0,0,2967,2745,RBL (H)
A. Dovbyk,FWD,6,0,0,0,0,0,0,0,0,0,0,15,95,FEN (A)
A. Šporar,FWD,6,2,0,0,0,0,2,0,0,0,80,97,122,STU (H)
André Silva,FWD,6,3,0,0,0,0,3,0,0,0,73,1031,1100,BET (A)
Ayoze Pérez,FWD,6,0,0,0,0,0,0,0,0,0,0,790,1064,NAP (H)
Cucho Hernández,FWD,6,0,0,0,0,0,0,0,0,0,0,732,752,POR (H)
E. Demirović,FWD,6,17,0,0,3,0,1,0,0,0,62,963,730,SBR (A)
F. Ioannidis,FWD,6,1,0,0,0,0,0,0,0,0,16,408,607,LEN (A)
G. Mikautadze,FWD,6,5,0,1,0,1,1,0,0,0,90,2679,3869,NAP (H)
H. Abdelkarim,FWD,6,0,0,0,0,0,0,0,0,0,0,732,535,GAL (A)
J. Zirkzee,FWD,6,0,0,0,0,0,0,0,0,0,0,697,861,SAB (H)
Kauã Elias,FWD,6,0,0,0,0,0,0,0,0,0,0,470,556,PSV (A)
M. Beier,FWD,6,6,0,1,0,1,3,0,0,0,82,3211,2896,BOD (A)
M. Guiu,FWD,6,0,0,0,0,0,0,0,0,0,0,294,308,COM (A)
M. Soulé,FWD,6,0,0,0,0,0,0,0,0,0,0,607,631,FEN (A)
M. Usor,FWD,6,2,0,0,0,0,2,0,0,0,90,836,358,LIV (H)
P. Christiansen,FWD,6,1,0,0,0,0,1,0,0,1,90,297,335,BAY (H)
R. Pepi,FWD,6,0,0,2,0,0,0,0,0,0,0,11797,7593,SHK (H)
S. Camara,FWD,6,7,0,0,1,0,3,0,0,0,90,115,140,STU (H)
S. Giménez,FWD,6,1,0,0,0,0,0,0,0,0,17,690,437,BET (A)
Samu,FWD,6,0,0,0,0,0,0,0,0,0,0,289,995,BET (A)
T. Abraham,FWD,6,1,0,0,0,0,0,0,0,0,10,734,851,FEN (H)
T. Chorý,FWD,6,0,0,0,0,0,0,0,0,0,0,540,735,LEN (H)
V. Muriqi,FWD,6,0,0,1,0,0,0,0,0,0,0,3541,2850,ROM (H)
Á. Morata,FWD,6,0,0,0,0,0,0,0,0,0,0,307,1309,RBL (H)
A. Bonny,FWD,5.5,1,0,1,0,0,1,0,0,0,30,2872,3274,BRU (H)
D. Šturm,FWD,5.5,0,0,0,0,0,0,0,0,0,0,198,246,LEN (H)
Eguinaldo,FWD,5.5,0,0,0,0,0,0,0,0,0,0,221,260,PSV (A)
Fábio Silva,FWD,5.5,4,0,1,0,1,1,0,0,0,16,4294,3880,BOD (A)
Giovane,FWD,5.5,0,0,0,0,0,0,0,0,0,0,216,275,VIL (A)
Gonzalo,FWD,5.5,0,0,0,0,0,0,0,0,0,0,92,448,ROM (A)
H. Igamane,FWD,5.5,0,0,0,0,0,0,0,0,0,0,361,569,ARS (A)
Jesus Rodríguez,FWD,5.5,0,0,0,0,0,0,0,0,0,0,437,465,RBL (H)
L. Traoré,FWD,5.5,0,0,0,0,0,0,0,0,0,0,178,268,PSV (A)
Luca Meirelles,FWD,5.5,0,0,0,0,0,0,0,0,0,0,603,562,PSV (A)
M. Diakhon,FWD,5.5,1,0,2,0,0,0,0,0,0,4,7811,7282,INT (A)
N. Ferri,FWD,5.5,2,0,0,0,0,0,0,0,0,63,271,187,COM (H)
R. Vermant,FWD,5.5,0,0,0,0,0,0,0,0,1,4,1059,1282,INT (A)
S. Castro,FWD,5.5,0,0,0,0,0,0,0,0,0,0,388,436,FEN (A)
S. Van Persie,FWD,5.5,1,0,0,0,0,0,0,0,0,27,638,754,COM (H)
Tiago Tomás,FWD,5.5,0,0,0,0,0,0,0,0,0,0,277,560,SBR (A)
A. Arena,FWD,5,0,0,0,0,0,0,0,0,0,0,126,89,FEN (A)
A. Helmersen,FWD,5,0,0,1,0,0,0,0,0,0,0,3313,1682,BAY (A)
A. Koita,FWD,5,2,0,0,0,0,2,0,0,0,89,1912,502,SHK (A)
A. Ouanda,FWD,5,0,0,0,0,0,0,0,0,0,0,38,110,LEN (H)
A. Pléa,FWD,5,0,0,0,0,0,0,0,0,0,0,402,941,SHK (H)
A. Thomas,FWD,5,0,0,0,0,0,0,0,0,0,0,173,645,COM (A)
A. Vasovic,FWD,5,0,0,0,0,0,0,0,0,0,0,321,290,INT (A)
A. Vergara,FWD,5,1,0,1,0,0,1,0,0,0,32,1618,1496,VIL (A)
A. Yirajang,FWD,5,0,0,0,0,0,0,0,0,0,0,56,50,STU (H)
Ada Yüzgeç,FWD,5,0,0,0,0,0,0,0,0,0,0,612,391,BAR (H)
Arda Tagay,FWD,5,0,0,0,0,0,0,0,0,0,0,238,184,BAR (H)
B. Assomo,FWD,5,0,0,0,0,0,0,0,0,0,0,31,27,BOD (H)
B. Bouanani,FWD,5,0,0,0,0,0,0,0,0,0,0,213,779,SBR (A)
B. Zaragoza,FWD,5,0,0,0,0,0,0,0,0,0,0,110,314,BOD (H)
C. Harder,FWD,5,0,0,0,0,0,0,0,0,0,0,184,811,COM (A)
C. Ngonge,FWD,5,0,0,0,0,0,0,0,0,0,0,42,162,VIL (A)
C. Obi,FWD,5,0,0,0,0,0,0,0,0,0,0,160,430,SAB (H)
C. Tengstedt,FWD,5,0,0,0,0,0,0,0,0,0,0,28,116,COM (H)
Carlos Espí,FWD,5,1,0,3,0,0,0,0,0,0,1,8243,4959,ROM (A)
D. Kutesa,FWD,5,0,0,0,0,0,0,0,0,0,0,273,214,SHK (A)
D. Man,FWD,5,0,0,2,0,0,0,0,0,0,0,8535,18637,SHK (H)
D. Nene,FWD,5,0,0,0,0,0,0,0,0,0,0,326,205,ROM (H)
D. Pejcinovic,FWD,5,1,0,1,0,0,0,0,0,0,28,6860,2392,SBR (A)
Deniz Gül,FWD,5,0,0,0,0,0,0,0,0,1,26,267,246,BAR (H)
E. Bajraktarević,FWD,5,0,0,0,0,0,0,0,0,0,0,775,663,SHK (H)
E. Banzuzi,FWD,5,0,0,0,0,0,0,0,0,0,0,990,860,COM (A)
E. Botheim,FWD,5,1,0,0,0,0,0,0,0,0,28,60,47,BAY (H)
F. Ivanović,FWD,5,0,0,2,0,0,0,0,0,0,0,5469,2619,SLA (A)
F. Sotoca,FWD,5,0,0,0,0,0,0,0,0,0,0,140,167,SLA (A)
G. Ambrosino,FWD,5,0,0,0,0,0,0,0,0,0,0,328,916,VIL (A)
G. Mendoza,FWD,5,0,0,1,0,0,0,0,0,0,0,1192,1216,PSV (A)
G. Nilsson,FWD,5,0,0,0,0,0,0,0,0,0,0,79,288,INT (A)
I. Onunta,FWD,5,0,0,0,0,0,0,0,0,0,0,7,8,COM (H)
J. Arévalo,FWD,5,0,0,0,0,0,0,0,0,0,0,43,63,SBR (A)
J. Diehl,FWD,5,0,0,0,0,0,0,0,0,0,0,88,94,SBR (A)
J. Milošević,FWD,5,0,0,0,0,0,0,0,0,0,0,2,19,SBR (A)
J. Mário,FWD,5,0,0,0,0,0,0,0,0,0,0,320,223,SHK (A)
K. Frimpong,FWD,5,0,0,0,0,0,0,0,0,0,0,302,237,BAY (H)
K. Neijenhuis,FWD,5,0,0,0,0,0,0,0,0,0,0,12,9,COM (H)
L. Cherubini,FWD,5,0,0,0,0,0,0,0,0,0,0,61,260,FEN (A)
L. Lucca,FWD,5,0,0,0,0,0,1,0,0,1,13,565,669,VIL (A)
M. Bayo,FWD,5,0,0,0,0,0,0,0,0,0,0,158,227,ARS (A)
M. Chytil,FWD,5,0,0,0,0,0,0,0,0,0,0,779,932,LEN (H)
M. Hansen,FWD,5,0,0,0,0,0,0,0,0,0,0,178,143,BAY (A)
M. Hartl,FWD,5,0,0,0,0,0,0,0,0,0,0,43,31,LIV (H)
M. Kianga,FWD,5,0,0,0,0,0,0,0,0,0,0,307,239,STU (H)
N. D'Agostino,FWD,5,0,0,0,0,0,0,0,0,0,0,60,70,BAY (H)
N. Kane,FWD,5,0,0,0,0,0,0,0,0,0,0,220,153,LIV (H)
O. Brynhildsen,FWD,5,0,0,0,0,0,0,0,0,0,0,201,184,BAY (A)
O. Mbina,FWD,5,0,0,0,0,0,0,0,0,0,0,198,157,MUN (A)
O. Zubkov,FWD,5,0,0,1,0,0,0,0,0,0,0,2377,1760,SHK (A)
P. Esposito,FWD,5,0,0,8,0,0,0,0,0,0,0,25973,18834,BRU (H)
P. Krapf,FWD,5,0,0,0,0,0,0,0,0,0,0,79,53,LIV (H)
Pablo Garcia,FWD,5,0,0,0,0,0,0,0,0,0,0,79,256,POR (H)
Pau Cabanes,FWD,5,0,0,0,0,0,0,0,0,0,0,18,49,NAP (H)
Q. Ndjantou,FWD,5,0,0,0,0,0,0,0,0,0,0,383,459,MCI (A)
R. Cardoso,FWD,5,0,0,0,0,0,0,0,0,0,0,321,742,COM (A)
R. Fofana,FWD,5,0,0,0,0,0,0,0,0,0,0,544,526,SLA (A)
R. Labeau Lascary,FWD,5,0,0,0,0,0,0,0,0,0,0,1,7,SLA (A)
R. Postema,FWD,5,0,0,0,0,0,0,0,0,0,0,90,92,BAY (H)
R. Vaz,FWD,5,0,0,0,0,0,0,0,0,0,0,561,1972,FEN (A)
R. Čerepkai,FWD,5,0,0,0,0,0,0,0,0,0,0,70,73,STU (H)
Rafael Nel,FWD,5,0,0,0,0,0,0,0,0,0,0,978,572,LEN (A)
S. Campbell,FWD,5,0,0,0,0,0,0,0,0,0,0,28,98,INT (A)
S. Inacio,FWD,5,0,0,0,0,0,0,0,0,0,0,1261,1176,BOD (A)
S. Kalajdzic,FWD,5,1,0,0,0,0,0,0,0,0,16,298,452,LIV (H)
S. Kvia-Egeskog,FWD,5,1,0,0,0,0,0,0,0,0,19,196,183,BAY (H)
S. Lammers,FWD,5,0,0,0,0,0,0,0,0,0,0,24,43,SHK (H)
S. Suleiman,FWD,5,0,0,0,0,0,0,0,0,0,0,269,201,COM (A)
T. Gomis,FWD,5,0,0,0,0,0,0,0,0,0,0,848,636,COM (A)
T. Oluwaseyi,FWD,5,1,0,1,0,0,2,0,0,0,59,4619,3037,NAP (H)
Troy Parrott,FWD,5,6,0,1,1,0,0,0,0,0,90,2694,1083,POR (H)
V. Berisha,FWD,5,0,0,0,0,0,0,0,0,0,0,37,81,BAY (H)
X. Severina,FWD,5,0,0,0,0,0,0,0,0,0,0,187,140,MUN (A)
Zini,FWD,5,1,0,0,0,0,1,0,0,0,8,1092,1140,SHK (A)
Alisson Becker,GK,6,3,0,4,0,0,0,0,0,0,90,2403,15448,LASK (A)
D. Raya,GK,6,7,0,35,0,0,0,1,0,0,90,33230,42847,LIL (H)
G. Donnarumma,GK,6,5,0,7,0,0,0,1,0,1,90,5177,17870,PSG (H)
T. Courtois,GK,6,4,0,16,0,0,0,0,0,0,90,11921,26684,ROM (A)
J. Oblak,GK,5.5,2,0,2,0,0,0,0,0,0,90,2345,5284,MUN (H)
M. Neuer,GK,5.5,0,0,9,0,0,0,0,0,0,0,16380,13780,BOD (H)
M. Safonov,GK,5.5,3,0,8,0,0,0,0,0,0,90,14505,15924,MCI (A)
Diogo Costa,GK,5,3,0,3,0,0,0,0,0,0,90,4414,5460,BET (A)
E. Martínez,GK,5,0,0,0,0,0,0,0,0,0,0,605,3235,FEN (H)
Ederson,GK,5,0,0,1,0,0,0,0,0,0,0,2250,2062,ROM (H)
G. Kobel,GK,5,2,0,6,0,0,0,0,0,0,90,23370,16497,BOD (A)
Joan García,GK,5,2,0,17,0,0,0,0,0,0,90,35167,28794,GAL (A)
Rui Silva,GK,5,3,0,1,0,0,0,0,0,0,90,4030,4206,LEN (A)
Uğurcan Çakır,GK,5,1,0,2,0,0,0,0,0,0,90,4766,6171,BAR (H)
W. Szczęsny,GK,5,0,0,1,0,0,0,0,0,0,0,563,1533,GAL (A)
A. Lunin,GK,4.5,0,0,0,0,0,0,0,0,0,0,392,1460,ROM (A)
A. Meret,GK,4.5,2,0,1,0,0,0,0,0,0,45,1696,2560,VIL (A)
A. Meyer,GK,4.5,0,0,0,0,0,0,0,0,0,0,404,1176,BOD (A)
A. Valles,GK,4.5,1,0,1,0,0,0,0,0,0,90,2637,2430,POR (H)
A. Østbø,GK,4.5,1,0,0,0,0,0,0,0,0,90,142,583,BAY (H)
Berke Özer,GK,4.5,1,0,1,0,0,0,0,0,0,90,1835,1844,ARS (A)
D. Riznyk,GK,4.5,0,0,0,0,0,0,0,0,0,0,255,966,PSV (A)
D. Seimen,GK,4.5,0,0,0,0,0,0,0,0,0,0,587,1685,SBR (A)
D. Takáč,GK,4.5,1,0,0,0,0,0,0,0,0,90,103,537,STU (H)
G. Mamardashvili,GK,4.5,0,0,1,0,0,0,0,0,0,0,1375,2648,LASK (A)
G. Rulli,GK,4.5,0,0,0,0,0,0,0,0,0,0,429,1345,PSG (H)
I. Provedel,GK,4.5,0,0,0,0,0,0,0,0,0,0,355,1318,BRU (H)
J. Butez,GK,4.5,0,0,1,0,0,0,0,0,0,0,3479,3257,RBL (H)
J. Martínez,GK,4.5,3,0,2,0,0,0,0,0,0,90,7093,6890,BRU (H)
J. Staněk,GK,4.5,0,0,0,0,0,0,0,0,0,0,796,1559,LEN (H)
J. Trafford,GK,4.5,0,0,0,0,0,0,0,0,0,0,7,80,PSG (H)
J. Urbig,GK,4.5,0,0,1,0,0,0,0,0,0,0,769,1612,BOD (H)
K. Arrizabalaga,GK,4.5,0,0,0,0,0,0,0,0,0,0,323,1245,LIL (H)
L. Chevalier,GK,4.5,0,0,1,0,0,0,0,0,0,0,1245,2557,MCI (A)
L. Jungwirth,GK,4.5,3,0,0,0,0,0,0,0,0,90,445,602,LIV (H)
M. Kovář,GK,4.5,0,0,1,0,0,0,0,0,0,0,4170,3607,SHK (H)
M. Svilar,GK,4.5,0,0,1,0,0,0,0,0,0,0,3665,3541,FEN (A)
M. Vandevoordt,GK,4.5,0,0,0,0,0,0,0,0,0,0,522,1184,COM (A)
N. Domchak,GK,4.5,0,0,0,0,0,0,0,0,0,0,47,633,LEN (H)
N. Haikin,GK,4.5,0,0,1,0,0,0,0,0,0,0,1770,2009,BAY (A)
N. Törnqvist,GK,4.5,0,0,0,0,0,0,0,0,0,0,44,521,RBL (H)
Pau López,GK,4.5,0,0,0,0,0,0,0,0,0,0,3,110,POR (H)
R. Risser,GK,4.5,0,0,1,0,0,0,0,0,0,0,2115,2477,SLA (A)
R. Sánchez,GK,4.5,0,0,1,0,0,0,0,0,0,0,3058,3312,RBL (H)
S. Lammens,GK,4.5,0,0,13,0,0,0,0,0,0,0,43144,20986,SAB (H)
S. Mignolet,GK,4.5,0,0,0,0,0,0,0,0,0,0,20,232,INT (A)
S. Pokatilov,GK,4.5,0,0,0,0,0,0,0,0,0,0,132,532,MUN (A)
T. Strakosha,GK,4.5,0,0,0,0,0,0,0,0,0,0,2835,3312,SHK (A)
Y. Sommer,GK,4.5,2,0,9,0,0,0,0,0,0,90,28048,22045,INT (A)
A. Bodart,GK,4,0,0,0,0,0,0,0,0,0,0,190,773,ARS (A)
A. Brignoli,GK,4,7,0,0,0,0,0,1,0,0,90,2724,710,SHK (A)
A. Longoni,GK,4,0,0,0,0,0,0,0,0,0,0,144,757,MCI (A)
A. Popović,GK,4,0,0,0,0,0,0,0,0,0,0,158,492,STU (H)
A. Ramazanov,GK,4,0,0,0,0,0,0,0,0,0,0,100,382,MUN (A)
A. Tenas,GK,4,0,0,0,0,0,0,0,0,0,0,196,1270,NAP (H)
A. Vignaud,GK,4,0,0,0,0,0,0,0,0,0,0,41,226,MCI (A)
Altay Bayındır,GK,4,0,0,0,0,0,0,0,0,0,0,4,35,SAB (H)
C. Katzmayr,GK,4,0,0,0,0,0,0,0,0,0,0,140,270,LIV (H)
Cláudio Ramos,GK,4,0,0,1,0,0,0,0,0,0,0,1998,1637,BET (A)
D. Livaković,GK,4,0,0,1,0,0,0,0,0,0,0,1460,1493,GAL (A)
D. Mee,GK,4,0,0,0,0,0,0,0,0,0,0,41,199,SAB (H)
D. Ramaj,GK,4,0,0,0,0,0,0,0,0,0,0,9,108,BOD (A)
D. Vasquez,GK,4,0,0,0,0,0,0,0,0,0,0,241,748,FEN (A)
Diego Callai,GK,4,0,0,0,0,0,0,0,0,0,0,105,76,LEN (A)
Diego Conde,GK,4,0,0,1,0,0,0,0,0,0,0,675,2568,POR (H)
E. Jacobsen,GK,4,0,0,0,0,0,0,0,0,0,0,94,469,BAY (H)
Enes Büyük,GK,4,0,0,0,0,0,0,0,0,0,0,83,230,BAR (H)
F. Bredlow,GK,4,2,0,3,0,0,0,0,0,0,90,21015,6968,SBR (A)
F. Kastenmeier,GK,4,0,0,0,0,0,0,0,0,0,0,35,220,COM (H)
F. Schillinger,GK,4,0,0,0,0,0,0,0,0,0,0,90,446,LIV (H)
F. Woodman,GK,4,0,0,0,0,0,0,0,0,0,0,205,767,LASK (A)
G. De Marzi,GK,4,0,0,0,0,0,0,0,0,0,0,228,498,FEN (A)
Gonçalo Ribeiro,GK,4,0,0,0,0,0,0,0,0,0,0,27,193,BET (A)
Günay Güvenç,GK,4,0,0,0,0,0,0,0,0,0,0,213,1168,BAR (H)
H. Koffi,GK,4,0,0,0,0,0,0,0,0,0,0,75,728,SLA (A)
I. Meslier,GK,4,0,0,1,0,0,0,0,0,0,0,849,1625,LIL (H)
I. Sjong,GK,4,0,0,0,0,0,0,0,0,0,0,72,205,BAY (A)
J. Faye Lund,GK,4,0,0,0,0,0,0,0,0,0,0,124,426,BAY (A)
J. Gauci,GK,4,0,0,0,0,0,0,0,0,0,0,59,509,FEN (H)
J. Markovič,GK,4,0,0,1,0,0,0,0,0,0,0,5534,2673,LEN (H)
J. Musso,GK,4,0,0,3,0,0,0,0,0,0,0,4013,5217,MUN (H)
J. Wright,GK,4,0,0,0,0,0,0,0,0,0,0,137,288,FEN (H)
Jankat Yılmaz,GK,4,0,0,0,0,0,0,0,0,0,0,93,205,BAR (H)
Javi Navarro,GK,4,0,0,0,0,0,0,0,0,0,0,46,213,ROM (A)
João Afonso,GK,4,0,0,0,0,0,0,0,0,0,0,68,213,BET (A)
João Costa,GK,4,0,0,2,0,0,0,0,0,0,0,1957,1799,BET (A)
João Virginia,GK,4,0,0,0,0,0,0,0,0,0,0,139,1083,LEN (A)
K. Darlow,GK,4,0,0,0,0,0,0,0,0,0,0,263,893,SAB (H)
K. Fesiun,GK,4,0,0,0,0,0,0,0,0,0,0,136,896,PSV (A)
Kaique Pereira,GK,4,0,0,0,0,0,0,0,0,0,0,92,50,LEN (A)
L. Bossin,GK,4,0,0,0,0,0,0,0,0,0,0,112,481,COM (H)
L. Nagel,GK,4,0,0,0,0,0,0,0,0,0,0,84,216,SBR (A)
L. Zingerle,GK,4,0,0,0,0,0,0,0,0,0,0,379,775,COM (A)
Luiz Júnior,GK,4,0,0,2,0,0,0,0,0,0,0,6084,6974,NAP (H)
M. Andersen,GK,4,0,0,0,0,0,0,0,0,0,0,77,209,BAY (A)
M. Berger,GK,4,0,0,0,0,0,0,0,0,0,0,75,226,COM (H)
M. Bettinelli,GK,4,0,0,1,0,0,0,0,0,0,0,667,1713,PSG (H)
M. Bizot,GK,4,0,0,0,0,0,0,0,0,0,0,508,1389,FEN (H)
M. Chabot,GK,4,0,0,0,0,0,0,0,0,0,0,33,222,PSG (H)
M. Funk,GK,4,0,0,0,0,0,0,0,0,0,0,93,600,SBR (A)
M. Gorgelin,GK,4,0,0,0,0,0,0,0,0,0,0,64,546,SLA (A)
M. Macík,GK,4,0,0,0,0,0,0,0,0,0,0,172,522,STU (H)
M. Vigorito,GK,4,0,0,1,0,0,0,0,0,0,0,1152,1282,RBL (H)
Mert Günok,GK,4,0,0,0,0,0,0,0,0,0,0,72,398,ROM (H)
N. Contini,GK,4,0,0,0,0,0,0,0,0,0,0,299,962,VIL (A)
N. Jackers,GK,4,0,0,1,0,0,0,0,0,0,0,1733,2261,INT (A)
N. Olij,GK,4,0,0,0,0,0,0,0,0,0,0,445,986,SHK (H)
O. Gill,GK,4,0,0,0,0,0,0,0,0,0,0,216,346,ARS (A)
O. Kolář,GK,4,0,0,0,0,0,0,0,0,0,0,75,537,LEN (H)
P. Drewes,GK,4,0,0,0,0,0,0,0,0,0,0,260,765,BOD (A)
P. Gollini,GK,4,0,0,0,0,0,0,0,0,0,0,137,461,FEN (A)
P. Gulácsi,GK,4,2,0,0,0,0,0,0,0,0,90,709,1069,NAP (H)
R. Ayyubov,GK,4,0,0,0,0,0,0,0,0,0,0,108,284,MUN (A)
R. Bahlai,GK,4,0,0,0,0,0,0,0,0,0,0,126,132,PSV (A)
R. Di Gennaro,GK,4,0,0,0,0,0,0,0,0,0,0,190,934,BRU (H)
R. Gurtner,GK,4,0,0,0,0,0,0,0,0,0,0,104,600,SLA (A)
R. Mirzammadov,GK,4,0,0,0,0,0,0,0,0,0,0,82,250,MUN (A)
R. Zelezny,GK,4,0,0,0,0,0,0,0,0,0,0,33,513,FEN (A)
Rubén Gómez,GK,4,0,0,0,0,0,0,0,0,0,0,236,307,NAP (H)
S. De Mol,GK,4,0,0,0,0,0,0,0,0,0,0,32,186,COM (H)
S. Drljača,GK,4,0,0,0,0,0,0,0,0,0,0,94,679,SBR (A)
S. Ostrzinski,GK,4,0,0,0,0,0,0,0,0,0,0,133,767,BOD (A)
S. Ulreich,GK,4,0,0,0,0,0,0,0,0,0,0,501,1060,BOD (H)
Sergio Mestre,GK,4,0,0,0,0,0,0,0,0,0,0,35,204,ROM (A)
T. Ernst,GK,4,1,0,0,0,0,0,0,0,0,90,717,905,COM (H)
T. Haksteeg,GK,4,0,0,0,0,0,0,0,0,0,0,21,214,COM (H)
T. Heaton,GK,4,0,0,0,0,0,0,0,0,0,0,74,580,SAB (H)
T. Schützenauer,GK,4,0,0,0,0,0,0,0,0,0,0,85,364,LIV (H)
T. Setford,GK,4,0,0,0,0,0,0,0,0,0,0,77,566,LIL (H)
T. Smolenaars,GK,4,0,0,1,0,0,0,0,0,0,0,1251,1574,SHK (H)
T. Walz,GK,4,0,0,0,0,0,0,0,0,0,0,404,491,SBR (A)
Tarık Çetin,GK,4,0,0,0,0,0,0,0,0,0,0,90,396,ROM (H)
V. Jaroš,GK,4,0,0,0,0,0,0,0,0,0,0,248,885,LASK (A)
V. Milinković-Savić,GK,4,2,0,12,0,0,0,0,0,0,45,26460,25020,VIL (A)
Y. Kinareikin,GK,4,0,0,0,0,0,0,0,0,0,0,220,346,NAP (H)
Z. Suzuki,GK,4,2,0,12,0,0,0,0,0,0,90,52000,9471,FEN (H)
Ø. Nyland,GK,4,0,0,1,0,0,0,0,0,0,0,1887,1233,COM (A)
Ľ. Belko,GK,4,0,0,0,0,0,0,0,0,0,0,137,457,BAY (H)
K. Kvaratskhelia,MID,10,0,0,27,0,0,0,0,0,0,0,43233,38463,MCI (A)
L. Yamal,MID,10,15,0,32,1,2,3,0,0,0,90,43065,32354,GAL (A)
Raphinha,MID,9.5,16,0,39,2,0,2,1,0,0,71,65532,19635,GAL (A)
Vinícius Júnior,MID,9.5,3,0,7,0,0,3,0,0,0,87,9640,22596,ROM (A)
Bruno Fernandes,MID,9,0,0,19,0,0,0,0,0,0,0,50631,25091,SAB (H)
M. Olise,MID,9,0,0,44,0,0,0,0,0,0,0,66190,30387,BOD (H)
B. Saka,MID,8.5,3,0,3,0,0,0,1,0,0,73,5703,7600,LIL (H)
D. Doué,MID,8.5,0,0,5,0,0,0,0,0,0,0,14624,13418,MCI (A)
F. Wirtz,MID,8.5,4,0,1,0,0,7,0,0,0,90,1208,3265,LASK (A)
Jude Bellingham,MID,8.5,3,0,21,0,0,3,0,0,0,90,34257,30218,ROM (A)
A. Gordon,MID,8,1,0,8,0,0,0,0,0,0,28,22340,23738,GAL (A)
D. Olmo,MID,8,1,0,2,0,0,1,0,0,1,83,1805,7205,GAL (A)
J. Musiala,MID,8,0,0,2,0,0,0,0,0,0,0,1356,6788,BOD (H)
Luis Díaz,MID,8,0,0,14,0,0,0,0,0,0,0,38920,29084,BOD (H)
C. Tzolis,MID,7.5,4,0,4,0,1,0,0,0,0,25,5599,19787,LIL (H)
D. Rice,MID,7.5,3,0,7,0,0,2,1,0,0,90,7812,17803,LIL (H)
E. Eze,MID,7.5,3,0,1,0,0,0,1,0,0,66,811,10340,LIL (H)
E. Fernández,MID,7.5,6,0,2,0,1,2,1,0,0,90,4081,8491,PSG (H)
G. Martinelli,MID,7.5,0,0,0,0,0,0,0,0,0,0,516,8357,LIL (H)
J. Doku,MID,7.5,0,0,1,0,0,0,0,0,0,0,1263,11427,PSG (H)
M. Greenwood,MID,7.5,0,0,3,0,0,0,0,0,0,0,4800,10074,ROM (H)
Pedri,MID,7.5,7,0,8,0,1,3,1,0,0,63,7569,18587,GAL (A)
S. McTominay,MID,7.5,0,0,1,0,0,0,0,0,0,0,900,12405,VIL (A)
Vitinha,MID,7.5,4,0,18,0,0,6,0,0,0,90,39023,37551,MCI (A)
Y. Diomande,MID,7.5,1,0,1,0,0,0,0,0,0,11,2560,12306,ROM (A)
A. Lookman,MID,7,1,0,2,0,0,0,0,0,0,31,3596,13138,MUN (H)
A. Semenyo,MID,7,3,0,3,0,0,0,1,0,0,62,11159,12242,PSG (H)
Antony,MID,7,3,0,1,0,0,4,0,0,0,90,1935,3763,POR (H)
B. Barcola,MID,7,2,0,5,0,0,1,0,0,0,60,13205,19575,LASK (A)
Bernardo Silva,MID,7,0,0,0,0,0,0,0,0,0,0,602,5170,ROM (A)
Bruno Guimarães,MID,7,1,0,1,0,0,1,0,0,0,25,671,3058,LIL (H)
D. Szoboszlai,MID,7,13,0,14,1,0,9,0,0,0,90,37638,45047,LASK (A)
E. Anderson,MID,7,3,0,1,0,0,6,0,0,0,28,834,3843,PSG (H)
F. Valverde,MID,7,10,0,5,1,0,2,0,0,0,90,10054,14860,ROM (A)
Fermín López,MID,7,1,0,20,0,0,0,0,0,0,20,68500,32883,GAL (A)
Hakan Çalhanoğlu,MID,7,2,0,1,0,0,4,0,0,1,60,2917,6445,BRU (H)
J. Hauge,MID,7,0,0,0,0,0,0,0,0,0,0,252,1443,BAY (A)
K. De Bruyne,MID,7,2,0,1,0,0,0,0,0,0,90,1601,6079,VIL (A)
M. Akliouche,MID,7,5,0,1,0,1,2,0,0,0,90,641,6801,MCI (A)
M. Asensio,MID,7,0,0,0,0,0,0,0,0,0,0,241,2449,ROM (H)
M. Rashford,MID,7,0,0,1,0,0,0,0,0,0,0,4394,13090,SAB (H)
M. Ødegaard,MID,7,11,0,5,1,0,0,1,0,1,90,15293,14031,LIL (H)
Matheus Cunha,MID,7,0,0,3,0,0,0,0,0,0,0,13104,11603,SAB (H)
N. Paz,MID,7,0,0,7,0,0,0,0,0,0,0,16521,15852,RBL (H)
P. Foden,MID,7,3,0,1,0,0,1,1,0,0,75,3175,7212,PSG (H)
R. Cherki,MID,7,4,0,16,0,0,3,1,0,0,62,43423,36189,PSG (H)
Rafael Leão,MID,7,1,0,1,0,0,0,0,0,0,32,3018,3126,BAR (H)
Rodri,MID,7,2,0,6,0,0,1,0,0,0,83,7472,12777,GAL (A)
Rodrygo,MID,7,0,0,0,0,0,0,0,0,0,0,173,1939,ROM (A)
A. Garnacho,MID,6.5,0,0,0,0,0,0,0,0,0,0,663,945,FEN (H)
A. Hadj Moussa,MID,6.5,2,0,0,0,0,0,0,0,0,71,452,1404,COM (H)
A. Mac Allister,MID,6.5,9,0,2,1,0,6,0,0,1,69,4042,4105,LASK (A)
Abde Ezzalzouli,MID,6.5,0,0,0,0,0,0,0,0,0,0,189,698,POR (H)
Arda Güler,MID,6.5,0,0,3,0,0,0,0,0,0,0,10322,30211,ROM (A)
Brahim Díaz,MID,6.5,5,0,0,0,1,2,0,0,0,79,1490,1347,ROM (A)
C. Baumgartner,MID,6.5,0,0,0,0,0,0,0,0,0,0,82,332,COM (A)
D. Neres,MID,6.5,1,0,0,0,0,1,0,0,0,14,135,387,VIL (A)
F. Nmecha,MID,6.5,3,0,2,0,0,5,0,0,0,75,8670,8702,BOD (A)
F. Thauvin,MID,6.5,0,0,1,0,0,0,0,0,0,0,9348,5936,SLA (A)
Fabián Ruiz,MID,6.5,7,0,2,1,0,1,0,0,0,90,4350,4676,MCI (A)
G. Catamo,MID,6.5,8,0,0,1,0,3,0,0,0,90,1732,1999,LEN (A)
G. Kochorashvili,MID,6.5,0,0,0,0,0,0,0,0,0,0,16,122,LEN (A)
G. Simeone,MID,6.5,3,0,1,0,0,4,0,0,0,90,3096,4481,MUN (H)
H. Mkhitaryan,MID,6.5,1,0,0,0,0,0,0,0,0,7,308,531,BRU (H)
H. Vanaken,MID,6.5,2,0,1,0,0,4,0,0,1,77,4071,3686,INT (A)
I. Ndiaye,MID,6.5,1,0,0,0,0,0,0,0,0,28,1832,1611,PSG (H)
I. Perišić,MID,6.5,0,0,1,0,0,0,0,0,0,0,2424,2283,SHK (H)
I. Saibari,MID,6.5,0,0,2,0,0,0,0,0,0,0,7138,8663,BOD (H)
Isco,MID,6.5,5,0,1,0,1,0,0,0,0,61,1088,1301,POR (H)
J. Kimmich,MID,6.5,0,0,4,0,0,0,0,0,0,0,11717,10276,BOD (H)
J. Manzambi,MID,6.5,0,0,0,0,0,0,0,0,0,0,237,1007,FEN (H)
J. McGinn,MID,6.5,10,0,1,1,0,3,0,0,1,90,2262,1672,FEN (H)
J. Veerman,MID,6.5,3,0,0,0,0,3,0,0,0,90,276,489,BOD (A)
L. Sané,MID,6.5,1,0,1,0,0,0,0,0,0,58,2538,3159,BAR (H)
M. Llorente,MID,6.5,9,0,2,1,0,4,0,0,0,90,4564,5542,MUN (H)
M. Merino,MID,6.5,4,0,1,0,0,3,1,0,0,66,1181,1818,LIL (H)
N. Barella,MID,6.5,2,0,1,0,0,2,0,0,0,60,2117,2420,BRU (H)
N. Lang,MID,6.5,0,0,0,0,0,0,0,0,0,0,101,342,VIL (A)
N. Madueke,MID,6.5,1,0,0,0,0,0,0,0,0,17,744,1361,LIL (H)
Nuno Santos,MID,6.5,0,0,0,0,0,0,0,0,0,0,47,299,LEN (A)
S. Gnabry,MID,6.5,0,0,0,0,0,0,0,0,0,0,432,1403,BOD (H)
Y. Tielemans,MID,6.5,0,0,1,0,0,0,0,0,0,0,1838,2073,SAB (H)
İ. Gündoğan,MID,6.5,1,0,0,0,0,0,0,0,0,6,208,580,BAR (H)
A. Nusa,MID,6,0,0,1,0,0,0,0,0,0,0,4214,3787,COM (A)
A. Tchouaméni,MID,6,1,0,1,0,0,0,0,0,0,11,2021,4496,ROM (A)
Ahmed Kutucu,MID,6,0,0,0,0,0,0,0,0,0,0,7,95,BAR (H)
Andrey Santos,MID,6,0,0,0,0,0,0,0,0,0,0,497,805,SAB (H)
C. Driouech,MID,6,0,0,0,0,0,0,0,0,0,0,79,312,SHK (H)
Carlos Forbs,MID,6,3,0,1,0,0,4,0,0,0,90,3816,2515,INT (A)
D. Frattesi,MID,6,0,0,0,0,0,0,0,0,0,0,43,295,BRU (H)
E. Buendía,MID,6,8,0,1,1,0,3,0,0,0,68,4511,2866,FEN (H)
F. Chiesa,MID,6,0,0,0,0,0,0,0,0,0,0,240,788,LASK (A)
F. de Jong,MID,6,0,0,0,0,0,0,0,0,0,0,586,1789,GAL (A)
G. Lo Celso,MID,6,0,0,0,0,0,0,0,0,0,0,106,413,POR (H)
Gavi,MID,6,1,0,1,0,0,0,0,0,0,8,1561,1705,GAL (A)
J. Leweling,MID,6,2,0,0,0,0,2,0,0,0,62,814,886,SBR (A)
Jobe Bellingham,MID,6,1,0,1,0,0,0,0,0,0,15,3585,3388,BOD (A)
João Neves,MID,6,0,0,11,0,0,0,0,0,0,0,36556,29382,MCI (A)
Kerem Aktürkoğlu,MID,6,0,0,0,0,0,0,0,0,0,0,378,447,ROM (H)
Koke,MID,6,2,0,0,0,0,5,0,0,0,59,1011,1354,MUN (H)
L. Karl,MID,6,0,0,1,0,0,0,0,0,0,0,2383,3102,BOD (H)
L. Provod,MID,6,0,0,0,0,0,0,0,0,0,0,221,670,LEN (H)
L. Torreira,MID,6,7,0,0,0,1,8,0,0,0,85,1056,1228,BAR (H)
M. Godts,MID,6,1,0,0,0,0,0,0,0,0,26,969,924,MCI (A)
M. Guendouzi,MID,6,0,0,0,0,0,0,0,0,0,0,151,536,ROM (H)
M. Hjulmand,MID,6,1,0,0,0,0,0,0,0,0,13,732,1169,MUN (H)
M. Liberali,MID,6,0,0,0,0,0,0,0,0,0,0,184,378,RBL (H)
M. Sabitzer,MID,6,3,0,0,0,0,5,0,0,0,75,1611,1761,BOD (A)
M. Zubimendi,MID,6,1,0,1,0,0,1,0,0,0,9,2287,2475,LIL (H)
N. Pépé,MID,6,4,0,0,0,1,0,0,0,0,31,1355,1824,NAP (H)
Pedro Gonçalves,MID,6,0,0,0,0,0,0,0,0,0,0,693,1715,LEN (A)
Pepê,MID,6,2,0,0,0,0,2,0,0,0,90,388,346,BET (A)
S. Auklend,MID,6,0,0,0,0,0,0,0,0,0,0,80,214,BAY (A)
Savinho,MID,6,0,0,0,0,0,0,0,0,0,0,154,735,PSG (H)
T. Reijnders,MID,6,0,0,0,0,0,0,0,0,0,0,35,199,PSG (H)
A. Sima,MID,5.5,0,0,0,0,0,0,0,0,0,0,235,269,SLA (A)
A. Stanković,MID,5.5,0,0,1,0,0,0,0,0,0,0,2690,2818,BRU (H)
A. Stiller,MID,5.5,6,0,0,0,1,5,0,0,0,90,1151,1040,SBR (A)
Alisson Santos,MID,5.5,1,0,0,0,0,2,0,0,0,58,948,1289,VIL (A)
Amad Diallo,MID,5.5,0,0,0,0,0,0,0,0,0,0,613,2087,SAB (H)
Arnau Ortiz,MID,5.5,0,0,0,0,0,0,0,0,0,0,6,22,MUN (H)
B. El Khannouss,MID,5.5,3,0,1,0,0,4,0,0,0,71,6069,2938,SBR (A)
B. Sainz,MID,5.5,1,0,0,0,0,2,0,0,0,22,174,315,BET (A)
Barış Alper Yılmaz,MID,5.5,2,0,0,0,0,0,0,0,0,90,1677,2103,BAR (H)
C. Führich,MID,5.5,4,0,0,0,0,6,0,0,0,90,649,431,SBR (A)
C. Jones,MID,5.5,3,0,0,0,0,3,0,0,0,90,574,751,BRU (H)
C. Martínez,MID,5.5,3,0,0,0,0,5,0,0,0,80,177,175,STU (H)
C. Nwachukwu,MID,5.5,0,0,0,0,0,0,0,0,0,0,41,48,MUN (A)
E. Camavinga,MID,5.5,0,0,0,0,0,0,0,0,0,0,769,2086,ROM (A)
E. Mbappé,MID,5.5,1,0,0,0,1,1,0,1,0,56,560,588,ARS (A)
F. Potts,MID,5.5,4,0,0,0,0,6,0,0,0,86,118,100,INT (A)
Félix Correia,MID,5.5,0,0,0,0,0,0,0,0,0,0,12,69,ARS (A)
G. Til,MID,5.5,0,0,1,0,0,0,0,0,0,0,7785,4868,SHK (H)
Gabriel Carvalho,MID,5.5,0,0,0,0,0,0,0,0,0,0,24,58,PSV (A)
H. Haraldsson,MID,5.5,2,0,0,0,0,2,0,0,0,90,966,616,ARS (A)
I. Babadi,MID,5.5,0,0,0,0,0,0,0,0,0,0,57,180,SHK (H)
J. Bakayoko,MID,5.5,0,0,0,0,0,0,0,0,0,0,389,367,COM (A)
J. Grealish,MID,5.5,0,0,0,0,0,0,0,0,0,0,44,198,PSG (H)
J. Mickels,MID,5.5,0,0,0,0,0,0,0,0,0,0,160,137,MUN (A)
J. Schouten,MID,5.5,0,0,0,0,0,0,0,0,0,0,707,772,SHK (H)
Joao Gomes,MID,5.5,4,0,0,0,1,2,0,0,1,90,402,270,FEN (H)
K. Kairinen,MID,5.5,0,0,0,0,0,0,0,0,0,0,194,242,SHK (A)
K. Karetsas,MID,5.5,1,0,1,0,0,0,0,0,0,27,4563,2287,BOD (A)
Kang-in Lee,MID,5.5,1,0,2,0,0,2,0,0,0,59,5155,6000,MUN (H)
L. Goretzka,MID,5.5,0,0,0,0,0,0,0,0,0,0,764,948,FEN (H)
L. Pellegrini,MID,5.5,0,0,0,0,0,0,0,0,0,0,82,201,FEN (A)
M. Araújo,MID,5.5,2,0,4,0,0,1,0,0,0,90,16191,13133,LEN (A)
M. Baturina,MID,5.5,0,0,2,0,0,0,0,0,0,0,10725,5850,RBL (H)
M. Casadó,MID,5.5,0,0,0,0,0,0,0,0,0,0,33,195,GAL (A)
M. Fernandez-Pardo,MID,5.5,0,0,0,0,0,0,0,0,0,0,40,133,ARS (A)
M. Kovačić,MID,5.5,1,0,0,0,0,2,0,0,0,15,834,994,PSG (H)
M. Lemina,MID,5.5,0,0,0,0,0,0,0,0,0,0,396,953,BAR (H)
M. Mount,MID,5.5,0,0,0,0,0,0,0,0,0,0,505,614,SAB (H)
M. Politano,MID,5.5,1,0,0,0,0,1,0,0,0,58,406,507,VIL (A)
M. Sadílek,MID,5.5,0,0,0,0,0,0,0,0,0,0,249,329,LEN (H)
N. Kanté,MID,5.5,0,0,1,0,0,0,0,0,0,0,1616,1335,ROM (H)
Newertton,MID,5.5,0,0,0,0,0,0,0,0,0,0,93,164,PSV (A)
Nico González,MID,5.5,0,0,0,0,0,0,0,0,0,0,91,479,PSG (H)
R. Bardghji,MID,5.5,0,0,0,0,0,0,0,0,0,0,43,145,GAL (A)
R. Barkley,MID,5.5,2,0,0,0,0,5,0,0,0,23,227,307,FEN (H)
R. Ljubičić,MID,5.5,2,0,0,0,0,1,0,0,0,65,288,145,LIV (H)
R. Marin,MID,5.5,14,0,0,1,0,6,1,0,0,90,3280,1246,SHK (A)
R. Nelson,MID,5.5,0,0,0,0,0,0,0,0,0,0,330,845,COM (H)
R. Ngumoha,MID,5.5,2,0,1,0,0,0,0,0,0,60,1183,1835,LASK (A)
R. van Bommel,MID,5.5,0,0,1,0,0,0,0,0,0,0,3861,1961,SHK (H)
Rodrigo Mora,MID,5.5,0,0,0,0,0,0,0,0,0,0,1252,1214,FEN (A)
S. Lobotka,MID,5.5,3,0,0,0,0,4,0,0,0,77,316,506,VIL (A)
S. Steijn,MID,5.5,6,0,0,1,0,1,0,0,0,19,56,123,COM (H)
T. Hazard,MID,5.5,0,0,0,0,0,0,0,0,0,0,111,133,SLA (A)
Talisca,MID,5.5,0,0,0,0,0,0,0,0,0,0,529,1363,ROM (H)
V. Muñoz,MID,5.5,1,0,1,0,0,0,0,0,0,30,5243,4180,LASK (A)
W. Mike,MID,5.5,0,0,0,0,0,0,0,0,0,0,52,53,INT (A)
William Gomes,MID,5.5,3,0,0,0,0,4,0,0,0,68,1395,819,BET (A)
Z. Tripić,MID,5.5,7,0,0,1,0,2,0,0,0,90,859,591,BAY (H)
Álex Baena,MID,5.5,2,0,3,0,0,0,0,0,0,73,11230,11012,MUN (H)
İrfan Can Kahveci,MID,5.5,0,0,0,0,0,0,0,0,0,0,35,52,ROM (H)
A. Bouaddi,MID,5,4,0,1,0,0,5,1,0,0,75,2309,2192,PSG (H)
A. Diao,MID,5,0,0,1,0,0,0,0,0,0,0,6322,2547,RBL (H)
A. Diouf,MID,5,2,0,0,0,0,1,0,0,0,90,1112,991,BRU (H)
A. Haidara,MID,5,0,0,0,0,0,0,0,0,0,0,33,39,SLA (A)
A. Ibrahimović,MID,5,0,0,0,0,0,0,0,0,0,0,25,101,BOD (H)
A. Moleiro,MID,5,1,0,0,0,0,1,0,0,0,32,192,286,NAP (H)
A. Nahany,MID,5,0,0,0,0,0,0,0,0,0,0,2,6,COM (H)
A. Onana,MID,5,0,0,0,0,0,0,0,0,0,0,95,279,FEN (H)
A. Ouedraogo,MID,5,0,0,0,0,0,0,0,0,0,0,105,208,COM (A)
A. Pavlović,MID,5,0,0,3,0,0,0,0,0,0,0,12209,9961,BOD (H)
A. Varela,MID,5,2,0,0,0,0,2,0,0,0,68,59,97,BET (A)
A. Vermeeren,MID,5,0,0,0,0,0,0,0,0,0,0,207,640,COM (A)
Alysson,MID,5,1,0,0,0,0,2,0,0,0,23,80,98,FEN (H)
André Miranda,MID,5,0,0,0,0,0,0,0,0,0,0,7,5,BET (A)
B. André,MID,5,2,0,0,0,0,1,0,0,0,76,67,64,ARS (A)
B. Gruda,MID,5,0,0,0,0,0,0,0,0,0,0,43,85,COM (A)
B. Kamara,MID,5,3,0,0,0,0,4,0,0,0,68,716,499,FEN (H)
C. Baleba,MID,5,0,0,0,0,0,0,0,0,0,0,102,248,SAB (H)
C. Chukwuemeka,MID,5,1,0,0,0,0,1,0,0,0,8,916,1186,BOD (A)
C. Nørgaard,MID,5,0,0,0,0,0,0,0,0,0,0,0,14,LIL (H)
D. Ceballos,MID,5,0,0,0,0,0,0,0,0,0,0,679,493,POR (H)
Daniel Yañez,MID,5,0,0,0,0,0,0,0,0,0,0,13,16,ROM (A)
Dro Fernández,MID,5,6,0,0,0,1,5,0,0,0,90,115,212,MCI (A)
Duarte Cunha,MID,5,0,0,0,0,0,0,0,0,0,0,7,7,BET (A)
E. Elmas,MID,5,0,0,0,0,0,0,0,0,0,0,32,153,COM (A)
E. Garnier,MID,5,0,0,0,0,0,0,0,0,0,0,11,31,SLA (A)
E. Guessand,MID,5,0,0,0,0,0,0,0,0,0,0,12,61,FEN (H)
E. Nwaneri,MID,5,1,0,0,0,0,2,0,0,0,55,1394,939,BOD (A)
F. Anguissa,MID,5,0,0,0,0,0,0,0,0,0,0,617,1130,VIL (A)
F. Mastantuono,MID,5,0,0,0,0,0,0,0,0,0,0,24,112,ROM (A)
Fábio Vieira,MID,5,0,0,0,0,0,0,0,0,0,0,25,125,LIL (H)
G. Konstantelias,MID,5,0,0,0,0,0,0,0,0,0,0,207,346,BOD (A)
G. Perrin,MID,5,5,0,0,0,1,0,0,0,0,61,13,38,ARS (A)
G. Veron,MID,5,0,0,0,0,0,0,0,0,0,0,6,15,BET (A)
Gabriel Sara,MID,5,2,0,1,0,0,0,0,0,0,84,3710,3141,BAR (H)
Gabriel Teixeira,MID,5,0,0,0,0,0,0,0,0,0,0,5,22,LEN (A)
Gabriel Veiga,MID,5,3,0,0,0,0,5,0,0,0,83,2300,1590,BET (A)
Gonçalo Borges,MID,5,4,0,0,0,1,0,0,0,0,19,51,74,COM (H)
H. Chooly,MID,5,0,0,0,0,0,0,0,0,0,0,10,11,BAY (A)
H. Vetlesen,MID,5,7,0,0,1,0,1,0,0,0,77,1246,802,INT (A)
I. Akhomach,MID,5,0,0,0,0,0,0,0,0,0,0,95,158,NAP (H)
I. Lepinjica,MID,5,0,0,0,0,0,0,0,0,0,0,22,26,MUN (A)
I. Schranz,MID,5,0,0,0,0,0,0,0,0,0,0,47,99,LEN (H)
Isaque,MID,5,0,0,0,0,0,0,0,0,0,0,145,145,PSV (A)
J. Addai,MID,5,0,0,0,0,0,0,0,0,0,0,221,204,RBL (H)
J. Bell,MID,5,3,0,0,0,0,6,0,0,1,62,23,33,BAY (H)
J. Bisiwu,MID,5,0,0,0,0,0,0,0,0,0,0,29,29,GAL (A)
J. Cajuste,MID,5,0,0,0,0,0,0,0,0,0,0,21,129,VIL (A)
J. Derry,MID,5,0,0,0,0,0,0,0,0,0,0,26,20,LEN (A)
J. Kadile,MID,5,0,0,0,0,0,0,0,0,0,0,2,2,SLA (A)
J. Lindstrøm,MID,5,0,0,0,0,0,0,0,0,0,0,25,143,VIL (A)
J. Malanga,MID,5,0,0,0,0,0,0,0,0,0,0,25,21,SBR (A)
J. Schaken,MID,5,0,0,0,0,0,0,0,0,0,0,2,3,COM (H)
J. Virgili,MID,5,4,0,0,0,1,1,0,0,1,86,277,90,INT (A)
J. Zinhagel,MID,5,0,0,0,0,0,0,0,0,0,0,10,10,COM (H)
K. Aliyev,MID,5,0,0,0,0,0,0,0,0,0,0,1,2,MUN (A)
K. Askildsen,MID,5,3,0,0,0,0,7,0,0,1,90,43,32,BAY (H)
K. Mainoo,MID,5,0,0,2,0,0,0,0,0,0,0,5248,3671,SAB (H)
K. Parris,MID,5,0,0,0,0,0,0,0,0,0,0,21,20,MUN (A)
L. Bailey,MID,5,0,0,0,0,0,0,0,0,0,0,97,329,FEN (H)
L. Da Cunha,MID,5,0,0,0,0,0,0,0,0,0,0,499,456,RBL (H)
L. Majer,MID,5,5,0,0,0,0,7,1,0,0,89,2721,889,SHK (A)
L. Sauer,MID,5,1,0,0,0,0,0,0,0,0,19,58,66,SBR (A)
L. Ugochukwu,MID,5,1,0,0,0,0,0,0,0,0,6,105,125,BAR (H)
L. Valente,MID,5,2,0,0,0,0,2,0,0,0,83,115,132,COM (H)
Luis Guilherme,MID,5,2,0,0,0,0,1,0,0,0,90,84,109,LEN (A)
M. Albert,MID,5,0,0,0,0,0,0,0,0,0,0,101,90,BOD (A)
M. Caqueret,MID,5,0,0,0,0,0,0,0,0,0,0,100,111,RBL (H)
M. Cardozo,MID,5,0,0,0,0,0,0,0,0,0,0,26,17,BOD (H)
M. Catovic,MID,5,0,0,0,0,0,0,0,0,0,0,28,44,SBR (A)
M. De Roon,MID,5,0,0,0,0,0,0,0,0,0,0,1778,1307,FEN (A)
M. Dowman,MID,5,0,0,0,0,0,0,0,0,0,0,240,182,LIL (H)
M. Koné,MID,5,0,0,1,0,0,0,0,0,0,0,2574,2118,FEN (A)
M. Perrone,MID,5,0,0,0,0,0,0,0,0,0,0,182,204,RBL (H)
M. Robberechts,MID,5,0,0,0,0,0,0,0,0,0,0,3,2,INT (A)
M. Sangaré,MID,5,0,0,0,0,0,0,0,0,0,0,0,4,SLA (A)
M. Suleiman,MID,5,0,0,0,0,0,0,0,0,0,0,21,42,LEN (H)
Mateus Mide,MID,5,0,0,0,0,0,0,0,0,0,0,1,3,BET (A)
N. Edjouma,MID,5,0,0,0,0,0,0,0,0,0,0,26,28,ARS (A)
N. El Aynaoui,MID,5,0,0,0,0,0,0,0,0,0,0,309,435,COM (A)
N. Fuglestad,MID,5,0,0,0,0,0,0,0,0,0,0,6,7,BAY (H)
N. Irankunda,MID,5,0,0,0,0,0,0,0,0,0,0,466,421,LEN (A)
N. Kühn,MID,5,0,0,0,0,0,0,0,0,0,0,15,56,RBL (H)
O. Blomberg,MID,5,0,0,0,0,0,0,0,0,0,0,512,415,BAY (A)
O. Kubiak,MID,5,0,0,0,0,0,0,0,0,0,0,28,35,LEN (H)
O. Pietuszewski,MID,5,0,0,0,0,0,0,0,0,0,0,112,341,BET (A)
O. Targhalline,MID,5,2,0,0,0,0,5,0,0,0,45,22,50,COM (H)
O. Vargas,MID,5,0,0,0,0,0,0,0,0,0,0,116,208,MUN (H)
Oğuz Aydın,MID,5,0,0,0,0,0,0,0,0,0,0,220,172,ROM (H)
P. Barrios,MID,5,3,0,1,0,0,5,0,0,0,77,2380,2038,MUN (H)
P. Berg,MID,5,0,0,2,0,0,0,0,0,0,0,6507,4579,BAY (A)
P. Fornals,MID,5,5,0,1,0,1,2,0,0,0,90,1870,1388,POR (H)
P. Gueye,MID,5,4,0,0,0,0,6,0,0,0,90,911,1059,NAP (H)
P. Kacor,MID,5,0,0,0,0,0,0,0,0,0,0,14,54,LEN (H)
P. Obah,MID,5,0,0,0,0,0,0,0,0,0,0,55,90,PSV (A)
P. Pokorný,MID,5,3,0,0,0,0,5,0,0,0,90,133,181,STU (H)
P. Sučić,MID,5,1,0,0,0,0,0,0,0,0,30,475,609,BRU (H)
P. Zieliński,MID,5,1,0,1,0,0,0,0,0,0,30,2556,2678,BRU (H)
Pedrinho,MID,5,0,0,0,0,0,0,0,0,0,0,79,210,PSV (A)
Pedro Lima,MID,5,0,0,0,0,0,0,0,0,0,0,63,66,LEN (A)
R. Gravenberch,MID,5,2,0,4,0,0,3,0,0,0,21,17225,16774,LASK (A)
R. Mendoza,MID,5,0,0,0,0,0,0,0,0,0,0,55,60,MUN (H)
R. Onyedika,MID,5,0,0,0,0,0,0,0,0,0,0,46,253,INT (A)
R. Reitz,MID,5,0,0,0,0,0,0,0,0,0,0,108,309,COM (A)
R. Riquelme,MID,5,5,0,0,0,1,0,0,0,0,81,1196,966,POR (H)
Rodrigo Rodrigues,MID,5,0,0,0,0,0,0,0,0,0,0,29,26,LEN (A)
S. Andersen,MID,5,1,0,0,0,0,1,0,0,0,16,80,72,LEN (A)
S. Brunstad Fet,MID,5,0,0,1,0,0,0,0,0,0,0,5070,3285,BAY (A)
S. Comesaña,MID,5,5,0,0,0,0,10,0,0,0,90,178,232,NAP (H)
S. Diaoune,MID,5,0,0,0,0,0,0,0,0,0,0,11,10,ARS (A)
S. Fofana,MID,5,1,0,0,0,0,1,0,0,0,7,90,102,BET (A)
S. Horvath,MID,5,2,0,0,0,0,1,0,0,0,90,245,104,LIV (H)
S. Mayulu,MID,5,1,0,0,0,0,1,0,0,0,26,321,578,MCI (A)
T. Almada,MID,5,0,0,0,0,0,0,0,0,0,0,131,782,MUN (H)
T. Barseghyan,MID,5,2,0,0,0,0,1,0,0,0,60,87,104,STU (H)
T. Bischof,MID,5,0,0,0,0,0,0,0,0,0,0,208,315,BOD (H)
T. Thompson,MID,5,0,0,0,0,0,0,0,0,0,0,8,13,SAB (H)
Thiago Fernández,MID,5,0,0,0,0,0,0,0,0,0,0,3,24,NAP (H)
U. Rakhmonaliev,MID,5,0,0,0,0,0,0,0,0,0,0,57,55,MUN (A)
V. Simić,MID,5,0,0,0,0,0,0,0,0,0,0,128,114,MUN (A)
W. Zaïre-Emery,MID,5,0,0,2,0,0,0,0,0,0,0,8536,8515,MCI (A)
Y. Sanyang,MID,5,0,0,0,0,0,0,0,0,0,0,140,179,LEN (H)
Yunus Akgün,MID,5,2,0,0,0,0,1,0,0,0,85,729,849,BAR (H)
A. Batrakov,MID,4.5,2,0,0,0,0,2,0,0,0,64,737,305,BAR (H)
A. Bondarenko,MID,4.5,0,0,0,0,0,0,0,0,0,0,9,33,PSV (A)
A. Bulatović,MID,4.5,0,0,0,0,0,0,0,0,0,0,93,80,SLA (A)
A. Cosic,MID,4.5,0,0,0,0,0,0,0,0,0,0,182,229,BAY (H)
A. Gajdoš,MID,4.5,1,0,0,0,0,0,0,0,0,10,11,14,STU (H)
A. Granados,MID,4.5,0,0,0,0,0,0,0,0,0,0,277,412,INT (A)
A. Isaev,MID,4.5,0,0,0,0,0,0,0,0,0,0,69,55,MUN (A)
A. Khaibulaev,MID,4.5,0,0,0,0,0,0,0,0,0,0,31,36,MUN (A)
A. Lahdo,MID,4.5,0,0,0,0,0,0,0,0,0,0,150,119,RBL (H)
A. Maksimović,MID,4.5,0,0,0,0,0,0,0,0,0,0,35,34,COM (A)
A. Mikkelsen,MID,4.5,0,0,0,0,0,0,0,0,0,0,68,224,BAY (A)
A. Mustafić,MID,4.5,1,0,0,0,0,0,0,0,0,30,26,24,STU (H)
A. Ortiz,MID,4.5,0,0,0,0,0,0,0,0,0,0,50,50,POR (H)
A. Santos,MID,4.5,0,0,0,0,0,0,0,0,0,0,39,30,SHK (H)
A. Sanyang,MID,4.5,0,0,0,0,0,0,0,0,0,0,9,5,BAY (A)
A. Schöpf,MID,4.5,1,0,0,0,0,0,0,0,0,26,35,23,LIV (H)
A. Sliti,MID,4.5,0,0,0,0,0,0,0,0,0,0,15,29,COM (H)
A. Smakaj,MID,4.5,0,0,0,0,0,0,0,0,0,0,27,17,LIV (H)
Aitor Ruibal,MID,4.5,0,0,0,0,0,0,0,0,0,0,23,52,POR (H)
Alisson Santana,MID,4.5,0,0,0,0,0,0,0,0,0,0,452,227,PSV (A)
Allan Elias,MID,4.5,0,0,0,0,0,0,0,0,0,0,60,55,PSG (H)
Alpha Diallo,MID,4.5,0,0,0,0,0,0,0,0,0,0,42,167,SLA (A)
Atakan Karazor,MID,4.5,0,0,0,0,0,0,0,0,0,0,161,315,SBR (A)
B. Cristante,MID,4.5,0,0,0,0,0,0,0,0,0,0,588,351,FEN (A)
B. Gilmour,MID,4.5,1,0,0,0,0,2,0,0,1,90,448,438,VIL (A)
B. Kaltefleiter,MID,4.5,0,0,0,0,0,0,0,0,0,0,9,7,COM (A)
B. Sapoko Ndiaye,MID,4.5,0,0,0,0,0,0,0,0,0,0,111,74,BOD (H)
Bartuğ Elmaz,MID,4.5,0,0,0,0,0,0,0,0,0,0,32,36,ROM (H)
Başar Önal,MID,4.5,1,0,0,0,0,0,0,0,0,2,101,68,ARS (A)
Berat Luş,MID,4.5,0,0,0,0,0,0,0,0,0,0,44,45,BAR (H)
Bernardo Lima,MID,4.5,0,0,0,0,0,0,0,0,0,0,19,16,BET (A)
Bruninho,MID,4.5,0,0,0,0,0,0,0,0,0,0,946,686,PSV (A)
C. Echeverri,MID,4.5,0,0,0,0,0,0,0,0,0,0,128,398,PSG (H)
C. Güner,MID,4.5,0,0,0,0,0,0,0,0,0,0,82,99,BAR (H)
C. Lang,MID,4.5,2,0,0,0,0,2,0,0,0,74,2186,472,LIV (H)
C. Sandra,MID,4.5,0,0,0,0,0,0,0,0,0,0,117,441,INT (A)
C. Tsawa,MID,4.5,1,0,0,0,0,0,0,0,0,14,118,106,INT (A)
C. Vanhoutte,MID,4.5,2,0,0,0,0,3,0,0,1,71,107,119,COM (H)
Carlos Macia,MID,4.5,0,0,0,0,0,0,0,0,0,0,33,18,NAP (H)
Chema Andrés,MID,4.5,0,0,0,0,0,0,0,0,0,0,16,66,SBR (A)
D. Bakwa,MID,4.5,1,0,0,0,0,1,0,0,0,29,92,55,ARS (A)
D. Bassi,MID,4.5,0,0,0,0,0,0,0,0,0,0,9,53,BAY (A)
D. Douděra,MID,4.5,0,0,0,0,0,0,0,0,0,0,584,446,LEN (H)
D. Ihnatenko,MID,4.5,0,0,0,0,0,0,0,0,0,0,10,9,STU (H)
D. Kaloskamis,MID,4.5,0,0,0,0,0,0,0,0,0,0,43,30,SHK (A)
D. Kryskiv,MID,4.5,0,0,0,0,0,0,0,0,0,0,13,11,PSV (A)
D. Matsuoka,MID,4.5,0,0,0,0,0,0,0,0,0,0,28,18,STU (H)
D. Moses,MID,4.5,0,0,0,0,0,0,0,0,0,0,425,1017,LEN (H)
D. Smetana,MID,4.5,0,0,0,0,0,0,0,0,0,0,250,188,PSV (A)
Daniel Bragança,MID,4.5,0,0,0,0,0,0,0,0,0,0,64,247,LEN (A)
Diego Villalba,MID,4.5,0,0,0,0,0,0,0,0,0,0,18,18,ROM (A)
Du Queiroz,MID,4.5,0,0,0,0,0,0,0,0,0,0,6,2,MUN (A)
E. Ayaosi,MID,4.5,0,0,0,0,0,0,0,0,0,0,137,59,LEN (H)
E. Duarte,MID,4.5,0,0,0,0,0,0,0,0,0,0,43,40,BOD (A)
E. Eliassen,MID,4.5,0,0,0,0,0,0,0,0,0,0,4,4,BAY (A)
E. Yigit,MID,4.5,0,0,0,0,0,0,0,0,0,0,52,36,SBR (A)
Eyüp Karasu,MID,4.5,0,0,0,0,0,0,0,0,0,0,36,28,BAR (H)
F. Bernal,MID,4.5,1,0,0,0,0,2,0,0,1,67,410,247,POR (H)
F. Flecker,MID,4.5,1,0,0,0,0,0,0,0,0,26,49,38,LIV (H)
F. Jeltsch,MID,4.5,3,0,0,0,0,4,0,0,0,71,173,121,SBR (A)
F. Lemarechal,MID,4.5,1,0,0,0,0,1,0,0,0,13,246,337,INT (A)
Flávio Gonçalves,MID,4.5,1,0,2,0,0,0,0,0,0,24,10312,2703,LEN (A)
Furkan Koçak,MID,4.5,0,0,0,0,0,0,0,0,0,0,68,41,BAR (H)
G. Diarra,MID,4.5,0,0,0,0,0,0,0,0,0,0,281,234,COM (H)
G. Prömel,MID,4.5,4,0,0,0,0,6,0,0,0,90,1154,638,SBR (A)
G. Zechiel,MID,4.5,3,0,0,0,0,4,0,0,0,90,778,382,COM (H)
Gabriel Valero,MID,4.5,0,0,0,0,0,0,0,0,0,0,27,14,ROM (A)
H. Bjørdal,MID,4.5,5,0,0,0,1,2,0,0,0,90,86,59,BAY (H)
H. Elliott,MID,4.5,0,0,0,0,0,0,0,0,0,0,195,833,LASK (A)
H. Evjen,MID,4.5,0,0,1,0,0,0,0,0,0,0,5156,9190,BAY (A)
I. Doumbia,MID,4.5,2,0,0,0,0,2,0,0,0,74,656,513,LEN (A)
I. Hwang,MID,4.5,1,0,0,0,0,1,0,0,0,22,204,163,BET (A)
I. Jaime,MID,4.5,0,0,0,0,0,0,0,0,0,0,19,55,BET (A)
I. Mbaye,MID,4.5,0,0,1,0,0,0,0,0,0,0,6441,5745,FEN (H)
Iker Losada,MID,4.5,0,0,0,0,0,0,0,0,0,0,39,31,POR (H)
J. Cardoso,MID,4.5,0,0,4,0,0,0,0,0,0,0,14439,9389,MUN (H)
J. Fletcher,MID,4.5,0,0,0,0,0,0,0,0,0,0,118,103,SAB (H)
J. Hansen,MID,4.5,0,0,0,0,0,0,0,0,0,0,438,368,BAY (H)
J. Kitolano,MID,4.5,0,0,0,0,0,0,0,0,0,0,32,27,BAY (A)
J. McConnell,MID,4.5,0,0,0,0,0,0,0,0,0,0,138,82,LASK (A)
J. Moder,MID,4.5,0,0,0,0,0,0,0,0,0,0,65,143,COM (H)
J. Monga,MID,4.5,0,0,0,0,0,0,0,0,0,0,11,43,PSG (H)
J. Mukhtarov,MID,4.5,0,0,0,0,0,0,0,0,0,0,38,44,MUN (A)
J. Mvuka,MID,4.5,0,0,0,0,0,0,0,0,0,0,96,102,BAY (A)
J. Rabben Nygård,MID,4.5,0,0,0,0,0,0,0,0,0,0,6,5,BAY (A)
Jorge Cestero,MID,4.5,0,0,0,0,0,0,0,0,0,0,62,45,ROM (A)
João Simões,MID,4.5,0,0,3,0,0,0,0,0,0,0,10971,7547,LEN (A)
João Teixeira,MID,4.5,0,0,0,0,0,0,0,0,0,0,20,9,BET (A)
K. Arriaga,MID,4.5,1,0,0,0,0,1,0,0,0,1,218,156,SHK (A)
K. Daněk,MID,4.5,0,0,0,0,0,0,0,0,0,0,100,86,LIV (H)
K. Khan,MID,4.5,0,0,0,0,0,0,0,0,0,0,11,4,COM (H)
K. Koindredi,MID,4.5,0,0,0,0,0,0,0,0,0,0,38,167,LEN (A)
K. Phillips,MID,4.5,0,0,0,0,0,0,0,0,0,0,1,8,PSG (H)
K. Sano,MID,4.5,0,0,0,0,0,0,0,0,0,0,366,212,SHK (H)
K. Solhaug,MID,4.5,0,0,0,0,0,0,0,0,0,0,81,45,BAY (A)
L. Audoor,MID,4.5,0,0,0,0,0,0,0,0,0,0,762,877,INT (A)
L. Milla,MID,4.5,0,0,0,0,0,0,0,0,0,0,1167,805,RBL (H)
L. Monsen Yeboah,MID,4.5,0,0,0,0,0,0,0,0,0,0,5,2,BAY (A)
L. Penna,MID,4.5,0,0,0,0,0,0,0,0,0,0,42,55,SBR (A)
L. Reis,MID,4.5,0,0,0,0,0,0,0,0,0,0,6,23,INT (A)
L. Tomasson,MID,4.5,0,0,0,0,0,0,0,0,0,0,6,5,COM (H)
Lucas Ferreira,MID,4.5,0,0,0,0,0,0,0,0,0,0,73,75,PSV (A)
Luis Henrique,MID,4.5,0,0,1,0,0,0,0,0,0,0,3599,2461,BRU (H)
M. Balamotis,MID,4.5,0,0,0,0,0,0,0,0,0,0,1011,748,SHK (A)
M. Bernal,MID,4.5,2,0,2,0,0,3,0,0,0,28,7896,6726,GAL (A)
M. Bogarde,MID,4.5,3,0,0,0,0,7,0,0,1,90,627,210,LIV (H)
M. Broholm,MID,4.5,0,0,0,0,0,0,0,0,0,0,4,11,ARS (A)
M. Cuisance,MID,4.5,0,0,0,0,0,0,0,0,0,0,173,157,SLA (A)
M. Dorley,MID,4.5,0,0,0,0,0,0,0,0,0,0,379,1108,LEN (H)
M. Gaćinović,MID,4.5,1,0,0,0,0,0,0,0,0,1,222,232,SHK (A)
M. Kaba,MID,4.5,0,0,0,0,0,0,0,0,0,0,272,185,BOD (A)
M. Kjærgaard,MID,4.5,1,0,0,0,0,2,0,0,0,15,93,109,ARS (A)
M. Kone,MID,4.5,0,0,0,0,0,0,0,0,0,0,64,268,COM (A)
M. Riisnæs,MID,4.5,0,0,0,0,0,0,0,0,0,0,75,154,BAY (A)
M. Shved,MID,4.5,0,0,0,0,0,0,0,0,0,0,19,34,PSV (A)
M. Skóraś,MID,4.5,0,0,0,0,0,0,0,0,0,0,265,192,SLA (A)
M. Ugarte,MID,4.5,0,0,0,0,0,0,0,0,0,0,113,299,SAB (H)
Marc Roca,MID,4.5,0,0,0,0,0,1,0,0,1,23,307,179,POR (H)
Marlon Gomes,MID,4.5,0,0,0,0,0,0,0,0,0,0,57,53,PSV (A)
Milán Vitális,MID,4.5,4,0,0,0,0,3,1,0,0,90,970,246,SHK (A)
N. Bentaleb,MID,4.5,2,0,0,0,0,4,0,0,0,45,569,304,ARS (A)
N. De Koning,MID,4.5,0,0,0,0,0,0,0,0,0,0,5,4,COM (H)
N. Deossa,MID,4.5,1,0,0,0,0,2,0,0,0,9,127,100,POR (H)
N. El Harmouz,MID,4.5,0,0,0,0,0,0,0,0,0,0,1,4,COM (H)
N. El Jmili,MID,4.5,0,0,0,0,0,0,0,0,0,0,902,629,NAP (H)
N. Fernandez,MID,4.5,0,0,0,0,0,0,0,0,0,0,611,419,SHK (H)
N. Marcelli,MID,4.5,1,0,0,0,0,0,0,0,0,31,407,530,STU (H)
N. Mukau,MID,4.5,2,0,0,0,0,3,0,0,0,45,143,102,ARS (A)
N. Nartey,MID,4.5,0,0,0,0,0,0,0,0,0,0,39,113,SBR (A)
N. Pisilli,MID,4.5,0,0,0,0,0,0,0,0,0,0,122,151,FEN (A)
N. Saliba,MID,4.5,1,0,0,0,0,2,0,0,0,59,174,117,NAP (H)
N. Seiwald,MID,4.5,0,0,0,0,0,0,0,0,0,0,180,146,COM (A)
Necati Yançel,MID,4.5,0,0,0,0,0,0,0,0,0,0,9,10,BAR (H)
O. Ocheretko,MID,4.5,0,0,0,0,0,0,0,0,0,0,47,47,PSV (A)
O. Sahraoui,MID,4.5,0,0,0,0,0,0,0,0,0,0,259,180,ARS (A)
O. Visted,MID,4.5,0,0,0,0,0,0,0,0,0,0,162,152,BAY (H)
O. Yıldız,MID,4.5,0,0,0,0,0,0,0,0,0,0,184,133,BAR (H)
P. Mantalos,MID,4.5,0,0,0,0,0,0,0,0,0,0,52,51,SHK (A)
P. Rosario,MID,4.5,1,0,0,0,0,2,0,0,1,90,438,308,BET (A)
P. Wanner,MID,4.5,0,0,0,0,0,0,0,0,0,0,737,684,SHK (H)
R. Alte,MID,4.5,0,0,0,0,0,0,0,0,0,0,16,64,BAY (H)
R. Baku,MID,4.5,0,0,0,0,0,0,0,0,0,0,1514,634,COM (A)
R. Ibrahim,MID,4.5,2,0,0,0,0,2,0,0,0,60,66,47,STU (H)
R. Rustamli,MID,4.5,0,0,0,0,0,0,0,0,0,0,43,56,MUN (A)
R. Sam-Na Nhaga,MID,4.5,1,0,0,0,0,0,0,0,0,6,200,118,BAR (H)
R. Zalazar,MID,4.5,11,0,4,1,0,1,0,0,0,66,23763,8811,LEN (A)
Rodrigo Fernandes,MID,4.5,0,0,0,0,0,0,0,0,0,0,72,56,MUN (A)
Ryan Roberto,MID,4.5,0,0,0,0,0,0,0,0,0,0,822,592,PSV (A)
S. 't Zand,MID,4.5,0,0,0,0,0,0,0,0,0,0,4,15,COM (H)
S. Alexandropoulos,MID,4.5,0,0,0,0,0,0,0,0,0,0,18,14,LEN (A)
S. Bajcetic,MID,4.5,0,0,0,0,0,0,0,0,0,0,6,27,LASK (A)
S. Eustáquio,MID,4.5,0,0,0,0,0,0,0,0,0,0,46,165,BET (A)
S. Faye,MID,4.5,0,0,0,0,0,0,0,0,0,0,24,160,LEN (A)
S. Ibrahimov,MID,4.5,0,0,0,0,0,0,0,0,0,0,28,18,MUN (A)
S. Iling-Junior,MID,4.5,0,0,0,0,0,0,0,0,0,0,15,44,FEN (H)
S. Mijnans,MID,4.5,0,0,0,0,0,0,0,0,0,0,154,221,SHK (H)
S. Ouaissa,MID,4.5,0,0,0,0,0,0,0,0,0,0,18,59,SHK (H)
S. Ricci,MID,4.5,0,0,0,0,0,0,0,0,0,0,83,49,RBL (H)
Samuel Justo,MID,4.5,0,0,0,0,0,0,0,0,0,0,36,29,LEN (A)
Sergio Martínez,MID,4.5,0,0,0,0,0,0,0,0,0,0,29,29,ROM (A)
T. Buchanan,MID,4.5,2,0,1,0,0,1,0,0,0,75,3183,3770,NAP (H)
T. Diakite,MID,4.5,0,0,0,0,0,0,0,0,0,0,42,32,LEN (H)
T. Fletcher,MID,4.5,0,0,0,0,0,0,0,0,0,0,58,60,SAB (H)
T. Koren,MID,4.5,0,0,0,0,0,0,0,0,0,0,248,349,INT (A)
T. Kraaijeveld,MID,4.5,0,0,0,0,0,0,0,0,0,0,65,64,COM (H)
T. Moi,MID,4.5,3,0,0,0,0,3,0,0,0,71,851,614,BAY (H)
T. Nyoni,MID,4.5,0,0,0,0,0,0,0,0,0,0,398,337,LASK (A)
T. Pitarch,MID,4.5,0,0,0,0,0,0,0,0,0,0,208,471,ROM (A)
T. Van Den Elshout,MID,4.5,1,0,0,0,0,0,0,0,0,8,87,54,COM (H)
Tiago Silva,MID,4.5,0,0,0,0,0,0,0,0,0,0,120,62,BET (A)
U. Saltnes,MID,4.5,0,0,0,0,0,0,0,0,0,0,361,243,BAY (A)
V. Froholdt,MID,4.5,0,0,0,0,0,0,0,0,0,0,880,2250,BET (A)
V. Gebel,MID,4.5,0,0,0,0,0,0,0,0,0,0,56,45,COM (A)
V. Tsukanov,MID,4.5,0,0,0,0,0,0,0,0,0,0,28,36,PSV (A)
W. Endo,MID,4.5,0,0,0,0,0,0,0,0,0,0,222,581,LASK (A)
W. Nowak,MID,4.5,0,0,0,0,0,0,0,0,0,0,350,255,LEN (H)
Y. Lachaab,MID,4.5,0,0,0,0,0,0,0,0,0,0,493,364,MUN (A)
Y. Nazaryna,MID,4.5,0,0,0,0,0,0,0,0,0,0,35,32,PSV (A)
Y. Titraoui,MID,4.5,0,0,0,0,0,0,0,0,0,0,191,370,SLA (A)
Z. Sneijer,MID,4.5,0,0,0,0,0,0,0,0,0,0,9,9,COM (H)
Á. Fidalgo,MID,4.5,1,0,0,0,0,0,0,0,0,30,201,126,POR (H)
İsmail Yüksek,MID,4.5,0,0,0,0,0,0,0,0,0,0,157,101,ROM (H)
L. Jovanović,MID,4,0,0,5,0,0,0,0,0,0,0,15673,32765,SBR (A)
