sofa_id,name,pos,season,league,country,dom_g,dom_a,dom_tk,dom_cs,dom_sv,dom_rt,league_strength,target_ucl_fantasy_pts
769333,Christopher Nkunku,FWD,2122,Bund,Germany,20,13,23,2,0,7.59,17.125,34
259117,Joshua Kimmich,MID,2122,Bund,Germany,3,11,39,6,0,7.79,17.125,9
293519,Leroy Sané,MID,2122,Bund,Germany,7,7,28,1,0,7.04,17.125,54
256219,Paulo Dybala,FWD,2122,SerieA,Italy,10,5,30,2,0,7.41,22.357,16
845291,Josep Martínez,GK,2122,Bund,Germany,0,0,0,0,1,5.9,17.125,5
845386,Federico Chiesa,MID,2122,SerieA,Italy,2,2,26,2,0,6.97,22.357,12
26768,Sven Ulreich,GK,2122,Bund,Germany,0,0,0,1,13,6.5,17.125,1
138892,João Cancelo,DEF,2122,PL,England,1,7,83,19,0,7.33,23.0,37
70988,Thibaut Courtois,GK,2122,LaLiga,Spain,0,0,1,16,93,7.04,16.571,39
795064,Trent Alexander-Arnold,DEF,2122,PL,England,2,12,40,17,0,7.65,23.0,18
288205,Bruno Fernandes,MID,2122,PL,England,10,6,54,5,0,7.26,23.0,22
895764,Pedro Gonçalves,MID,2122,Portugal,Portugal,8,9,29,4,0,7.19,12.5,25
786259,Kostas Tsimikas,DEF,2122,PL,England,0,2,27,3,0,7.17,23.0,12
958380,Antony,MID,2122,Ered,Netherlands,8,4,22,3,0,7.44,13.5,25
826643,Kylian Mbappé,FWD,2122,L1,France,28,17,11,9,0,7.77,12.583,36
991011,Jude Bellingham,MID,2122,Bund,Germany,3,8,52,6,0,6.96,17.125,19
184661,Leon Goretzka,MID,2122,Bund,Germany,3,3,25,3,0,7.12,17.125,5
843665,Alphonso Davies,DEF,2122,Bund,Germany,0,3,34,3,0,7.04,17.125,15
859999,Lisandro Martínez,DEF,2122,Ered,Netherlands,1,3,48,11,0,7.61,13.5,15
135700,Hakan Çalhanoğlu,MID,2122,SerieA,Italy,7,12,41,2,0,7.53,22.357,1
824509,Gianluigi Donnarumma,GK,2122,L1,France,0,0,0,5,45,6.93,12.583,14
910536,Rodrygo,MID,2122,LaLiga,Spain,4,4,18,1,0,6.88,16.571,33
70996,Kevin De Bruyne,MID,2122,PL,England,15,8,32,8,0,7.78,23.0,23
868812,Vinícius Júnior,MID,2122,LaLiga,Spain,17,10,46,8,0,7.35,16.571,47
187205,Milan Škriniar,DEF,2122,SerieA,Italy,3,0,47,12,0,7.05,22.357,23
118085,Hans Vanaken,MID,2122,Belgium,Belgium,11,9,47,13,0,7.31,14.2,17
189061,Jack Grealish,MID,2122,PL,England,3,3,17,10,0,7.07,23.0,11
827212,Jules Koundé,DEF,2122,LaLiga,Spain,2,1,40,13,0,7.14,16.571,5
151545,Virgil van Dijk,DEF,2122,PL,England,3,1,16,21,0,7.26,23.0,13
38710,Ivan Perišić,MID,2122,SerieA,Italy,8,7,38,5,0,7.3,22.357,8
803039,Donyell Malen,FWD,2122,Bund,Germany,5,3,13,0,0,6.99,17.125,12
363856,Nicolò Barella,MID,2122,SerieA,Italy,3,12,63,5,0,7.29,22.357,6
826215,Ibrahima Konaté,DEF,2122,PL,England,0,0,16,4,0,6.99,23.0,29
927353,Curtis Jones,MID,2122,PL,England,1,1,11,1,0,6.98,23.0,6
827606,Rodri,MID,2122,PL,England,7,2,72,15,0,7.38,23.0,10
794839,Gabriel Jesus,FWD,2122,PL,England,8,8,18,7,0,7.18,23.0,20
836694,Mason Mount,MID,2122,PL,England,11,10,41,6,0,7.43,23.0,15
942116,Mason Greenwood,MID,2122,PL,England,5,1,15,0,0,7.03,23.0,9
352370,Lucas Hernández,DEF,2122,Bund,Germany,0,1,50,4,0,7.01,17.125,9
787505,Benjamin Pavard,DEF,2122,Bund,Germany,0,1,35,7,0,7.11,17.125,11
859765,Phil Foden,MID,2122,PL,England,9,5,16,7,0,7.3,23.0,24
187433,Serge Gnabry,MID,2122,Bund,Germany,14,5,47,3,0,7.33,17.125,17
847030,Noussair Mazraoui,DEF,2122,Ered,Netherlands,5,2,47,11,0,7.33,13.5,19
155995,Marquinhos,DEF,2122,L1,France,5,0,37,13,0,7.17,12.583,14
146866,Gerard Moreno,FWD,2122,LaLiga,Spain,9,3,5,2,0,7.41,16.571,22
136710,Mateo Kovačić,MID,2122,PL,England,2,5,51,6,0,7.2,23.0,8
142622,Antonio Rüdiger,DEF,2122,PL,England,3,0,48,14,0,7.11,23.0,33
798583,Dayot Upamecano,DEF,2122,Bund,Germany,1,6,66,7,0,7.15,17.125,21
822519,Éder Militão,DEF,2122,LaLiga,Spain,1,2,50,13,0,7.14,16.571,24
958959,Jurriën Timber,DEF,2122,Ered,Netherlands,3,2,73,16,0,7.39,13.5,11
186795,Andreas Christensen,DEF,2122,PL,England,0,0,14,9,0,7.02,23.0,27
822708,Amadou Haidara,MID,2122,Bund,Germany,3,1,30,3,0,6.92,17.125,3
125407,Álvaro Morata,FWD,2122,SerieA,Italy,9,7,18,1,0,7.04,22.357,10
98435,Ross Barkley,MID,2122,PL,England,1,0,0,0,0,7.05,23.0,0
839956,Erling Haaland,FWD,2122,Bund,Germany,22,7,2,1,0,7.66,17.125,12
149380,Harry Maguire,DEF,2122,PL,England,1,0,34,6,0,6.91,23.0,12
864169,Pau Torres,DEF,2122,LaLiga,Spain,5,1,32,11,0,7.09,16.571,23
823984,Lautaro Martínez,FWD,2122,SerieA,Italy,21,3,20,2,0,7.12,22.357,5
976575,Nicolas Seiwald,MID,2122,AutBund,Austria,0,8,74,9,0,7.23,4.9,12
875136,Noa Lang,MID,2122,Belgium,Belgium,7,12,24,5,0,7.2,14.2,5
843200,Diogo Dalot,DEF,2122,PL,England,0,0,55,5,0,7,23.0,3
94286,Thorgan Hazard,MID,2122,Bund,Germany,4,1,23,2,0,6.8,17.125,0
883537,Luis Díaz,MID,2122,PL,England,4,3,9,2,0,7.23,23.0,27
331209,Bernardo Silva,MID,2122,PL,England,8,4,57,13,0,7.16,23.0,30
831808,Federico Valverde,MID,2122,LaLiga,Spain,0,1,36,4,0,6.93,16.571,10
149663,Nathan Aké,DEF,2122,PL,England,2,0,16,5,0,7.08,23.0,11
234148,N'Golo Kanté,MID,2122,PL,England,2,4,59,6,0,7.12,23.0,7
8959,Manuel Neuer,GK,2122,Bund,Germany,0,0,2,10,63,6.93,17.125,23
45853,İlkay Gündoğan,MID,2122,PL,England,8,4,23,10,0,7.33,23.0,10
940054,Karim Adeyemi,FWD,2122,AutBund,Austria,19,5,13,1,0,7.14,4.9,16
869856,Dominik Szoboszlai,MID,2122,Bund,Germany,6,8,17,2,0,7.08,17.125,10
954056,Nico González,MID,2122,LaLiga,Spain,2,1,31,1,0,6.74,16.571,3
97001,João Mário,FWD,2122,Portugal,Portugal,3,3,38,2,0,7.14,12.5,11
69768,Jan Oblak,GK,2122,LaLiga,Spain,0,0,0,12,66,6.68,16.571,20
143334,Victor Lindelöf,DEF,2122,PL,England,0,2,16,5,0,6.76,23.0,5
353138,Marcos Llorente,MID,2122,LaLiga,Spain,0,2,51,5,0,6.89,16.571,8
795222,Frenkie de Jong,MID,2122,LaLiga,Spain,3,3,35,4,0,7.08,16.571,7
284361,Federico Dimarco,DEF,2122,SerieA,Italy,2,2,28,3,0,7.11,22.357,2
935564,Jonathan David,FWD,2122,L1,France,15,0,24,4,0,6.9,12.583,14
904897,Ryan Gravenberch,MID,2122,Ered,Netherlands,2,5,47,9,0,7.17,13.5,9
874030,Pedrinho,MID,2122,Ukraine,Ukraine,3,1,0,0,0,0,5.7,2
152077,John Stones,DEF,2122,PL,England,1,0,5,8,0,7.16,23.0,13
1010231,Jamal Musiala,MID,2122,Bund,Germany,5,5,40,2,0,6.91,17.125,9
318941,Rúben Dias,DEF,2122,PL,England,2,4,26,12,0,7.1,23.0,10
792073,Ferland Mendy,DEF,2122,LaLiga,Spain,2,1,24,5,0,7,16.571,21
945122,Matheus Nunes,DEF,2122,Portugal,Portugal,3,2,42,6,0,6.95,12.5,10
177177,Alejandro Grimaldo,DEF,2122,Portugal,Portugal,5,5,50,6,0,7.33,12.5,27
190159,André Silva,FWD,2122,Bund,Germany,11,3,13,2,0,6.74,17.125,15
992587,Pedri,MID,2122,LaLiga,Spain,3,1,20,2,0,7.23,16.571,1
128383,Gerónimo Rulli,GK,2122,LaLiga,Spain,0,0,0,14,75,6.98,16.571,25
879346,Scott McTominay,MID,2122,PL,England,1,1,65,6,0,6.91,23.0,2
383560,Manuel Akanji,DEF,2122,Bund,Germany,1,0,33,3,0,6.96,17.125,6
848355,Angeliño,DEF,2122,Bund,Germany,2,5,28,5,0,7.12,17.125,13
78893,Romelu Lukaku,FWD,2122,PL,England,8,0,2,6,0,6.97,23.0,8
361004,Marco Asensio,MID,2122,LaLiga,Spain,10,0,12,2,0,7.07,16.571,12
798835,Giovani Lo Celso,MID,2122,PL,England,0,0,8,0,0,6.72,23.0,6
325355,José María Giménez,DEF,2122,LaLiga,Spain,1,1,18,9,0,7.04,16.571,9
836705,Kai Havertz,FWD,2122,PL,England,8,3,17,4,0,6.83,23.0,13
826134,Trevoh Chalobah,DEF,2122,PL,England,3,1,40,9,0,7.23,23.0,10
908716,Miguel Gutiérrez,DEF,2122,LaLiga,Spain,0,1,7,0,0,7.2,16.571,0
863653,Aaron Wan-Bissaka,DEF,2122,PL,England,0,0,49,3,0,6.91,23.0,8
190839,Luke Shaw,DEF,2122,PL,England,0,3,21,3,0,6.88,23.0,7
825899,Anel Ahmedhodžić,DEF,2122,L1,France,0,1,38,1,0,6.79,12.583,0
973887,Eduardo Camavinga,MID,2122,LaLiga,Spain,2,1,52,2,0,6.98,16.571,7
789071,Dani Olmo,MID,2122,Bund,Germany,3,3,14,0,0,6.95,17.125,3
927407,Josip Stanišić,DEF,2122,Bund,Germany,1,0,21,1,0,6.79,17.125,3
355492,Konrad Laimer,DEF,2122,Bund,Germany,4,4,38,0,0,6.84,17.125,7
958923,Artem Bondarenko,MID,2122,Ukraine,Ukraine,1,1,0,0,0,0,5.7,0
989768,Nuno Mendes,DEF,2122,L1,France,0,1,48,4,0,6.73,12.583,13
826188,Alessandro Bastoni,DEF,2122,SerieA,Italy,1,3,44,8,0,7.1,22.357,14
850993,David Neres,MID,2122,Ered,Netherlands,3,2,10,2,0,7.09,13.5,5
818244,Ousmane Dembélé,FWD,2122,LaLiga,Spain,1,13,24,2,0,7.53,16.571,0
248331,Brandon Mechele,DEF,2122,Belgium,Belgium,0,0,65,14,0,7.15,14.2,1
100389,Marten de Roon,MID,2122,SerieA,Italy,3,0,69,4,0,6.95,22.357,6
803031,Matthijs de Ligt,DEF,2122,SerieA,Italy,3,1,34,11,0,7.07,22.357,10
51665,Benjamin André,MID,2122,L1,France,2,1,121,4,0,7,12.583,8
861979,Daniel Bragança,MID,2122,Portugal,Portugal,2,1,25,2,0,6.91,12.5,3
835485,Brahim Díaz,MID,2122,SerieA,Italy,3,3,23,2,0,6.63,22.357,9
851284,Rafael Leão,MID,2122,SerieA,Italy,11,8,17,7,0,7.19,22.357,10
856553,Ridle Baku,MID,2122,Bund,Germany,3,5,62,6,0,6.85,17.125,8
955245,Harvey Elliott,MID,2122,PL,England,0,0,3,1,0,6.88,23.0,0
39573,Mert Günok,GK,2122,SuperLig,Turkey,0,0,1,0,11,6.2,11.8,1
51225,Domagoj Vida,DEF,2122,SuperLig,Turkey,1,0,19,7,0,6.95,11.8,1
847128,Marc Roca,MID,2122,Bund,Germany,0,0,9,0,0,6.72,17.125,1
925097,Ronald Araújo,DEF,2122,LaLiga,Spain,4,0,41,6,0,7.07,16.571,3
556866,Gregor Kobel,GK,2122,Bund,Germany,0,0,0,7,74,6.82,17.125,12
10406,Simon Mignolet,GK,2122,Belgium,Belgium,0,0,1,16,95,6.95,14.2,9
923973,Amadou Onana,MID,2122,L1,France,1,0,48,2,0,6.85,12.583,3
84539,Koke,MID,2122,LaLiga,Spain,1,2,55,8,0,6.83,16.571,7
50490,Wojciech Szczęsny,GK,2122,SerieA,Italy,0,0,1,12,78,6.95,22.357,16
318927,Joe Gomez,DEF,2122,PL,England,0,1,10,2,0,6.94,23.0,1
136924,Willi Orbán,DEF,2122,Bund,Germany,2,1,32,8,0,7.16,17.125,3
1003007,Tanguy Nianzou,DEF,2122,Bund,Germany,1,1,11,2,0,6.81,17.125,1
906021,Sergiño Dest,DEF,2122,LaLiga,Spain,0,3,32,2,0,6.85,16.571,7
263651,Juan Musso,GK,2122,SerieA,Italy,0,0,1,8,81,6.76,22.357,11
814590,Marcus Rashford,MID,2122,PL,England,4,2,6,1,0,6.56,23.0,7
986397,Benjamin Šeško,FWD,2122,AutBund,Austria,5,1,5,0,0,6.62,4.9,0
319857,Benjamin Henrichs,DEF,2122,Bund,Germany,3,3,30,2,0,6.89,17.125,0
843115,Diogo Costa,GK,2122,Portugal,Portugal,0,0,0,14,48,6.85,12.5,14
353130,Mario Hermoso,DEF,2122,LaLiga,Spain,2,1,30,5,0,6.82,16.571,3
904835,Fábio Vieira,MID,2122,Portugal,Portugal,6,14,19,1,0,7.45,12.5,3
759520,Denzel Dumfries,DEF,2122,SerieA,Italy,5,4,32,8,0,6.84,22.357,8
855833,Ferran Torres,FWD,2122,PL,England,2,1,2,1,0,7.23,23.0,0
911719,Lassina Traoré,FWD,2122,Ukraine,Ukraine,6,0,0,0,0,0,5.7,0
964994,Joško Gvardiol,DEF,2122,Bund,Germany,2,2,47,7,0,7.1,17.125,1
814594,Achraf Hakimi,DEF,2122,L1,France,4,6,75,4,0,6.93,12.583,13
1001196,Gonçalo Inácio,DEF,2122,Portugal,Portugal,4,2,38,14,0,7.15,12.5,12
137682,Oleksandr Karavaiev,DEF,2122,Ukraine,Ukraine,0,1,0,0,0,0,5.7,0
876214,Eric García,DEF,2122,LaLiga,Spain,0,0,27,5,0,6.87,16.571,5
319129,Luka Jović,FWD,2122,LaLiga,Spain,1,3,1,0,0,6.72,16.571,0
39070,Olivier Giroud,FWD,2122,SerieA,Italy,11,3,15,3,0,7.08,22.357,0
319853,Lukas Klostermann,DEF,2122,Bund,Germany,0,1,29,7,0,6.89,17.125,2
352882,Nuno Santos,MID,2122,Portugal,Portugal,6,7,34,7,0,7.23,12.5,5
873189,Juan Foyth,DEF,2122,LaLiga,Spain,1,1,69,4,0,7,16.571,12
254491,Ederson,GK,2122,PL,England,0,0,2,20,60,6.9,23.0,17
987818,Maurits Kjaergaard,MID,2122,AutBund,Austria,2,2,13,2,0,6.87,4.9,5
835601,Moise Kean,FWD,2122,PL,England,0,0,0,0,0,0,23.0,5
547838,Dani Ceballos,MID,2122,LaLiga,Spain,0,0,7,1,0,6.77,16.571,1
982778,Devyne Rensch,DEF,2122,Ered,Netherlands,1,1,23,2,0,6.8,13.5,0
983540,Tiago Tomás,FWD,2122,Bund,Germany,4,0,8,0,0,6.74,17.125,1
902029,Vitinha,MID,2122,Portugal,Portugal,2,3,49,6,0,7.47,12.5,1
232422,Kepa Arrizabalaga,GK,2122,PL,England,0,0,0,2,11,7.28,23.0,1
882664,Pepê,MID,2122,Portugal,Portugal,4,3,25,6,0,6.88,12.5,0
989186,Ignace Van der Brempt,DEF,2122,AutBund,Austria,0,1,9,2,0,6.83,4.9,3
133908,Marcel Sabitzer,MID,2122,Bund,Germany,1,1,20,0,0,6.74,17.125,0
987510,Zaidu Sanusi,DEF,2122,Portugal,Portugal,3,0,31,9,0,6.91,12.5,4
1103693,Gavi,MID,2122,LaLiga,Spain,2,5,38,3,0,6.85,16.571,4
997035,Alejandro Balde,DEF,2122,LaLiga,Spain,0,0,2,0,0,6.53,16.571,0
907463,Felix Nmecha,MID,2122,Bund,Germany,0,0,3,0,0,6.54,17.125,0
138156,Emre Can,DEF,2122,Bund,Germany,5,1,36,4,0,7,17.125,0
886363,Matheus Cunha,MID,2122,Bund,Germany,0,1,0,0,0,6.7,17.125,0
846425,Manuel Ugarte,MID,2122,Portugal,Portugal,0,2,45,0,0,6.86,12.5,3
37096,Péter Gulácsi,GK,2122,Bund,Germany,0,0,0,9,79,6.84,17.125,3
930666,João Virgínia,GK,2122,Portugal,Portugal,0,0,0,0,1,6.7,12.5,1
1004449,Cisse Sandra,MID,2122,Belgium,Belgium,1,0,3,0,0,6.67,14.2,0
556866,Gregor Kobel,GK,2223,Bund,Germany,0,0,0,11,88,7.07,17.125,13
259117,Joshua Kimmich,MID,2223,Bund,Germany,5,6,78,8,0,7.73,17.125,26
352370,Lucas Hernández,DEF,2223,Bund,Germany,0,0,6,1,0,6.87,17.125,11
70996,Kevin De Bruyne,MID,2223,PL,England,7,16,28,3,0,7.78,23.0,32
8959,Manuel Neuer,GK,2223,Bund,Germany,0,0,0,4,33,7.11,17.125,15
826643,Kylian Mbappé,FWD,2223,L1,France,29,5,10,8,0,7.42,12.583,37
843115,Diogo Costa,GK,2223,Portugal,Portugal,0,0,0,16,63,6.95,12.5,29
293519,Leroy Sané,MID,2223,Bund,Germany,8,7,38,2,0,6.87,17.125,26
786259,Kostas Tsimikas,DEF,2223,PL,England,0,4,14,1,0,6.81,23.0,15
10406,Simon Mignolet,GK,2223,Belgium,Belgium,0,0,0,14,101,6.85,14.2,31
153257,Giovanni Di Lorenzo,DEF,2223,SerieA,Italy,3,4,60,17,0,7.17,22.357,36
839956,Erling Haaland,FWD,2223,PL,England,36,8,3,6,0,7.36,23.0,51
318941,Rúben Dias,DEF,2223,PL,England,0,0,21,7,0,6.98,23.0,42
138605,Piotr Zieliński,MID,2223,SerieA,Italy,3,8,17,1,0,7.14,22.357,29
827606,Rodri,MID,2223,PL,England,2,6,67,5,0,7.32,23.0,23
38710,Ivan Perišić,MID,2223,PL,England,1,8,41,2,0,6.92,23.0,16
831808,Federico Valverde,MID,2223,LaLiga,Spain,7,4,31,6,0,7.25,16.571,30
822471,Victor Osimhen,FWD,2223,SerieA,Italy,26,4,10,5,0,7.2,22.357,21
818244,Ousmane Dembélé,FWD,2223,LaLiga,Spain,5,7,19,3,0,7.18,16.571,13
70988,Thibaut Courtois,GK,2223,LaLiga,Spain,0,0,1,10,90,7.13,16.571,34
26768,Sven Ulreich,GK,2223,Bund,Germany,0,0,1,2,6,6.9,17.125,10
177177,Alejandro Grimaldo,DEF,2223,Portugal,Portugal,5,9,74,16,0,7.52,12.5,40
254491,Ederson,GK,2223,PL,England,0,1,3,11,46,6.72,23.0,37
16206,Yann Sommer,GK,2223,Bund,Germany,0,0,1,8,77,6.9,17.125,12
149663,Nathan Aké,DEF,2223,PL,England,1,0,26,6,0,7,23.0,20
910536,Rodrygo,MID,2223,LaLiga,Spain,9,8,17,4,0,7.1,16.571,33
826188,Alessandro Bastoni,DEF,2223,SerieA,Italy,0,2,41,6,0,6.99,22.357,35
189061,Jack Grealish,MID,2223,PL,England,5,7,25,6,0,7.34,23.0,9
97001,João Mário,FWD,2223,Portugal,Portugal,17,7,45,9,0,7.35,12.5,34
991011,Jude Bellingham,MID,2223,Bund,Germany,8,4,76,10,0,7.4,17.125,31
795064,Trent Alexander-Arnold,DEF,2223,PL,England,2,9,57,7,0,7.32,23.0,16
974505,Enzo Fernández,MID,2223,PL,England,0,2,45,2,0,7.17,23.0,13
855833,Ferran Torres,FWD,2223,LaLiga,Spain,4,2,13,4,0,6.79,16.571,15
831005,Raphinha,MID,2223,LaLiga,Spain,7,7,29,1,0,7.27,16.571,8
184661,Leon Goretzka,MID,2223,Bund,Germany,3,2,43,2,0,7,17.125,29
803031,Matthijs de Ligt,DEF,2223,Bund,Germany,3,1,32,7,0,7.06,17.125,17
331209,Bernardo Silva,MID,2223,PL,England,4,5,44,3,0,6.89,23.0,29
883537,Luis Díaz,MID,2223,PL,England,4,2,17,2,0,6.93,23.0,7
787941,Frank Anguissa,MID,2223,SerieA,Italy,3,5,53,11,0,6.97,22.357,20
859765,Phil Foden,MID,2223,PL,England,11,5,16,3,0,7.22,23.0,9
787505,Benjamin Pavard,DEF,2223,Bund,Germany,4,1,70,9,0,7.36,17.125,24
976575,Nicolas Seiwald,MID,2223,AutBund,Austria,3,2,83,12,0,7.35,4.9,12
383560,Manuel Akanji,DEF,2223,PL,England,0,1,36,6,0,6.85,23.0,39
592794,Alex Meret,GK,2223,SerieA,Italy,0,0,0,16,69,6.97,22.357,23
868812,Vinícius Júnior,MID,2223,LaLiga,Spain,10,9,30,5,0,7.05,16.571,55
886223,Stephen Eustaquio,MID,2223,Portugal,Portugal,2,5,57,5,0,6.99,12.5,15
135700,Hakan Çalhanoğlu,MID,2223,SerieA,Italy,3,6,48,3,0,7.31,22.357,19
862967,Cody Gakpo,FWD,2223,PL,England,7,2,26,2,0,7.05,23.0,2
232422,Kepa Arrizabalaga,GK,2223,PL,England,0,0,2,9,91,7.09,23.0,21
138892,João Cancelo,DEF,2223,PL,England,2,1,29,4,0,6.92,23.0,24
45853,İlkay Gündoğan,MID,2223,PL,England,8,4,30,6,0,7.13,23.0,20
332155,Amir Rrahmani,DEF,2223,SerieA,Italy,2,1,33,10,0,7.18,22.357,15
944656,Julián Alvarez,FWD,2223,PL,England,9,0,26,3,0,6.9,23.0,19
843665,Alphonso Davies,DEF,2223,Bund,Germany,1,4,45,6,0,6.95,17.125,29
190159,André Silva,FWD,2223,Bund,Germany,4,3,12,2,0,6.7,17.125,17
152077,John Stones,DEF,2223,PL,England,2,2,23,5,0,7.03,23.0,21
1136731,Rico Lewis,DEF,2223,PL,England,0,0,16,1,0,6.83,23.0,6
284361,Federico Dimarco,DEF,2223,SerieA,Italy,4,3,31,1,0,7.17,22.357,18
889259,Khvicha Kvaratskhelia,MID,2223,SerieA,Italy,12,10,43,3,0,7.3,22.357,26
769333,Christopher Nkunku,FWD,2223,Bund,Germany,16,4,6,3,0,7.23,17.125,17
186795,Andreas Christensen,DEF,2223,LaLiga,Spain,1,1,20,8,0,7.05,16.571,1
851284,Rafael Leão,MID,2223,SerieA,Italy,15,8,8,3,0,7.09,22.357,16
836705,Kai Havertz,FWD,2223,PL,England,7,1,34,4,0,6.84,23.0,10
852404,Mattéo Guendouzi,MID,2223,L1,France,2,4,39,4,0,6.9,12.583,11
823984,Lautaro Martínez,FWD,2223,SerieA,Italy,21,6,25,5,0,7.23,22.357,26
1003007,Tanguy Nianzou,DEF,2223,LaLiga,Spain,1,0,20,2,0,6.62,16.571,6
826134,Trevoh Chalobah,DEF,2223,PL,England,0,0,31,4,0,6.75,23.0,6
69768,Jan Oblak,GK,2223,LaLiga,Spain,0,0,0,11,61,6.93,16.571,9
39070,Olivier Giroud,FWD,2223,SerieA,Italy,13,5,8,1,0,6.96,22.357,28
187433,Serge Gnabry,MID,2223,Bund,Germany,14,5,35,5,0,7.11,17.125,23
108579,Harry Kane,FWD,2223,PL,England,30,3,15,8,0,7.44,23.0,10
363856,Nicolò Barella,MID,2223,SerieA,Italy,6,6,49,6,0,7.08,22.357,27
928236,Leonardo Balerdi,DEF,2223,L1,France,0,1,57,7,0,6.93,12.583,13
987818,Maurits Kjaergaard,MID,2223,AutBund,Austria,2,5,40,4,0,7.08,4.9,8
875136,Noa Lang,MID,2223,Belgium,Belgium,9,7,29,4,0,7.26,14.2,2
798583,Dayot Upamecano,DEF,2223,Bund,Germany,0,1,65,6,0,6.81,17.125,16
964994,Joško Gvardiol,DEF,2223,Bund,Germany,1,0,24,5,0,6.94,17.125,23
235672,Matteo Politano,MID,2223,SerieA,Italy,3,3,18,0,0,6.93,22.357,11
352882,Nuno Santos,MID,2223,Portugal,Portugal,8,5,22,5,0,7.3,12.5,7
133908,Marcel Sabitzer,MID,2223,PL,England,0,1,12,1,0,6.82,23.0,4
789071,Dani Olmo,MID,2223,Bund,Germany,2,5,15,1,0,7.04,17.125,1
826215,Ibrahima Konaté,DEF,2223,PL,England,0,0,38,7,0,6.85,23.0,6
78893,Romelu Lukaku,FWD,2223,SerieA,Italy,10,6,3,3,0,7.09,22.357,16
822519,Éder Militão,DEF,2223,LaLiga,Spain,5,0,46,10,0,7.24,16.571,21
103417,Isco,MID,2223,LaLiga,Spain,0,2,15,0,0,6.8,16.571,11
136710,Mateo Kovačić,MID,2223,PL,England,1,2,36,1,0,6.76,23.0,9
187205,Milan Škriniar,DEF,2223,SerieA,Italy,0,0,29,8,0,6.77,22.357,15
248331,Brandon Mechele,DEF,2223,Belgium,Belgium,2,0,68,13,0,7.07,14.2,23
361004,Marco Asensio,MID,2223,LaLiga,Spain,9,6,16,4,0,7.21,16.571,18
836694,Mason Mount,MID,2223,PL,England,3,2,33,3,0,7.05,23.0,7
37151,Henrikh Mkhitaryan,MID,2223,SerieA,Italy,3,2,41,1,0,6.88,22.357,21
955245,Harvey Elliott,MID,2223,PL,England,1,2,27,1,0,6.81,23.0,12
940871,Nico Schlotterbeck,DEF,2223,Bund,Germany,4,5,59,8,0,7.27,17.125,15
992587,Pedri,MID,2223,LaLiga,Spain,6,1,39,10,0,7.28,16.571,2
847030,Noussair Mazraoui,DEF,2223,Bund,Germany,1,4,29,1,0,6.92,17.125,8
150383,Stanislav Lobotka,MID,2223,SerieA,Italy,1,1,83,8,0,7.05,22.357,10
325355,José María Giménez,DEF,2223,LaLiga,Spain,2,1,43,10,0,7.17,16.571,6
822708,Amadou Haidara,MID,2223,Bund,Germany,2,1,25,0,0,6.71,17.125,4
794939,Marc Cucurella,DEF,2223,PL,England,0,2,66,4,0,6.91,23.0,8
138156,Emre Can,DEF,2223,Bund,Germany,2,1,57,6,0,7.02,17.125,13
227672,Jonathan Tah,DEF,2223,Bund,Germany,1,0,25,7,0,6.81,17.125,10
1103693,Gavi,MID,2223,LaLiga,Spain,2,4,47,12,0,6.88,16.571,2
142622,Antonio Rüdiger,DEF,2223,LaLiga,Spain,1,0,18,10,0,6.85,16.571,17
1047509,Bjorn Meijer,DEF,2223,Belgium,Belgium,3,6,42,8,0,6.81,14.2,20
795222,Frenkie de Jong,MID,2223,LaLiga,Spain,2,4,46,11,0,7.24,16.571,1
824509,Gianluigi Donnarumma,GK,2223,L1,France,0,0,1,13,124,7.06,12.583,8
859025,Aurélien Tchouaméni,MID,2223,LaLiga,Spain,0,4,64,5,0,7.13,16.571,4
850993,David Neres,MID,2223,Portugal,Portugal,6,8,21,1,0,7.05,12.5,21
987510,Zaidu Sanusi,DEF,2223,Portugal,Portugal,0,0,15,1,0,6.74,12.5,14
759520,Denzel Dumfries,DEF,2223,SerieA,Italy,1,4,35,2,0,6.84,22.357,29
151545,Virgil van Dijk,DEF,2223,PL,England,3,1,27,11,0,7.1,23.0,13
846425,Manuel Ugarte,MID,2223,Portugal,Portugal,0,0,121,2,0,7.05,12.5,11
829932,Cristian Romero,DEF,2223,PL,England,0,1,68,6,0,6.97,23.0,8
1121923,Antonio Nusa,MID,2223,Belgium,Belgium,1,1,7,0,0,6.72,14.2,5
989768,Nuno Mendes,DEF,2223,L1,France,1,5,45,2,0,7.02,12.583,9
831799,Nahuel Molina,DEF,2223,LaLiga,Spain,4,2,69,9,0,6.88,16.571,6
136924,Willi Orbán,DEF,2223,Bund,Germany,4,0,51,10,0,7.14,17.125,11
94286,Thorgan Hazard,MID,2223,Bund,Germany,0,0,17,0,0,6.68,17.125,6
970361,Jeremie Frimpong,DEF,2223,Bund,Germany,8,7,53,4,0,6.94,17.125,12
827212,Jules Koundé,DEF,2223,LaLiga,Spain,1,3,37,18,0,7.1,16.571,5
84539,Koke,MID,2223,LaLiga,Spain,0,3,55,3,0,6.88,16.571,0
845386,Federico Chiesa,MID,2223,SerieA,Italy,2,5,22,0,0,6.85,22.357,0
792073,Ferland Mendy,DEF,2223,LaLiga,Spain,0,1,21,2,0,6.69,16.571,5
1002837,Piero Hincapié,DEF,2223,Bund,Germany,1,1,51,5,0,6.83,17.125,10
805078,Mathías Olivera,DEF,2223,SerieA,Italy,2,2,39,7,0,6.84,22.357,15
547838,Dani Ceballos,MID,2223,LaLiga,Spain,0,4,43,2,0,6.93,16.571,1
927407,Josip Stanišić,DEF,2223,Bund,Germany,0,0,19,0,0,6.75,17.125,11
911719,Lassina Traoré,FWD,2223,Ukraine,Ukraine,5,4,0,0,0,0,5.7,4
869856,Dominik Szoboszlai,MID,2223,Bund,Germany,6,8,45,5,0,7.42,17.125,13
902029,Vitinha,MID,2223,L1,France,2,3,58,3,0,6.85,12.583,2
118085,Hans Vanaken,MID,2223,Belgium,Belgium,14,6,39,12,0,7.29,14.2,6
155995,Marquinhos,DEF,2223,L1,France,2,0,33,10,0,7.03,12.583,1
947929,Jesper Lindstrøm,MID,2223,Bund,Germany,7,2,26,1,0,6.77,17.125,6
188307,Tomáš Chorý,FWD,2223,Czech,Czechia,13,4,14,1,0,7.14,6.75,9
1010231,Jamal Musiala,MID,2223,Bund,Germany,12,10,34,1,0,7.05,17.125,7
126588,Filip Kostić,DEF,2223,Bund,Germany,0,0,2,0,0,6.4,17.125,5
904897,Ryan Gravenberch,MID,2223,Bund,Germany,0,0,17,0,0,6.6,17.125,4
1001196,Gonçalo Inácio,DEF,2223,Portugal,Portugal,1,3,39,7,0,7.01,12.5,9
353282,Oleksandr Zubkov,FWD,2223,Ukraine,Ukraine,5,3,0,0,0,0,5.7,10
882664,Pepê,MID,2223,Portugal,Portugal,4,7,41,11,0,7.05,12.5,6
879694,Pape Gueye,MID,2223,LaLiga,Spain,1,3,37,3,0,6.65,16.571,0
886363,Matheus Cunha,MID,2223,PL,England,2,0,7,0,0,6.83,23.0,0
876214,Eric García,DEF,2223,LaLiga,Spain,1,0,24,7,0,6.92,16.571,4
940054,Karim Adeyemi,FWD,2223,Bund,Germany,6,5,16,1,0,6.78,17.125,8
188365,Héctor Bellerín,DEF,2223,LaLiga,Spain,0,0,2,1,0,6.93,16.571,1
548848,Pau López,GK,2223,L1,France,0,2,0,10,92,6.99,12.583,8
856076,David Raum,DEF,2223,Bund,Germany,0,2,39,2,0,6.89,17.125,8
973887,Eduardo Camavinga,MID,2223,LaLiga,Spain,0,1,68,7,0,6.87,16.571,13
784655,Fabián Ruiz,MID,2223,L1,France,3,2,62,3,0,7.07,12.583,1
835601,Moise Kean,FWD,2223,SerieA,Italy,6,0,8,0,0,6.63,22.357,4
848287,Evan Ndicka,DEF,2223,Bund,Germany,1,0,25,6,0,6.81,17.125,15
1129862,Raphael Onyedika,MID,2223,Belgium,Belgium,0,0,75,7,0,6.99,14.2,6
1190933,João Neves,MID,2223,Portugal,Portugal,1,0,26,3,0,6.86,12.5,3
234148,N'Golo Kanté,MID,2223,PL,England,0,1,16,1,0,7.26,23.0,1
857574,Andriy Lunin,GK,2223,LaLiga,Spain,0,0,0,3,12,6.81,16.571,1
958923,Artem Bondarenko,MID,2223,Ukraine,Ukraine,8,5,0,0,0,0,5.7,4
838232,Eljif Elmas,MID,2223,SerieA,Italy,6,3,24,1,0,6.85,22.357,2
986397,Benjamin Šeško,FWD,2223,AutBund,Austria,16,3,12,3,0,6.93,4.9,1
982778,Devyne Rensch,DEF,2223,Ered,Netherlands,3,1,55,4,0,6.87,13.5,8
1082406,Matías Soulé,FWD,2223,SerieA,Italy,1,0,7,0,0,6.75,22.357,0
925097,Ronald Araújo,DEF,2223,LaLiga,Spain,0,2,26,12,0,7.03,16.571,0
1067539,Lynnt Audoor,MID,2223,Belgium,Belgium,0,0,1,0,0,6.55,14.2,0
1142672,Warren Zaïre-Emery,MID,2223,L1,France,2,0,17,0,0,6.55,12.583,0
835485,Brahim Díaz,MID,2223,SerieA,Italy,6,7,32,0,0,6.91,22.357,10
318927,Joe Gomez,DEF,2223,PL,England,0,0,28,8,0,6.9,23.0,8
814594,Achraf Hakimi,DEF,2223,L1,France,5,3,54,8,0,6.92,12.583,9
927353,Curtis Jones,MID,2223,PL,England,3,1,34,0,0,6.8,23.0,0
319853,Lukas Klostermann,DEF,2223,Bund,Germany,0,0,16,4,0,6.78,17.125,1
125407,Álvaro Morata,FWD,2223,LaLiga,Spain,13,2,16,1,0,6.89,16.571,0
353130,Mario Hermoso,DEF,2223,LaLiga,Spain,3,2,22,8,0,6.93,16.571,6
353138,Marcos Llorente,MID,2223,LaLiga,Spain,1,2,32,5,0,6.97,16.571,0
1146018,Paul Wanner,MID,2223,Bund,Germany,0,0,3,0,0,6.55,17.125,0
800951,Julian Ryerson,DEF,2223,Bund,Germany,1,0,55,6,0,6.74,17.125,0
1048009,El Chadaille Bitshiabu,DEF,2223,L1,France,0,0,10,0,0,6.52,12.583,0
958959,Jurriën Timber,DEF,2223,Ered,Netherlands,2,2,47,9,0,7.03,13.5,5
803039,Donyell Malen,FWD,2223,Bund,Germany,9,5,13,1,0,7.09,17.125,0
906021,Sergiño Dest,DEF,2223,SerieA,Italy,0,0,12,0,0,6.51,22.357,1
979221,Gonçalo Borges,MID,2223,Portugal,Portugal,0,0,3,0,0,6.66,12.5,0
566102,Davinson Sánchez,DEF,2223,PL,England,0,0,24,2,0,6.76,23.0,0
280601,Jindřich Staněk,GK,2223,Czech,Czechia,0,0,1,10,99,7.09,6.75,7
1002819,Gabriel Veron,MID,2223,Portugal,Portugal,0,2,14,0,0,6.79,12.5,0
1048422,Hugo Ekitiké,FWD,2223,L1,France,3,4,12,0,0,6.78,12.583,0
895764,Pedro Gonçalves,MID,2223,Portugal,Portugal,15,11,59,7,0,7.51,12.5,6
904859,Dmytro Kryskiv,MID,2223,Ukraine,Ukraine,5,3,0,0,0,0,5.7,0
50490,Wojciech Szczęsny,GK,2223,SerieA,Italy,0,0,1,14,68,7,22.357,3
355492,Konrad Laimer,DEF,2223,Bund,Germany,3,0,60,3,0,6.93,17.125,3
997035,Alejandro Balde,DEF,2223,LaLiga,Spain,1,6,42,14,0,6.89,16.571,0
319857,Benjamin Henrichs,DEF,2223,Bund,Germany,2,2,73,5,0,6.91,17.125,1
973290,Tajon Buchanan,MID,2223,Belgium,Belgium,1,2,25,4,0,6.66,14.2,7
1004449,Cisse Sandra,MID,2223,Belgium,Belgium,1,0,3,0,0,6.88,14.2,0
1142588,Pablo Barrios,MID,2223,LaLiga,Spain,0,1,19,0,0,6.64,16.571,0
37096,Péter Gulácsi,GK,2223,Bund,Germany,0,0,0,2,17,6.87,17.125,0
1104897,Jorne Spileers,DEF,2223,Belgium,Belgium,0,0,10,6,0,7.13,14.2,0
70996,Kevin De Bruyne,MID,2324,PL,England,4,10,14,1,0,7.93,17.375,14
944656,Julián Alvarez,FWD,2324,PL,England,11,9,24,4,0,7.36,17.375,27
859765,Phil Foden,MID,2324,PL,England,19,8,31,8,0,7.79,17.375,35
136924,Willi Orbán,DEF,2324,Bund,Germany,0,0,20,5,0,7.06,19.357,7
827606,Rodri,MID,2324,PL,England,8,9,70,11,0,8.01,17.375,15
831005,Raphinha,MID,2324,LaLiga,Spain,6,9,14,2,0,7.28,16.062,23
991011,Jude Bellingham,MID,2324,LaLiga,Spain,19,6,42,9,0,8.05,16.062,42
934235,Bukayo Saka,MID,2324,PL,England,16,9,66,3,0,7.72,17.375,38
826643,Kylian Mbappé,FWD,2324,L1,France,27,7,4,6,0,7.89,16.25,32
868812,Vinícius Júnior,MID,2324,LaLiga,Spain,15,5,18,4,0,7.33,16.062,46
108579,Harry Kane,FWD,2324,Bund,Germany,36,8,13,8,0,7.76,19.357,47
138892,João Cancelo,DEF,2324,LaLiga,Spain,2,4,64,10,0,7.25,16.062,29
934386,Jérémy Doku,MID,2324,PL,England,3,8,39,0,0,7.42,17.375,10
857574,Andriy Lunin,GK,2324,LaLiga,Spain,0,0,0,10,48,7.2,16.062,19
592010,Mikel Merino,MID,2324,LaLiga,Spain,5,3,77,9,0,7.22,16.062,21
856076,David Raum,DEF,2324,Bund,Germany,2,8,58,5,0,7.38,19.357,20
16206,Yann Sommer,GK,2324,SerieA,Italy,0,0,2,19,80,7.15,21.0,24
556866,Gregor Kobel,GK,2324,Bund,Germany,0,0,0,7,85,7.19,19.357,39
577726,Ramy Bensebaini,DEF,2324,Bund,Germany,0,0,34,1,0,7.06,19.357,15
70988,Thibaut Courtois,GK,2324,LaLiga,Spain,0,0,1,3,16,8,16.062,5
259117,Joshua Kimmich,MID,2324,Bund,Germany,1,6,45,6,0,7.42,19.357,22
902029,Vitinha,MID,2324,L1,France,7,4,39,5,0,7.49,16.25,20
288205,Bruno Fernandes,MID,2324,PL,England,10,8,68,7,0,7.75,17.375,21
945122,Matheus Nunes,DEF,2324,PL,England,0,2,13,1,0,6.8,17.375,8
1015287,Natan,DEF,2324,SerieA,Italy,0,0,14,2,0,6.77,21.0,14
189061,Jack Grealish,MID,2324,PL,England,3,1,13,1,0,7.24,17.375,8
45853,İlkay Gündoğan,MID,2324,LaLiga,Spain,5,9,31,10,0,7.48,16.062,15
547838,Dani Ceballos,MID,2324,LaLiga,Spain,0,2,10,2,0,6.77,16.062,6
941669,Dmytro Riznyk,GK,2324,Ukraine,Ukraine,0,0,0,13,56,6.92,4.1,16
875136,Noa Lang,MID,2324,Ered,Netherlands,4,1,3,0,0,7.35,10.0,0
964994,Joško Gvardiol,DEF,2324,PL,England,4,1,55,9,0,7.4,17.375,15
135700,Hakan Çalhanoğlu,MID,2324,SerieA,Italy,13,3,66,6,0,7.68,21.0,9
1190933,João Neves,MID,2324,Portugal,Portugal,3,1,65,9,0,7.41,11.0,8
1088896,Johan Bakayoko,MID,2324,Ered,Netherlands,12,9,33,7,0,7.64,10.0,12
22209,Ørjan Nyland,GK,2324,LaLiga,Spain,0,0,0,6,78,7.09,16.062,2
818244,Ousmane Dembélé,FWD,2324,L1,France,3,8,19,3,0,7.38,16.25,16
363856,Nicolò Barella,MID,2324,SerieA,Italy,2,3,46,8,0,7.08,21.0,9
547410,Martin Ødegaard,MID,2324,PL,England,8,10,49,13,0,7.67,17.375,19
850816,Joey Veerman,MID,2324,Ered,Netherlands,5,16,68,10,0,8.26,10.0,4
1010231,Jamal Musiala,MID,2324,Bund,Germany,10,6,40,0,0,7.49,19.357,18
794839,Gabriel Jesus,FWD,2324,PL,England,4,5,24,2,0,7.17,17.375,27
789071,Dani Olmo,MID,2324,Bund,Germany,4,5,26,3,0,7.21,19.357,6
592794,Alex Meret,GK,2324,SerieA,Italy,0,0,1,5,64,6.84,21.0,19
319857,Benjamin Henrichs,DEF,2324,Bund,Germany,1,5,68,6,0,7.11,19.357,13
814594,Achraf Hakimi,DEF,2324,L1,France,4,5,29,5,0,7.34,16.25,23
1149127,Arthur Vermeeren,MID,2324,LaLiga,Spain,0,0,1,0,0,6.52,16.062,17
1402912,Lamine Yamal,MID,2324,LaLiga,Spain,5,5,61,5,0,7.34,16.062,9
851284,Rafael Leão,MID,2324,SerieA,Italy,9,9,16,6,0,7.42,21.0,9
69768,Jan Oblak,GK,2324,LaLiga,Spain,0,0,0,13,102,7.01,16.062,20
353282,Oleksandr Zubkov,FWD,2324,Ukraine,Ukraine,5,5,0,0,0,7.96,4.1,9
886223,Stephen Eustaquio,MID,2324,Portugal,Portugal,2,2,41,2,0,7.14,11.0,10
153257,Giovanni Di Lorenzo,DEF,2324,SerieA,Italy,1,6,58,6,0,7.24,21.0,23
889259,Khvicha Kvaratskhelia,MID,2324,SerieA,Italy,11,6,42,2,0,7.48,21.0,6
856714,Declan Rice,MID,2324,PL,England,7,8,83,11,0,7.43,17.375,9
839956,Erling Haaland,FWD,2324,PL,England,27,5,6,6,0,7.36,17.375,28
184661,Leon Goretzka,MID,2324,Bund,Germany,6,7,41,4,0,7.41,19.357,11
798583,Dayot Upamecano,DEF,2324,Bund,Germany,1,0,34,5,0,6.96,19.357,13
784655,Fabián Ruiz,MID,2324,L1,France,1,3,34,3,0,7.08,16.25,11
855833,Ferran Torres,FWD,2324,LaLiga,Spain,7,2,9,2,0,6.93,16.062,16
353138,Marcos Llorente,MID,2324,LaLiga,Spain,6,4,40,4,0,7,16.062,6
318941,Rúben Dias,DEF,2324,PL,England,0,0,39,9,0,7.21,17.375,7
383560,Manuel Akanji,DEF,2324,PL,England,2,0,42,11,0,7.24,17.375,16
581310,David Raya,GK,2324,PL,England,0,0,1,16,46,6.85,17.375,21
235672,Matteo Politano,MID,2324,SerieA,Italy,8,7,19,0,0,7.25,21.0,9
827212,Jules Koundé,DEF,2324,LaLiga,Spain,1,2,37,15,0,7.15,16.062,11
37151,Henrikh Mkhitaryan,MID,2324,SerieA,Italy,2,8,62,7,0,7.22,21.0,4
1086417,Rasmus Højlund,FWD,2324,PL,England,10,2,11,2,0,6.86,17.375,20
917087,Kang-in Lee,MID,2324,L1,France,3,4,26,3,0,7.15,16.25,10
331209,Bernardo Silva,MID,2324,PL,England,6,9,51,9,0,7.53,17.375,13
973887,Eduardo Camavinga,MID,2324,LaLiga,Spain,0,2,76,3,0,7.19,16.062,14
922573,Gabriel Martinelli,MID,2324,PL,England,6,4,30,1,0,7.11,17.375,15
992587,Pedri,MID,2324,LaLiga,Spain,4,2,33,1,0,7.22,16.062,12
940871,Nico Schlotterbeck,DEF,2324,Bund,Germany,2,1,70,8,0,7.32,19.357,34
966575,Rodrigo Zalazar,MID,2324,Portugal,Portugal,6,6,40,0,0,7.25,11.0,9
84539,Koke,MID,2324,LaLiga,Spain,0,4,66,7,0,7.06,16.062,9
910536,Rodrygo,MID,2324,LaLiga,Spain,10,5,16,4,0,7.31,16.062,34
149380,Harry Maguire,DEF,2324,PL,England,2,2,24,4,0,7.13,17.375,10
97001,João Mário,FWD,2324,Portugal,Portugal,3,1,39,6,0,7.11,11.0,12
989768,Nuno Mendes,DEF,2324,L1,France,1,1,5,0,0,7.03,16.25,3
332155,Amir Rrahmani,DEF,2324,SerieA,Italy,3,0,33,4,0,7.08,21.0,15
1136731,Rico Lewis,DEF,2324,PL,England,2,0,10,0,0,6.99,17.375,15
293519,Leroy Sané,MID,2324,Bund,Germany,8,11,15,7,0,7.65,19.357,17
835600,Davide Frattesi,MID,2324,SerieA,Italy,6,3,10,1,0,6.81,21.0,16
831808,Federico Valverde,MID,2324,LaLiga,Spain,2,7,47,14,0,7.38,16.062,14
187205,Milan Škriniar,DEF,2324,L1,France,0,0,24,5,0,6.9,16.25,18
566102,Davinson Sánchez,DEF,2324,PL,England,0,0,0,0,0,7,17.375,8
964753,Senne Lammens,GK,2324,Belgium,Belgium,0,0,0,1,33,6.98,14.4,1
319129,Luka Jović,FWD,2324,SerieA,Italy,6,1,6,0,0,6.77,21.0,0
866469,Bruno Guimarães,MID,2324,PL,England,7,8,88,7,0,7.49,17.375,8
308182,Ivan Provedel,GK,2324,SerieA,Italy,0,0,1,9,86,7.12,21.0,25
142622,Antonio Rüdiger,DEF,2324,LaLiga,Spain,1,0,26,14,0,6.93,16.062,21
138605,Piotr Zieliński,MID,2324,SerieA,Italy,3,2,23,1,0,7.1,21.0,6
1142251,Aleksandar Pavlović,MID,2324,Bund,Germany,2,2,28,2,0,7.07,19.357,1
787505,Benjamin Pavard,DEF,2324,SerieA,Italy,0,2,34,7,0,7.25,21.0,10
133908,Marcel Sabitzer,MID,2324,Bund,Germany,4,3,39,7,0,7.12,19.357,29
882664,Pepê,MID,2324,Portugal,Portugal,4,6,26,9,0,7.26,11.0,16
980418,Sacha Boey,DEF,2324,Bund,Germany,0,0,2,0,0,6.35,19.357,12
155995,Marquinhos,DEF,2324,L1,France,0,1,19,5,0,7.26,16.25,20
803031,Matthijs de Ligt,DEF,2324,Bund,Germany,2,0,15,2,0,6.95,19.357,13
976263,Ian Maatsen,DEF,2324,PL,England,0,0,3,0,0,6.43,17.375,23
831799,Nahuel Molina,DEF,2324,LaLiga,Spain,2,3,38,4,0,6.82,16.062,18
803039,Donyell Malen,FWD,2324,Bund,Germany,13,1,11,4,0,7.24,19.357,5
824509,Gianluigi Donnarumma,GK,2324,L1,France,0,0,0,10,92,7.3,16.25,24
149663,Nathan Aké,DEF,2324,PL,England,2,2,26,5,0,7.1,17.375,1
1142672,Warren Zaïre-Emery,MID,2324,L1,France,2,3,51,5,0,7.05,16.25,22
232422,Kepa Arrizabalaga,GK,2324,LaLiga,Spain,0,0,0,7,30,7.04,16.062,7
966837,Martín Zubimendi,MID,2324,LaLiga,Spain,4,1,49,9,0,7.06,16.062,10
8959,Manuel Neuer,GK,2324,Bund,Germany,0,0,1,6,60,6.94,19.357,22
186795,Andreas Christensen,DEF,2324,LaLiga,Spain,2,2,23,3,0,6.89,16.062,13
1103693,Gavi,MID,2324,LaLiga,Spain,1,1,39,4,0,7.13,16.062,6
847030,Noussair Mazraoui,DEF,2324,Bund,Germany,0,3,32,6,0,7.05,19.357,8
1108441,Lucas Beraldo,DEF,2324,L1,France,1,0,22,1,0,6.9,16.25,7
859025,Aurélien Tchouaméni,MID,2324,LaLiga,Spain,3,1,38,11,0,7.18,16.062,4
903324,Kerem Aktürkoğlu,MID,2324,SuperLig,Turkey,12,6,28,3,0,7.33,12.0,11
788921,Florian Sotoca,FWD,2324,L1,France,7,6,33,9,0,7.5,16.25,6
754794,Lucas Torreira,MID,2324,SuperLig,Turkey,1,2,80,5,0,7.2,12.0,3
1048889,Andy Diouf,MID,2324,L1,France,1,0,28,1,0,6.8,16.25,0
925097,Ronald Araújo,DEF,2324,LaLiga,Spain,1,2,27,7,0,7.03,16.062,8
136710,Mateo Kovačić,MID,2324,PL,England,1,0,36,3,0,7.02,17.375,2
1142588,Pablo Barrios,MID,2324,LaLiga,Spain,0,1,45,2,0,6.99,16.062,9
284361,Federico Dimarco,DEF,2324,SerieA,Italy,5,6,42,1,0,7.35,21.0,6
325355,José María Giménez,DEF,2324,LaLiga,Spain,0,0,18,5,0,6.83,16.062,3
843115,Diogo Costa,GK,2324,Portugal,Portugal,0,0,0,13,58,7.01,11.0,14
807771,Dávid Hancko,DEF,2324,Ered,Netherlands,5,2,38,16,0,7.51,10.0,11
369650,Jonathan Gradit,DEF,2324,L1,France,1,0,32,10,0,6.99,16.25,6
893549,Tijjani Reijnders,MID,2324,SerieA,Italy,3,3,46,9,0,7.09,21.0,4
844234,Jerdy Schouten,MID,2324,Ered,Netherlands,4,0,54,10,0,7.16,10.0,5
826188,Alessandro Bastoni,DEF,2324,SerieA,Italy,1,3,46,9,0,7.35,21.0,13
843665,Alphonso Davies,DEF,2324,Bund,Germany,2,5,47,5,0,7.1,19.357,14
353130,Mario Hermoso,DEF,2324,LaLiga,Spain,0,1,46,8,0,7.02,16.062,16
125407,Álvaro Morata,FWD,2324,LaLiga,Spain,15,3,16,1,0,6.98,16.062,24
1414933,Marc Guiu,FWD,2324,LaLiga,Spain,1,0,1,0,0,6.77,16.062,4
1390545,Eguinaldo,FWD,2324,Ukraine,Ukraine,2,0,0,0,0,6.89,4.1,4
846036,Ben White,DEF,2324,PL,England,4,4,48,13,0,7.26,17.375,18
852404,Mattéo Guendouzi,MID,2324,L1,France,0,0,0,0,0,6.6,16.25,7
795222,Frenkie de Jong,MID,2324,LaLiga,Spain,2,0,43,6,0,7.45,16.062,3
190159,André Silva,FWD,2324,LaLiga,Spain,3,0,2,0,0,6.62,16.062,0
822708,Amadou Haidara,MID,2324,Bund,Germany,2,1,42,1,0,7.19,19.357,2
825838,Armando Obispo,DEF,2324,Ered,Netherlands,0,0,3,0,0,6.71,10.0,0
906275,Yann Bisseck,DEF,2324,SerieA,Italy,2,0,14,6,0,7.11,21.0,0
791702,Marcus Thuram,FWD,2324,SerieA,Italy,13,7,23,5,0,7.3,21.0,5
178963,Abdülkerim Bardakcı,DEF,2324,SuperLig,Turkey,4,0,25,12,0,7.23,12.0,6
826139,Reiss Nelson,MID,2324,PL,England,0,0,9,0,0,6.66,17.375,8
892141,Santiago Giménez,FWD,2324,Ered,Netherlands,23,6,8,5,0,7.33,10.0,11
787941,Frank Anguissa,MID,2324,SerieA,Italy,0,2,61,6,0,6.99,21.0,12
822471,Victor Osimhen,FWD,2324,SerieA,Italy,15,3,9,1,0,7.25,21.0,8
856739,Lutsharel Geertruida,DEF,2324,Ered,Netherlands,8,5,49,15,0,7.41,10.0,8
805078,Mathías Olivera,DEF,2324,SerieA,Italy,1,1,50,4,0,7.09,21.0,4
997035,Alejandro Balde,DEF,2324,LaLiga,Spain,0,1,20,3,0,6.84,16.062,10
940054,Karim Adeyemi,FWD,2324,Bund,Germany,3,1,16,0,0,6.69,19.357,13
835485,Brahim Díaz,MID,2324,LaLiga,Spain,8,6,29,1,0,7.2,16.062,15
823984,Lautaro Martínez,FWD,2324,SerieA,Italy,24,3,22,8,0,7.5,21.0,9
1153270,Fermín López,MID,2324,LaLiga,Spain,8,0,41,1,0,6.93,16.062,13
914902,Anthony Gordon,MID,2324,PL,England,11,10,55,4,0,7.41,17.375,3
1063767,Ismael Saibari,MID,2324,Ered,Netherlands,5,4,31,2,0,7.31,10.0,6
879346,Scott McTominay,MID,2324,PL,England,7,1,49,7,0,6.93,17.375,9
986395,Ricardo Pepi,FWD,2324,Ered,Netherlands,7,2,9,1,0,6.83,10.0,7
187433,Serge Gnabry,MID,2324,Bund,Germany,3,1,8,0,0,7.18,19.357,11
863653,Aaron Wan-Bissaka,DEF,2324,PL,England,0,2,42,3,0,6.95,17.375,5
361004,Marco Asensio,MID,2324,L1,France,4,5,12,1,0,7.25,16.25,0
800951,Julian Ryerson,DEF,2324,Bund,Germany,4,1,41,4,0,6.96,19.357,21
254491,Ederson,GK,2324,PL,England,0,0,0,10,57,7,17.375,6
989113,Rodrigo Riquelme,MID,2324,LaLiga,Spain,3,5,30,1,0,6.87,16.062,3
833562,Yehor Nazaryna,MID,2324,Ukraine,Ukraine,2,0,0,0,0,6.92,4.1,4
906021,Sergiño Dest,DEF,2324,Ered,Netherlands,2,6,33,9,0,7.4,10.0,11
152077,John Stones,DEF,2324,PL,England,1,0,2,4,0,6.94,17.375,3
787751,Robin Le Normand,DEF,2324,LaLiga,Spain,2,0,31,7,0,6.97,16.062,10
352370,Lucas Hernández,DEF,2324,L1,France,1,1,52,3,0,7.11,16.25,15
138156,Emre Can,DEF,2324,Bund,Germany,2,2,63,5,0,7.09,19.357,22
814590,Marcus Rashford,MID,2324,PL,England,7,2,19,5,0,6.9,17.375,8
355492,Konrad Laimer,DEF,2324,Bund,Germany,0,3,56,4,0,6.98,19.357,21
190839,Luke Shaw,DEF,2324,PL,England,0,0,11,2,0,6.95,17.375,3
792073,Ferland Mendy,DEF,2324,LaLiga,Spain,0,0,15,10,0,6.93,16.062,12
1066560,Alan Varela,MID,2324,Portugal,Portugal,2,3,36,9,0,7.18,11.0,7
987510,Zaidu Sanusi,DEF,2324,Portugal,Portugal,1,0,3,0,0,6.88,11.0,2
150383,Stanislav Lobotka,MID,2324,SerieA,Italy,0,1,61,3,0,6.97,21.0,4
904835,Fábio Vieira,MID,2324,PL,England,1,2,3,0,0,6.92,17.375,0
996952,Bradley Barcola,MID,2324,L1,France,4,7,39,2,0,7.03,16.25,12
138152,Kaan Ayhan,DEF,2324,SuperLig,Turkey,1,2,33,6,0,7.07,12.0,2
941168,William Saliba,DEF,2324,PL,England,2,1,41,18,0,7.04,17.375,19
851271,Fran García,DEF,2324,LaLiga,Spain,1,5,25,5,0,6.95,16.062,3
958923,Artem Bondarenko,MID,2324,Ukraine,Ukraine,4,3,0,0,0,7.33,4.1,1
836705,Kai Havertz,FWD,2324,PL,England,13,7,35,8,0,7.23,17.375,9
929199,Carlos Augusto,DEF,2324,SerieA,Italy,0,3,29,6,0,6.96,21.0,7
985823,Ayase Ueda,FWD,2324,Ered,Netherlands,5,2,7,2,0,6.87,10.0,0
1142175,Kobbie Mainoo,MID,2324,PL,England,3,1,47,0,0,6.94,17.375,0
1099117,Samson Baidoo,DEF,2324,AutBund,Austria,2,1,30,4,0,7.12,4.8,3
848355,Angeliño,DEF,2324,SerieA,Italy,0,1,21,1,0,6.83,21.0,2
958380,Antony,MID,2324,PL,England,1,1,40,0,0,6.89,17.375,2
907463,Felix Nmecha,MID,2324,Bund,Germany,1,2,19,2,0,6.86,19.357,8
823941,Alexander Isak,FWD,2324,PL,England,21,2,5,3,0,7.17,17.375,4
954056,Nico González,MID,2324,Portugal,Portugal,2,1,42,0,0,7.06,11.0,1
1000483,Marc Casadó,MID,2324,LaLiga,Spain,0,0,1,0,0,6.85,16.062,0
822519,Éder Militão,DEF,2324,LaLiga,Spain,0,0,7,3,0,6.84,16.062,0
1402913,Pau Cubarsí,DEF,2324,LaLiga,Spain,0,0,22,8,0,6.99,16.062,2
976421,Castello Lukeba,DEF,2324,Bund,Germany,1,0,19,7,0,6.9,19.357,2
838232,Eljif Elmas,MID,2324,Bund,Germany,0,0,8,0,0,6.64,19.357,0
39070,Olivier Giroud,FWD,2324,SerieA,Italy,15,8,17,3,0,7.16,21.0,8
976037,Jakub Kiwior,DEF,2324,PL,England,1,3,20,5,0,6.95,17.375,2
987818,Maurits Kjaergaard,MID,2324,AutBund,Austria,2,5,15,5,0,7.25,4.8,4
26768,Sven Ulreich,GK,2324,Bund,Germany,0,0,1,4,19,6.71,19.357,2
37096,Péter Gulácsi,GK,2324,Bund,Germany,0,0,0,5,33,7.07,19.357,2
850993,David Neres,MID,2324,Portugal,Portugal,5,7,12,1,0,7.16,11.0,0
759520,Denzel Dumfries,DEF,2324,SerieA,Italy,4,4,22,2,0,6.92,21.0,4
957937,Casper Tengstedt,FWD,2324,Portugal,Portugal,4,2,11,0,0,6.94,11.0,3
579576,Ruben Aguilar,DEF,2324,L1,France,1,3,53,10,0,7.12,16.25,1
319853,Lukas Klostermann,DEF,2324,Bund,Germany,1,0,15,3,0,6.85,19.357,2
843200,Diogo Dalot,DEF,2324,PL,England,2,3,81,7,0,7.11,17.375,6
893499,Mauro Júnior,DEF,2324,Ered,Netherlands,1,0,18,2,0,7.05,10.0,0
986397,Benjamin Šeško,FWD,2324,Bund,Germany,14,2,13,1,0,6.97,19.357,9
1102788,Dorgeles Nene,FWD,2324,AutBund,Austria,5,2,20,0,0,6.91,4.8,1
976575,Nicolas Seiwald,MID,2324,Bund,Germany,0,2,33,0,0,6.7,19.357,3
825956,Christoph Baumgartner,MID,2324,Bund,Germany,5,1,26,0,0,6.79,19.357,1
904096,Barış Alper Yılmaz,MID,2324,SuperLig,Turkey,6,6,60,6,0,7.15,12.0,3
758608,Çağlar Söyüncü,DEF,2324,LaLiga,Spain,0,0,1,0,0,6.1,16.062,0
979221,Gonçalo Borges,MID,2324,Portugal,Portugal,0,2,7,0,0,6.8,11.0,0
947929,Jesper Lindstrøm,MID,2324,Bund,Germany,0,0,1,0,0,6.5,19.357,2
599114,Jean Butez,GK,2324,Belgium,Belgium,0,0,0,12,76,7.1,14.4,5
994546,Elliot Anderson,MID,2324,PL,England,0,2,24,2,0,6.89,17.375,0
836694,Mason Mount,MID,2324,PL,England,1,0,22,0,0,6.75,17.375,0
845798,Guus Til,MID,2324,Ered,Netherlands,10,5,19,8,0,7.23,10.0,0
1135873,Alejandro Garnacho,MID,2324,PL,England,7,4,22,2,0,7.05,17.375,6
1035752,Giorgi Gocholeishvili,DEF,2324,Ukraine,Ukraine,0,1,0,0,0,6.81,4.1,15
143334,Victor Lindelöf,DEF,2324,PL,England,1,1,15,4,0,6.87,17.375,0
1150938,Leo Sauer,MID,2324,Ered,Netherlands,2,3,3,0,0,7.01,10.0,0
904859,Dmytro Kryskiv,MID,2324,Ukraine,Ukraine,5,2,0,0,0,7.09,4.1,3
846425,Manuel Ugarte,MID,2324,L1,France,0,2,98,7,0,7.14,16.25,3
1030711,David Jurásek,DEF,2324,Bund,Germany,0,1,14,0,0,6.63,19.357,2
1128530,Neil El Aynaoui,MID,2324,L1,France,1,2,37,6,0,6.92,16.25,1
859999,Lisandro Martínez,DEF,2324,PL,England,0,1,12,0,0,6.71,17.375,0
797279,Bart Nieuwkoop,DEF,2324,Ered,Netherlands,1,1,15,0,0,6.76,10.0,1
1003007,Tanguy Nianzou,DEF,2324,LaLiga,Spain,0,0,12,0,0,6.51,16.062,0
1402908,Héctor Fort,DEF,2324,LaLiga,Spain,0,2,6,0,0,6.71,16.062,0
1194333,Abdukodir Khusanov,DEF,2324,L1,France,0,0,21,3,0,6.85,16.25,0
1120701,Isaac Babadi,MID,2324,Ered,Netherlands,1,0,8,0,0,6.84,10.0,0
877037,Cyril Ngonge,FWD,2324,SerieA,Italy,7,2,19,1,0,6.98,21.0,0
845291,Josep Martínez,GK,2425,SerieA,Italy,0,0,0,3,12,7.26,21.875,5
831005,Raphinha,MID,2425,LaLiga,Spain,18,9,36,7,0,7.8,23.892,99
1019322,Florian Wirtz,MID,2425,Bund,Germany,10,12,32,4,0,7.68,18.421,35
259117,Joshua Kimmich,MID,2425,Bund,Germany,3,6,47,15,0,7.91,18.421,21
548848,Pau López,GK,2425,LaLiga,Spain,0,0,0,0,1,6.8,23.892,1
945122,Matheus Nunes,DEF,2425,PL,England,1,6,35,7,0,7.2,29.464,29
253809,Rui Silva,GK,2425,LaLiga,Spain,0,0,0,4,37,7.04,23.892,7
108579,Harry Kane,FWD,2425,Bund,Germany,26,8,13,8,0,7.73,18.421,52
987818,Maurits Kjaergaard,MID,2425,AutBund,Austria,0,2,5,0,0,7.13,9.65,0
1402912,Lamine Yamal,MID,2425,LaLiga,Spain,9,13,42,10,0,7.79,23.892,39
824200,Ademola Lookman,MID,2425,SerieA,Italy,15,5,32,2,0,7.32,21.875,29
38710,Ivan Perišić,MID,2425,Ered,Netherlands,9,8,23,0,0,7.44,15.25,18
941669,Dmytro Riznyk,GK,2425,Ukraine,Ukraine,0,0,0,10,47,6.91,3.6,21
177177,Alejandro Grimaldo,DEF,2425,Bund,Germany,2,7,24,5,0,7.3,18.421,29
818244,Ousmane Dembélé,FWD,2425,L1,France,21,6,11,1,0,7.75,17.928,52
978838,Michael Olise,MID,2425,Bund,Germany,12,15,36,5,0,7.91,18.421,35
827606,Rodri,MID,2425,PL,England,0,0,2,0,0,6.87,29.464,2
889259,Khvicha Kvaratskhelia,MID,2425,L1,France,4,3,19,2,0,7.46,17.928,29
859765,Phil Foden,MID,2425,PL,England,7,2,13,1,0,7.24,29.464,20
934235,Bukayo Saka,MID,2425,PL,England,6,10,29,2,0,7.6,29.464,42
1010231,Jamal Musiala,MID,2425,Bund,Germany,12,2,36,2,0,7.58,18.421,33
814594,Achraf Hakimi,DEF,2425,L1,France,4,6,48,7,0,7.76,17.928,79
895324,Alexis Mac Allister,MID,2425,PL,England,5,5,95,9,0,7.24,29.464,21
944656,Julián Alvarez,FWD,2425,LaLiga,Spain,17,4,25,4,0,7.24,23.892,35
910536,Rodrygo,MID,2425,LaLiga,Spain,6,5,21,1,0,7.4,23.892,38
902029,Vitinha,MID,2425,L1,France,5,1,43,5,0,7.47,17.928,27
868812,Vinícius Júnior,MID,2425,LaLiga,Spain,11,8,21,4,0,7.37,23.892,50
353138,Marcos Llorente,MID,2425,LaLiga,Spain,2,4,69,10,0,7.17,23.892,30
352882,Nuno Santos,MID,2425,Portugal,Portugal,0,0,4,2,0,7.2,16.25,6
328027,Serhou Guirassy,FWD,2425,Bund,Germany,21,2,7,0,0,7.26,18.421,64
70988,Thibaut Courtois,GK,2425,LaLiga,Spain,0,0,0,11,77,7.11,23.892,21
992587,Pedri,MID,2425,LaLiga,Spain,4,5,61,6,0,7.59,23.892,19
901882,Angelo Stiller,MID,2425,Bund,Germany,1,8,49,4,0,7.38,18.421,10
158263,Emiliano Martínez,GK,2425,PL,England,0,0,3,8,100,7.07,29.464,36
839956,Erling Haaland,FWD,2425,PL,England,22,3,11,6,0,7.27,29.464,33
940871,Nico Schlotterbeck,DEF,2425,Bund,Germany,0,4,38,4,0,7.08,18.421,32
940054,Karim Adeyemi,FWD,2425,Bund,Germany,7,6,20,1,0,7.08,18.421,28
895764,Pedro Gonçalves,MID,2425,Portugal,Portugal,5,4,13,2,0,7.43,16.25,9
857574,Andriy Lunin,GK,2425,LaLiga,Spain,0,1,1,4,13,7.07,23.892,2
16206,Yann Sommer,GK,2425,SerieA,Italy,0,0,0,13,85,7.09,21.875,45
989768,Nuno Mendes,DEF,2425,L1,France,1,3,30,3,0,7.29,17.928,63
990201,Jamie Leweling,MID,2425,Bund,Germany,2,2,16,0,0,6.87,18.421,16
1154605,Désiré Doué,MID,2425,L1,France,6,6,48,1,0,7.32,17.928,40
991011,Jude Bellingham,MID,2425,LaLiga,Spain,9,8,61,4,0,7.45,23.892,33
804508,Viktor Gyökeres,FWD,2425,Portugal,Portugal,39,7,9,12,0,8,16.25,27
1190933,João Neves,MID,2425,L1,France,3,8,63,2,0,7.45,17.928,29
1087364,Tiago Santos,DEF,2425,L1,France,0,0,12,1,0,7.07,17.928,5
331737,Youri Tielemans,MID,2425,PL,England,3,7,84,4,0,7.38,29.464,28
547410,Martin Ødegaard,MID,2425,PL,England,3,8,19,5,0,7.31,29.464,22
836705,Kai Havertz,FWD,2425,PL,England,9,3,16,7,0,7.03,29.464,21
978285,Wilfried Singo,DEF,2425,L1,France,1,2,37,7,0,7.04,17.928,27
856714,Declan Rice,MID,2425,PL,England,4,7,53,7,0,7.36,29.464,36
155995,Marquinhos,DEF,2425,L1,France,2,0,30,5,0,7.29,17.928,33
152077,John Stones,DEF,2425,PL,England,2,0,6,1,0,6.88,29.464,17
151545,Virgil van Dijk,DEF,2425,PL,England,3,1,38,14,0,7.28,29.464,32
823984,Lautaro Martínez,FWD,2425,SerieA,Italy,12,3,30,4,0,7.2,21.875,39
883537,Luis Díaz,MID,2425,PL,England,13,5,39,4,0,7.23,29.464,20
954056,Nico González,MID,2425,PL,England,1,0,16,3,0,6.91,29.464,5
892141,Santiago Giménez,FWD,2425,SerieA,Italy,5,2,5,0,0,6.73,21.875,27
826643,Kylian Mbappé,FWD,2425,LaLiga,Spain,31,3,8,5,0,7.7,23.892,33
843665,Alphonso Davies,DEF,2425,Bund,Germany,1,2,30,6,0,7.24,18.421,34
886242,Jakub Moder,MID,2425,PL,England,0,0,1,0,0,6.63,29.464,9
934386,Jérémy Doku,MID,2425,PL,England,3,6,31,3,0,7.29,29.464,5
581310,David Raya,GK,2425,PL,England,0,0,0,13,86,7.04,29.464,34
100390,Marco Bizot,GK,2425,L1,France,0,0,2,10,77,7.02,17.928,18
831808,Federico Valverde,MID,2425,LaLiga,Spain,6,4,50,11,0,7.47,23.892,18
786259,Kostas Tsimikas,DEF,2425,PL,England,0,1,31,2,0,7.01,29.464,4
862967,Cody Gakpo,FWD,2425,PL,England,10,4,28,1,0,7.19,29.464,16
935564,Jonathan David,FWD,2425,L1,France,16,5,24,5,0,7.18,17.928,35
826215,Ibrahima Konaté,DEF,2425,PL,England,1,2,40,11,0,7.08,29.464,23
850816,Joey Veerman,MID,2425,Ered,Netherlands,1,8,35,2,0,7.65,15.25,13
798583,Dayot Upamecano,DEF,2425,Bund,Germany,2,0,36,7,0,7.37,18.421,23
845386,Federico Chiesa,MID,2425,PL,England,0,0,1,0,0,6.45,29.464,1
1088896,Johan Bakayoko,MID,2425,Ered,Netherlands,9,1,19,2,0,7.08,15.25,17
1046960,Ryan Flamingo,DEF,2425,Ered,Netherlands,0,2,44,6,0,7.19,15.25,29
759520,Denzel Dumfries,DEF,2425,SerieA,Italy,7,2,25,5,0,7.03,21.875,48
986395,Ricardo Pepi,FWD,2425,Ered,Netherlands,11,2,6,3,0,7.3,15.25,11
814590,Marcus Rashford,MID,2425,PL,England,6,3,17,2,0,6.96,29.464,7
784655,Fabián Ruiz,MID,2425,L1,France,4,5,37,0,0,7.27,17.928,28
851284,Rafael Leão,MID,2425,SerieA,Italy,8,8,16,3,0,7.19,21.875,21
789071,Dani Olmo,MID,2425,LaLiga,Spain,10,3,16,0,0,7.27,23.892,15
592010,Mikel Merino,MID,2425,PL,England,7,2,46,3,0,7.03,29.464,28
50490,Wojciech Szczęsny,GK,2425,LaLiga,Spain,0,0,1,8,21,6.91,23.892,17
893549,Tijjani Reijnders,MID,2425,SerieA,Italy,10,4,26,10,0,7.24,21.875,18
787505,Benjamin Pavard,DEF,2425,SerieA,Italy,0,1,29,6,0,7.02,21.875,29
10406,Simon Mignolet,GK,2425,Belgium,Belgium,0,0,2,10,77,6.97,15.65,24
996952,Bradley Barcola,MID,2425,L1,France,14,10,27,1,0,7.25,17.928,32
355492,Konrad Laimer,DEF,2425,Bund,Germany,2,2,49,6,0,6.93,18.421,23
135700,Hakan Çalhanoğlu,MID,2425,SerieA,Italy,5,6,43,1,0,7.41,21.875,28
886365,Dominik Takáč,GK,2425,Slovakia,Slovakia,0,0,1,3,91,7.15,4.625,12
1142251,Aleksandar Pavlović,MID,2425,Bund,Germany,1,0,38,4,0,7.14,18.421,2
996953,Lucas Chevalier,GK,2425,L1,France,0,0,3,11,96,7.09,17.928,14
859025,Aurélien Tchouaméni,MID,2425,LaLiga,Spain,0,0,47,10,0,7.1,23.892,7
577726,Ramy Bensebaini,DEF,2425,Bund,Germany,1,6,51,2,0,7.03,18.421,30
1401702,Ethan Nwaneri,MID,2425,PL,England,4,2,11,1,0,6.93,29.464,12
1031259,Christos Tzolis,MID,2425,Belgium,Belgium,16,9,34,4,0,7.65,15.65,17
1000483,Marc Casadó,MID,2425,LaLiga,Spain,1,3,44,4,0,7.03,23.892,19
69768,Jan Oblak,GK,2425,LaLiga,Spain,0,0,0,15,86,7.04,23.892,18
824509,Gianluigi Donnarumma,GK,2425,L1,France,0,0,1,4,51,6.92,17.928,36
801030,Atakan Karazor,MID,2425,Bund,Germany,2,4,59,7,0,7.09,18.421,6
284361,Federico Dimarco,DEF,2425,SerieA,Italy,4,7,25,2,0,7.24,21.875,15
917087,Kang-in Lee,MID,2425,L1,France,6,6,25,0,0,7.46,17.928,4
250223,John McGinn,MID,2425,PL,England,1,4,33,2,0,6.9,29.464,27
1063767,Ismael Saibari,MID,2425,Ered,Netherlands,11,11,39,1,0,7.43,15.25,28
1099352,Giuliano Simeone,MID,2425,LaLiga,Spain,2,6,27,1,0,6.91,23.892,13
904897,Ryan Gravenberch,MID,2425,PL,England,0,4,69,11,0,7.04,29.464,12
383560,Manuel Akanji,DEF,2425,PL,England,0,0,19,5,0,6.96,29.464,12
1021272,Daniel Svensson,DEF,2425,Bund,Germany,1,3,15,2,0,7.08,18.421,8
1130939,Maghnes Akliouche,MID,2425,L1,France,5,10,51,7,0,7.31,17.928,22
1138804,Hakon Arnar Haraldsson,MID,2425,L1,France,5,3,36,1,0,7.22,17.928,12
118085,Hans Vanaken,MID,2425,Belgium,Belgium,10,13,49,10,0,7.57,15.65,15
908716,Miguel Gutiérrez,DEF,2425,LaLiga,Spain,1,5,37,5,0,7.03,23.892,13
788949,Maximilian Mittelstädt,DEF,2425,Bund,Germany,1,7,79,2,0,7.37,18.421,16
803039,Donyell Malen,FWD,2425,PL,England,3,0,7,0,0,6.72,29.464,11
964994,Joško Gvardiol,DEF,2425,PL,England,5,0,58,11,0,7.37,29.464,12
891510,Chris Führich,MID,2425,Bund,Germany,2,3,15,1,0,6.96,18.421,8
1001196,Gonçalo Inácio,DEF,2425,Portugal,Portugal,3,2,40,10,0,7.23,16.25,13
907463,Felix Nmecha,MID,2425,Bund,Germany,4,1,34,1,0,7.05,18.421,16
1002837,Piero Hincapié,DEF,2425,Bund,Germany,2,2,52,8,0,7.17,18.421,24
979480,Willian Pacho,DEF,2425,L1,France,0,1,56,4,0,7.04,17.928,33
957602,Riccardo Calafiori,DEF,2425,PL,England,2,1,27,0,0,6.97,29.464,17
869856,Dominik Szoboszlai,MID,2425,PL,England,6,6,38,8,0,7.14,29.464,14
800951,Julian Ryerson,DEF,2425,Bund,Germany,2,3,46,4,0,6.91,18.421,23
903324,Kerem Aktürkoğlu,MID,2425,SuperLig,Turkey,2,2,1,0,0,7.7,10.3,24
922573,Gabriel Martinelli,MID,2425,PL,England,8,4,23,3,0,6.96,29.464,20
45853,İlkay Gündoğan,MID,2425,PL,England,1,6,25,3,0,7.08,29.464,11
138156,Emre Can,DEF,2425,Bund,Germany,3,0,50,3,0,6.92,18.421,40
149663,Nathan Aké,DEF,2425,PL,England,0,0,9,0,0,6.8,29.464,0
610766,Tammy Abraham,FWD,2425,SerieA,Italy,3,4,17,1,0,6.74,21.875,12
875136,Noa Lang,MID,2425,Ered,Netherlands,11,10,22,1,0,7.52,15.25,20
1085081,Álvaro Carreras,DEF,2425,Portugal,Portugal,3,1,64,11,0,7.17,16.25,24
989841,Eduardo Quaresma,DEF,2425,Portugal,Portugal,1,0,46,3,0,7,16.25,10
827679,Ezri Konsa,DEF,2425,PL,England,2,0,34,8,0,6.9,29.464,25
827212,Jules Koundé,DEF,2425,LaLiga,Spain,2,3,63,8,0,7.17,23.892,29
37151,Henrikh Mkhitaryan,MID,2425,SerieA,Italy,1,4,43,6,0,7.06,21.875,11
791702,Marcus Thuram,FWD,2425,SerieA,Italy,14,4,18,5,0,7.3,21.875,21
353282,Oleksandr Zubkov,FWD,2425,SuperLig,Turkey,6,3,13,0,0,7.4,10.3,14
325355,José María Giménez,DEF,2425,LaLiga,Spain,0,1,26,9,0,6.99,23.892,19
822708,Amadou Haidara,MID,2425,Bund,Germany,0,1,30,2,0,6.79,18.421,7
973887,Eduardo Camavinga,MID,2425,LaLiga,Spain,1,2,42,4,0,7.16,23.892,8
100389,Marten de Roon,MID,2425,SerieA,Italy,4,4,74,12,0,7.16,21.875,13
955245,Harvey Elliott,MID,2425,PL,England,1,2,5,0,0,6.86,29.464,15
184661,Leon Goretzka,MID,2425,Bund,Germany,4,1,21,3,0,7.13,18.421,16
976575,Nicolas Seiwald,MID,2425,Bund,Germany,0,0,53,4,0,6.89,18.421,8
934385,Maarten Vandevoordt,GK,2425,Bund,Germany,0,0,1,0,12,6.82,18.421,1
835485,Brahim Díaz,MID,2425,LaLiga,Spain,4,2,25,4,0,6.89,23.892,15
95494,Tigran Barseghyan,MID,2425,Slovakia,Slovakia,20,3,17,1,0,7.76,4.625,12
927353,Curtis Jones,MID,2425,PL,England,3,3,39,1,0,6.91,29.464,8
898815,Sam Beukema,DEF,2425,SerieA,Italy,0,1,54,11,0,7.01,21.875,13
958959,Jurriën Timber,DEF,2425,PL,England,1,3,58,7,0,6.96,29.464,17
363856,Nicolò Barella,MID,2425,SerieA,Italy,3,6,50,4,0,7.19,21.875,15
556866,Gregor Kobel,GK,2425,Bund,Germany,0,0,0,7,85,6.89,18.421,29
98212,Charalampos Lykogiannis,DEF,2425,SerieA,Italy,0,4,23,0,0,6.99,21.875,5
1136731,Rico Lewis,DEF,2425,PL,England,1,2,30,3,0,6.91,29.464,18
826188,Alessandro Bastoni,DEF,2425,SerieA,Italy,1,5,46,5,0,7.21,21.875,23
227672,Jonathan Tah,DEF,2425,Bund,Germany,3,0,19,8,0,7.11,18.421,22
189061,Jack Grealish,MID,2425,PL,England,1,1,9,1,0,7.01,29.464,7
927407,Josip Stanišić,DEF,2425,Bund,Germany,0,2,13,3,0,7.07,18.421,3
248331,Brandon Mechele,DEF,2425,Belgium,Belgium,3,1,69,13,0,7.32,15.65,19
980418,Sacha Boey,DEF,2425,Bund,Germany,0,2,20,0,0,6.8,18.421,1
859917,Morten Hjulmand,MID,2425,Portugal,Portugal,2,2,54,7,0,7.13,16.25,9
855833,Ferran Torres,FWD,2425,LaLiga,Spain,10,6,8,0,0,7.08,23.892,15
1029018,Abdallah Sima,MID,2425,L1,France,7,2,15,0,0,6.79,17.928,17
965357,Osame Sahraoui,MID,2425,L1,France,3,3,13,1,0,6.96,17.928,14
893499,Mauro Júnior,DEF,2425,Ered,Netherlands,0,6,54,2,0,7.17,15.25,11
1001140,Geny Catamo,MID,2425,Portugal,Portugal,5,2,29,4,0,7.1,16.25,9
70996,Kevin De Bruyne,MID,2425,PL,England,4,7,17,4,0,7.4,29.464,2
941168,William Saliba,DEF,2425,PL,England,2,0,62,12,0,7.04,29.464,25
361004,Marco Asensio,MID,2425,PL,England,3,1,7,2,0,7.11,29.464,16
864169,Pau Torres,DEF,2425,PL,England,0,0,21,5,0,6.76,29.464,25
1423711,Myles Lewis-Skelly,DEF,2425,PL,England,1,0,22,3,0,6.75,29.464,9
976263,Ian Maatsen,DEF,2425,PL,England,1,2,29,2,0,6.8,29.464,19
923973,Amadou Onana,MID,2425,PL,England,3,0,55,2,0,6.95,29.464,8
125407,Álvaro Morata,FWD,2425,SerieA,Italy,5,0,16,2,0,6.98,21.875,10
986397,Benjamin Šeško,FWD,2425,Bund,Germany,13,5,7,2,0,6.93,18.421,17
863271,Jeff Chabot,DEF,2425,Bund,Germany,3,1,37,3,0,6.99,18.421,7
51665,Benjamin André,MID,2425,L1,France,0,3,103,8,0,7.22,17.928,6
1153270,Fermín López,MID,2425,LaLiga,Spain,6,5,19,1,0,7.02,23.892,16
187433,Serge Gnabry,MID,2425,Bund,Germany,7,5,20,3,0,7.05,18.421,7
293519,Leroy Sané,MID,2425,Bund,Germany,11,5,23,1,0,7.18,18.421,9
970361,Jeremie Frimpong,DEF,2425,Bund,Germany,5,5,33,4,0,6.85,18.421,23
547838,Dani Ceballos,MID,2425,LaLiga,Spain,0,0,41,3,0,7.13,23.892,8
1087359,Renato Veiga,DEF,2425,PL,England,0,0,9,1,0,6.59,29.464,0
353130,Mario Hermoso,DEF,2425,Bund,Germany,0,0,0,1,0,7,18.421,1
822519,Éder Militão,DEF,2425,LaLiga,Spain,1,1,19,3,0,7.21,23.892,1
1388535,Givairo Read,DEF,2425,Ered,Netherlands,2,6,64,7,0,7.18,15.25,5
1067639,Vinícius Tobias,DEF,2425,Ukraine,Ukraine,0,6,0,0,0,7.09,3.6,4
1094827,Gerard Martín,DEF,2425,LaLiga,Spain,1,3,22,1,0,6.81,23.892,12
142622,Antonio Rüdiger,DEF,2425,LaLiga,Spain,0,0,20,11,0,7.03,23.892,20
794298,Deniz Undav,FWD,2425,Bund,Germany,9,3,11,3,0,7.07,18.421,7
807771,Dávid Hancko,DEF,2425,Ered,Netherlands,3,1,38,10,0,7.26,15.25,18
1473491,Senny Mayulu,MID,2425,L1,France,2,2,25,0,0,6.88,17.928,10
874030,Pedrinho,MID,2425,Ukraine,Ukraine,1,4,0,0,0,6.93,3.6,1
318927,Joe Gomez,DEF,2425,PL,England,0,0,13,1,0,6.88,29.464,4
84539,Koke,MID,2425,LaLiga,Spain,1,1,46,5,0,6.88,23.892,6
138605,Piotr Zieliński,MID,2425,SerieA,Italy,2,2,14,2,0,6.88,21.875,8
965011,Matteo Ruggeri,DEF,2425,SerieA,Italy,0,3,39,4,0,6.94,21.875,1
136924,Willi Orbán,DEF,2425,Bund,Germany,5,0,38,9,0,7.27,18.421,5
906278,Josha Vagnoman,DEF,2425,Bund,Germany,1,1,26,4,0,6.67,18.421,17
1391541,Ngal'ayel Mukau,MID,2425,L1,France,0,1,33,0,0,6.8,17.928,12
1126512,Zeno Debast,DEF,2425,Portugal,Portugal,0,3,38,9,0,7.14,16.25,16
1410209,João Simões,MID,2425,Portugal,Portugal,1,0,7,1,0,6.77,16.25,4
254491,Ederson,GK,2425,PL,England,0,4,0,10,54,7.05,29.464,13
1402698,Ethan Mbappé,MID,2425,L1,France,0,0,6,0,0,6.7,17.928,1
925097,Ronald Araújo,DEF,2425,LaLiga,Spain,1,1,12,1,0,7.1,23.892,10
833956,Matty Cash,DEF,2425,PL,England,1,1,56,5,0,6.93,29.464,8
1102788,Dorgeles Nene,FWD,2425,AutBund,Austria,13,4,35,2,0,7.39,9.65,4
133908,Marcel Sabitzer,MID,2425,Bund,Germany,1,0,29,3,0,6.8,18.421,5
96538,Lucas Digne,DEF,2425,PL,England,0,4,65,4,0,6.97,29.464,12
1142672,Warren Zaïre-Emery,MID,2425,L1,France,1,2,51,2,0,6.99,17.928,10
795064,Trent Alexander-Arnold,DEF,2425,PL,England,3,6,72,4,0,7.25,29.464,15
795222,Frenkie de Jong,MID,2425,LaLiga,Spain,2,2,19,1,0,7.02,23.892,7
906275,Yann Bisseck,DEF,2425,SerieA,Italy,3,2,17,3,0,6.94,21.875,10
1047395,Couhaib Driouech,MID,2425,Ered,Netherlands,2,1,3,0,0,6.87,15.25,5
997035,Alejandro Balde,DEF,2425,LaLiga,Spain,0,4,18,4,0,6.93,23.892,20
1142238,Álex Valle,DEF,2425,SerieA,Italy,0,0,26,1,0,6.81,21.875,9
555386,Ollie Watkins,FWD,2425,PL,England,16,8,10,4,0,6.94,29.464,16
136710,Mateo Kovačić,MID,2425,PL,England,6,2,69,4,0,7.3,29.464,6
1091116,Arda Güler,MID,2425,LaLiga,Spain,3,4,30,1,0,7.24,23.892,0
331209,Bernardo Silva,MID,2425,PL,England,4,4,56,9,0,7.23,29.464,4
976037,Jakub Kiwior,DEF,2425,PL,England,1,0,22,3,0,6.88,29.464,17
825956,Christoph Baumgartner,MID,2425,Bund,Germany,2,1,44,0,0,6.75,18.421,15
808590,Leon Bailey,MID,2425,PL,England,1,2,7,0,0,6.75,29.464,9
1494826,Conrad Harder,FWD,2425,Portugal,Portugal,5,5,7,1,0,6.99,16.25,5
141203,Kevin Wimmer,DEF,2425,Slovakia,Slovakia,0,2,13,1,0,6.98,4.625,8
98435,Ross Barkley,MID,2425,PL,England,3,1,14,1,0,6.84,29.464,6
856076,David Raum,DEF,2425,Bund,Germany,1,5,38,6,0,7.2,18.421,5
1136110,Esmir Bajraktarević,FWD,2425,Ered,Netherlands,0,0,0,0,0,6.65,15.25,0
1130647,Jonas Urbig,GK,2425,Bund,Germany,0,0,0,2,17,6.7,18.421,7
994556,Carney Chukwuemeka,MID,2425,Bund,Germany,1,0,7,0,0,6.86,18.421,1
303638,Tyrone Mings,DEF,2425,PL,England,0,0,7,3,0,7.01,29.464,1
1194333,Abdukodir Khusanov,DEF,2425,PL,England,0,0,5,2,0,6.75,29.464,0
1402908,Héctor Fort,DEF,2425,LaLiga,Spain,0,0,13,0,0,6.72,23.892,1
799046,Waldemar Anton,DEF,2425,Bund,Germany,2,2,34,5,0,7.22,18.421,8
1008402,Conor Bradley,DEF,2425,PL,England,0,2,14,0,0,6.81,29.464,6
1395881,Joaquin Seys,DEF,2425,Belgium,Belgium,2,0,67,0,0,6.94,15.65,15
989113,Rodrigo Riquelme,MID,2425,LaLiga,Spain,0,1,11,1,0,6.71,23.892,1
826204,Boubacar Kamara,MID,2425,PL,England,1,0,50,6,0,6.83,29.464,5
929199,Carlos Augusto,DEF,2425,SerieA,Italy,3,2,29,6,0,7,21.875,17
1218066,Anis Hadj Moussa,MID,2425,Ered,Netherlands,8,3,29,5,0,7.11,15.25,18
1149144,Matías Fernández-Pardo,MID,2425,L1,France,4,2,12,0,0,6.86,17.928,5
1120701,Isaac Babadi,MID,2425,Ered,Netherlands,1,0,5,1,0,7.17,15.25,3
860160,Gijs Smal,DEF,2425,Ered,Netherlands,0,2,15,4,0,6.84,15.25,13
1174937,Endrick,FWD,2425,LaLiga,Spain,1,0,1,0,0,6.63,23.892,4
976421,Castello Lukeba,DEF,2425,Bund,Germany,0,0,31,5,0,7,18.421,1
1187275,Joel Ordóñez,DEF,2425,Belgium,Belgium,1,1,27,8,0,6.92,15.65,14
318941,Rúben Dias,DEF,2425,PL,England,0,0,17,11,0,7.15,29.464,5
861979,Daniel Bragança,MID,2425,Portugal,Portugal,3,4,26,3,0,7.21,16.25,12
1048009,El Chadaille Bitshiabu,DEF,2425,Bund,Germany,0,0,27,3,0,6.95,18.421,0
1100817,Pedro Henrique,DEF,2425,Ukraine,Ukraine,0,0,0,0,0,6.99,3.6,6
794839,Gabriel Jesus,FWD,2425,PL,England,3,0,10,1,0,6.88,29.464,5
1156645,Raúl Asencio,DEF,2425,LaLiga,Spain,0,1,22,6,0,6.98,23.892,7
835600,Davide Frattesi,MID,2425,SerieA,Italy,5,1,17,2,0,6.83,21.875,13
878081,Ermedin Demirović,FWD,2425,Bund,Germany,15,1,12,2,0,6.9,18.421,4
980628,Maximilian Beier,FWD,2425,Bund,Germany,8,5,25,2,0,6.92,18.421,8
845798,Guus Til,MID,2425,Ered,Netherlands,10,11,26,2,0,7.22,15.25,9
1167818,Iván Fresneda,DEF,2425,Portugal,Portugal,3,0,26,2,0,6.85,16.25,1
1108441,Lucas Beraldo,DEF,2425,L1,France,1,0,38,2,0,7.07,17.928,0
844234,Jerdy Schouten,MID,2425,Ered,Netherlands,1,2,15,1,0,7.05,15.25,8
846036,Ben White,DEF,2425,PL,England,0,2,20,5,0,6.96,29.464,5
851271,Fran García,DEF,2425,LaLiga,Spain,0,2,51,7,0,7.03,23.892,2
787751,Robin Le Normand,DEF,2425,LaLiga,Spain,1,0,27,12,0,6.9,23.892,0
1129862,Raphael Onyedika,MID,2425,Belgium,Belgium,1,1,51,8,0,6.89,15.65,17
547862,Kaan Kairinen,MID,2425,Czech,Czechia,0,3,42,4,0,6.97,10.55,13
186795,Andreas Christensen,DEF,2425,LaLiga,Spain,0,0,6,0,0,6.84,23.892,0
1089388,Lamare Bogarde,DEF,2425,PL,England,0,0,14,0,0,6.59,29.464,2
37096,Péter Gulácsi,GK,2425,Bund,Germany,0,0,1,14,100,7.26,18.421,6
8959,Manuel Neuer,GK,2425,Bund,Germany,0,0,1,13,32,6.97,18.421,11
792073,Ferland Mendy,DEF,2425,LaLiga,Spain,0,1,17,3,0,6.82,23.892,9
1121923,Antonio Nusa,MID,2425,Bund,Germany,3,3,30,3,0,6.84,18.421,3
319857,Benjamin Henrichs,DEF,2425,Bund,Germany,0,2,32,1,0,6.88,18.421,3
942479,Michał Skóraś,MID,2425,Belgium,Belgium,0,0,22,0,0,6.75,15.65,0
1149127,Arthur Vermeeren,MID,2425,Bund,Germany,0,2,32,0,0,6.65,18.421,2
1103693,Gavi,MID,2425,LaLiga,Spain,1,1,30,3,0,6.92,23.892,3
962898,Leonidas Stergiou,DEF,2425,Bund,Germany,1,2,24,1,0,6.93,18.421,0
909318,Mohamed Bayo,FWD,2425,L1,France,2,1,1,0,0,6.64,17.928,0
1105833,Marlon Gomes,MID,2425,Ukraine,Ukraine,3,3,0,0,0,7,3.6,8
927366,Matěj Kovář,GK,2425,Bund,Germany,0,0,0,3,12,7,18.421,14
572286,Gustaf Nilsson,FWD,2425,Belgium,Belgium,9,5,19,3,0,7.07,15.65,5
319853,Lukas Klostermann,DEF,2425,Bund,Germany,1,0,27,8,0,6.91,18.421,0
927799,Alen Mustafić,MID,2425,Slovakia,Slovakia,0,2,18,1,0,6.89,4.625,0
825838,Armando Obispo,DEF,2425,Ered,Netherlands,1,0,2,0,0,6.75,15.25,1
1390545,Eguinaldo,FWD,2425,Ukraine,Ukraine,6,1,0,0,0,6.97,3.6,5
797279,Bart Nieuwkoop,DEF,2425,Ered,Netherlands,0,1,14,0,0,6.79,15.25,6
352370,Lucas Hernández,DEF,2425,L1,France,0,0,24,2,0,6.83,17.928,0
796279,Jordan Lotomba,DEF,2425,L1,France,0,0,0,0,0,6.25,17.928,1
1397170,Nino Marcelli,MID,2425,Slovakia,Slovakia,3,4,17,0,0,6.93,4.625,6
1394342,Ousmane Diomande,DEF,2425,Portugal,Portugal,2,0,36,9,0,7.06,16.25,11
985823,Ayase Ueda,FWD,2425,Ered,Netherlands,7,1,4,0,0,6.89,15.25,8
831799,Nahuel Molina,DEF,2425,LaLiga,Spain,0,3,44,5,0,6.83,23.892,9
1099117,Samson Baidoo,DEF,2425,AutBund,Austria,0,0,63,10,0,7.21,9.65,5
1402913,Pau Cubarsí,DEF,2425,LaLiga,Spain,0,3,34,5,0,6.95,23.892,13
856739,Lutsharel Geertruida,DEF,2425,Bund,Germany,1,0,35,6,0,6.75,18.421,2
904859,Dmytro Kryskiv,MID,2425,Ukraine,Ukraine,1,1,0,0,0,6.94,3.6,5
1108094,Adamo Nagalo,DEF,2425,Ered,Netherlands,0,0,5,0,0,7,15.25,1
783126,Emiliano Buendía,MID,2425,PL,England,0,0,6,0,0,6.58,29.464,1
1142588,Pablo Barrios,MID,2425,LaLiga,Spain,1,4,46,6,0,6.91,23.892,4
911719,Lassina Traoré,FWD,2425,Ukraine,Ukraine,4,1,0,0,0,6.68,3.6,0
230932,Kenan Bajrić,DEF,2425,Slovakia,Slovakia,2,1,52,3,0,7.04,4.625,6
873106,Hiroki Itō,DEF,2425,Bund,Germany,1,0,2,0,0,7,18.421,0
143040,Wataru Endo,MID,2425,PL,England,0,0,12,0,0,6.68,29.464,1
873554,Omar Marmoush,FWD,2425,PL,England,7,0,13,3,0,7.33,29.464,0
1564180,Ayyoub Bouaddi,MID,2425,L1,France,0,1,50,1,0,6.78,17.928,7
983041,Hugo Siquet,DEF,2425,Belgium,Belgium,2,1,23,0,0,6.84,15.65,1
190159,André Silva,FWD,2425,Bund,Germany,2,2,3,0,0,6.75,18.421,0
1142703,Nico O'Reilly,DEF,2425,PL,England,2,0,9,2,0,6.99,29.464,0
1047509,Bjorn Meijer,DEF,2425,Belgium,Belgium,0,2,8,0,0,6.93,15.65,0
1479467,Aymen Sliti,MID,2425,Ered,Netherlands,1,0,1,0,0,6.83,15.25,0
1433802,Gjivai Zechiël,MID,2425,Ered,Netherlands,2,3,31,1,0,6.97,15.25,0
958923,Artem Bondarenko,MID,2425,Ukraine,Ukraine,11,8,0,0,0,7.46,3.6,3
1116577,Santiago Castro,FWD,2425,SerieA,Italy,8,4,18,2,0,6.91,21.875,0
1002813,Yan Couto,DEF,2425,Bund,Germany,0,0,24,1,0,6.67,18.421,1
1069336,Romeo Vermant,FWD,2425,Belgium,Belgium,9,3,18,0,0,7.1,15.65,0
1009833,Krystof Daněk,MID,2425,AutBund,Austria,1,3,17,2,0,6.94,9.65,0
877236,Hugo Vetlesen,MID,2425,Belgium,Belgium,2,3,22,3,0,6.9,15.65,3
1152923,Kosta Nedeljković,DEF,2425,PL,England,0,0,7,0,0,6.54,29.464,0
1087830,Artur Gajdoš,MID,2425,Slovakia,Slovakia,2,5,27,1,0,7,4.625,0
838232,Eljif Elmas,MID,2425,Bund,Germany,0,0,3,0,0,6.65,18.421,0
841793,César Blackman,DEF,2425,Slovakia,Slovakia,1,4,42,3,0,6.97,4.625,6
26768,Sven Ulreich,GK,2425,Bund,Germany,0,0,0,1,0,6.8,18.421,0
1979970,Ameen Al-Dakhil,DEF,2425,Bund,Germany,0,0,6,0,0,6.91,18.421,0
1403348,Jacobo Ramón,DEF,2425,LaLiga,Spain,1,0,7,1,0,6.93,23.892,0
309078,Alexander Sørloth,FWD,2425,LaLiga,Spain,20,2,9,1,0,7.01,23.892,0
876214,Eric García,DEF,2425,LaLiga,Spain,2,3,38,6,0,6.99,23.892,14
1418623,Assan Ouédraogo,MID,2425,Bund,Germany,0,0,0,0,0,6.23,18.421,0
1011994,Alaa Ghram,DEF,2425,Ukraine,Ukraine,0,0,0,0,0,6.35,3.6,1
1513466,Ousmane Touré,DEF,2425,L1,France,0,0,0,0,0,6.5,17.928,0
1101258,Kyriani Sabbe,DEF,2425,Belgium,Belgium,1,1,39,2,0,6.89,15.65,9
1142248,Arijon Ibrahimović,MID,2425,Bund,Germany,0,0,0,0,0,0,18.421,0
1939210,Younes Lachaab,MID,2425,L1,France,0,0,1,0,0,6.8,17.928,0
1130647,Jonas Urbig,GK,2526,Bund,Germany,0,0,0,5,32,7.19,21.785,5
1212550,Ruben van Bommel,MID,2526,Ered,Netherlands,3,0,10,0,0,7.28,9.979,6
263651,Juan Musso,GK,2526,LaLiga,Spain,0,0,0,3,22,6.86,22.093,13
1402912,Lamine Yamal,MID,2526,LaLiga,Spain,16,11,35,6,0,7.93,22.093,47
826643,Kylian Mbappé,FWD,2526,LaLiga,Spain,25,5,4,8,0,7.56,22.093,63
108579,Harry Kane,FWD,2526,Bund,Germany,36,5,19,4,0,7.84,21.785,63
792624,Nikita Haikin,GK,2526,Elite,Norway,0,0,1,13,62,6.9,8.05,26
889259,Khvicha Kvaratskhelia,MID,2526,L1,France,8,4,24,2,0,7.18,18.321,76
907172,Jakub Markovič,GK,2526,Czech,Czechia,0,0,0,7,26,7.2,11.025,7
838805,Jens Petter Hauge,MID,2526,Elite,Norway,8,4,32,4,0,7.66,8.05,44
978838,Michael Olise,MID,2526,Bund,Germany,15,19,24,8,0,7.87,21.785,48
1414933,Marc Guiu,FWD,2526,PL,England,0,1,0,0,0,6.28,28.68,4
902029,Vitinha,MID,2526,L1,France,1,7,24,10,0,7.58,18.321,46
118085,Hans Vanaken,MID,2526,Belgium,Belgium,7,3,38,10,0,7.45,11.4,25
356160,Vanja Milinković-Savić,GK,2526,SerieA,Italy,0,1,0,11,56,6.83,19.0,16
944656,Julián Alvarez,FWD,2526,LaLiga,Spain,8,4,21,1,0,6.96,22.093,56
869856,Dominik Szoboszlai,MID,2526,PL,England,6,7,56,8,0,7.18,28.68,48
135700,Hakan Çalhanoğlu,MID,2526,SerieA,Italy,9,4,34,5,0,7.5,19.0,14
914902,Anthony Gordon,MID,2526,PL,England,6,2,19,2,0,7.05,28.68,59
942116,Mason Greenwood,MID,2526,L1,France,16,7,15,3,0,7.37,18.321,21
1154605,Désiré Doué,MID,2526,L1,France,7,4,32,2,0,7.13,18.321,43
979128,Rayan Cherki,MID,2526,PL,England,4,12,26,3,0,7.21,28.68,16
822471,Victor Osimhen,FWD,2526,SuperLig,Turkey,15,5,14,5,0,7.06,11.075,33
940871,Nico Schlotterbeck,DEF,2526,Bund,Germany,5,1,50,11,0,7.67,21.785,9
883537,Luis Díaz,MID,2526,Bund,Germany,15,14,21,4,0,7.26,21.785,48
151545,Virgil van Dijk,DEF,2526,PL,England,6,0,22,10,0,7.26,28.68,43
934386,Jérémy Doku,MID,2526,PL,England,5,5,23,2,0,7.39,28.68,17
964994,Joško Gvardiol,DEF,2526,PL,England,2,2,18,5,0,6.99,28.68,9
259117,Joshua Kimmich,MID,2526,Bund,Germany,2,8,32,8,0,7.71,21.785,13
754330,Uğurcan Çakır,GK,2526,SuperLig,Turkey,0,0,0,11,76,7.12,11.075,28
856714,Declan Rice,MID,2526,PL,England,4,5,70,13,0,7.46,28.68,22
332155,Amir Rrahmani,DEF,2526,SerieA,Italy,2,1,22,9,0,7.23,19.0,9
826188,Alessandro Bastoni,DEF,2526,SerieA,Italy,1,4,51,8,0,7.27,19.0,22
581310,David Raya,GK,2526,PL,England,0,0,1,19,60,6.9,28.68,48
836705,Kai Havertz,FWD,2526,PL,England,2,3,8,0,0,6.73,28.68,19
177177,Alejandro Grimaldo,DEF,2526,Bund,Germany,8,8,49,5,0,7.31,21.785,61
1069486,Carlos Forbs,MID,2526,Belgium,Belgium,8,8,40,2,0,7.17,11.4,23
1069560,Antonio Vergara,FWD,2526,SerieA,Italy,1,2,12,0,0,6.85,19.0,7
70988,Thibaut Courtois,GK,2526,LaLiga,Spain,0,0,1,13,70,6.95,22.093,39
1047395,Couhaib Driouech,MID,2526,Ered,Netherlands,4,6,20,1,0,6.75,9.979,22
284361,Federico Dimarco,DEF,2526,SerieA,Italy,7,17,50,11,0,7.43,19.0,20
868812,Vinícius Júnior,MID,2526,LaLiga,Spain,16,5,29,4,0,7.5,22.093,43
839956,Erling Haaland,FWD,2526,PL,England,27,8,15,9,0,7.31,28.68,32
818244,Ousmane Dembélé,FWD,2526,L1,France,10,7,6,0,0,7.42,18.321,39
831005,Raphinha,MID,2526,LaLiga,Spain,13,3,15,3,0,7.51,22.093,24
355174,Patrick Berg,MID,2526,Elite,Norway,5,12,71,10,0,7.91,8.05,13
904827,Benoît Badiashile,DEF,2526,PL,England,0,0,7,0,0,6.66,28.68,5
1861975,Lennart Karl,MID,2526,Bund,Germany,5,5,25,1,0,6.83,21.785,29
991011,Jude Bellingham,MID,2526,LaLiga,Spain,6,4,51,7,0,7.26,22.093,20
1142251,Aleksandar Pavlović,MID,2526,Bund,Germany,3,1,26,1,0,7.18,21.785,17
907463,Felix Nmecha,MID,2526,Bund,Germany,2,3,37,6,0,6.94,21.785,19
910536,Rodrygo,MID,2526,LaLiga,Spain,1,3,13,1,0,6.92,22.093,8
814590,Marcus Rashford,MID,2526,LaLiga,Spain,8,7,8,0,0,6.84,22.093,35
1001196,Gonçalo Inácio,DEF,2526,Portugal,Portugal,2,3,45,12,0,7.55,20.5,21
831808,Federico Valverde,MID,2526,LaLiga,Spain,5,8,41,10,0,7.29,22.093,37
829932,Cristian Romero,DEF,2526,PL,England,4,1,58,4,0,7.11,28.68,31
592794,Alex Meret,GK,2526,SerieA,Italy,0,1,0,3,21,6.72,19.0,0
1019322,Florian Wirtz,MID,2526,PL,England,5,3,34,2,0,6.85,28.68,18
1190933,João Neves,MID,2526,L1,France,5,1,27,2,0,7.11,18.321,32
1176744,Dean Huijsen,DEF,2526,LaLiga,Spain,2,2,31,7,0,7.28,22.093,17
846122,Lukáš Provod,MID,2526,Czech,Czechia,7,10,27,6,0,7.37,11.025,12
128383,Gerónimo Rulli,GK,2526,L1,France,0,0,2,8,76,7.08,18.321,16
1180769,Daniel Bassi,MID,2526,Elite,Norway,1,2,3,0,0,6.98,8.05,6
850816,Joey Veerman,MID,2526,Ered,Netherlands,8,14,58,3,0,7.89,9.979,8
1085381,Nicolas Jackson,FWD,2526,Bund,Germany,8,1,8,1,0,6.75,21.785,18
992587,Pedri,MID,2526,LaLiga,Spain,2,9,50,4,0,7.56,22.093,10
1104897,Jorne Spileers,DEF,2526,Belgium,Belgium,0,1,21,3,0,6.83,11.4,0
16206,Yann Sommer,GK,2526,SerieA,Italy,0,0,0,15,65,6.92,19.0,25
70996,Kevin De Bruyne,MID,2526,SerieA,Italy,5,2,12,2,0,7.01,19.0,7
930267,Joan García,GK,2526,LaLiga,Spain,0,0,6,15,74,7.34,22.093,7
823984,Lautaro Martínez,FWD,2526,SerieA,Italy,17,6,24,0,0,7.09,19.0,19
859025,Aurélien Tchouaméni,MID,2526,LaLiga,Spain,1,0,68,8,0,7.23,22.093,19
859765,Phil Foden,MID,2526,PL,England,7,5,34,7,0,7.01,28.68,14
155995,Marquinhos,DEF,2526,L1,France,0,0,15,6,0,7.27,18.321,33
824509,Gianluigi Donnarumma,GK,2526,PL,England,0,0,0,15,78,7.02,28.68,19
1153957,Aleksandar Stanković,MID,2526,Belgium,Belgium,6,2,39,7,0,7.09,11.4,21
922573,Gabriel Martinelli,MID,2526,PL,England,1,4,12,0,0,6.63,28.68,38
827606,Rodri,MID,2526,PL,England,1,0,41,3,0,7.43,28.68,2
143040,Wataru Endo,MID,2526,PL,England,0,1,7,0,0,6.7,28.68,0
989768,Nuno Mendes,DEF,2526,L1,France,4,5,25,5,0,7.24,18.321,35
1091116,Arda Güler,MID,2526,LaLiga,Spain,4,9,46,2,0,7.17,22.093,27
1153270,Fermín López,MID,2526,LaLiga,Spain,6,9,48,1,0,7.06,22.093,49
980418,Sacha Boey,DEF,2526,Bund,Germany,0,0,6,1,0,6.5,21.785,9
280601,Jindřich Staněk,GK,2526,Czech,Czechia,0,0,1,6,41,6.86,11.025,15
966547,Noni Madueke,MID,2526,PL,England,3,1,21,0,0,6.85,28.68,18
879346,Scott McTominay,MID,2526,SerieA,Italy,10,3,28,13,0,7.04,19.0,25
8959,Manuel Neuer,GK,2526,Bund,Germany,0,0,0,6,31,6.89,21.785,20
547410,Martin Ødegaard,MID,2526,PL,England,1,6,19,3,0,6.99,28.68,6
904897,Ryan Gravenberch,MID,2526,PL,England,5,3,59,9,0,7.04,28.68,19
966837,Martín Zubimendi,MID,2526,PL,England,5,1,68,10,0,7.04,28.68,15
875136,Noa Lang,MID,2526,SerieA,Italy,1,2,12,0,0,6.91,19.0,12
859917,Morten Hjulmand,MID,2526,Portugal,Portugal,3,4,58,11,0,7.27,20.5,10
150383,Stanislav Lobotka,MID,2526,SerieA,Italy,1,1,28,9,0,6.91,19.0,3
353138,Marcos Llorente,MID,2526,LaLiga,Spain,0,4,59,6,0,6.93,22.093,35
1122835,Alisson Santos,MID,2526,SerieA,Italy,4,0,20,2,0,7.29,19.0,16
795222,Frenkie de Jong,MID,2526,LaLiga,Spain,1,5,45,5,0,7.26,22.093,6
920546,Robert Sánchez,GK,2526,PL,England,0,1,2,9,98,6.91,28.68,14
973887,Eduardo Camavinga,MID,2526,LaLiga,Spain,1,0,65,3,0,7.02,22.093,16
1129862,Raphael Onyedika,MID,2526,Belgium,Belgium,1,0,42,3,0,6.86,11.4,18
69768,Jan Oblak,GK,2526,LaLiga,Spain,0,0,0,11,75,7.1,22.093,14
152077,John Stones,DEF,2526,PL,England,0,0,1,0,0,6.58,28.68,4
759520,Denzel Dumfries,DEF,2526,SerieA,Italy,3,1,16,4,0,6.64,19.0,18
906275,Yann Bisseck,DEF,2526,SerieA,Italy,3,1,27,9,0,7.11,19.0,17
1031259,Christos Tzolis,MID,2526,Belgium,Belgium,17,23,29,10,0,7.71,11.4,16
1002837,Piero Hincapié,DEF,2526,PL,England,1,2,48,4,0,6.9,28.68,15
138605,Piotr Zieliński,MID,2526,SerieA,Italy,6,3,31,3,0,7.11,19.0,7
934235,Bukayo Saka,MID,2526,PL,England,7,5,41,8,0,7.24,28.68,26
1063767,Ismael Saibari,MID,2526,Ered,Netherlands,15,8,33,2,0,7.2,9.979,18
791702,Marcus Thuram,FWD,2526,SerieA,Italy,13,6,24,0,0,7.04,19.0,14
577726,Ramy Bensebaini,DEF,2526,Bund,Germany,5,2,28,9,0,7.38,21.785,25
893499,Mauro Júnior,DEF,2526,Ered,Netherlands,1,9,60,3,0,7.15,9.979,11
1094827,Gerard Martín,DEF,2526,LaLiga,Spain,0,0,40,8,0,7.06,22.093,6
1937833,Luca Reggiani,DEF,2526,Bund,Germany,1,0,14,2,0,6.8,21.785,4
135256,Christian Nørgaard,MID,2526,PL,England,0,0,3,0,0,6.58,28.68,4
136710,Mateo Kovačić,MID,2526,PL,England,0,1,2,0,0,6.82,28.68,0
974505,Enzo Fernández,MID,2526,PL,England,10,4,53,5,0,7.15,28.68,28
187433,Serge Gnabry,MID,2526,Bund,Germany,8,6,18,0,0,7.09,21.785,28
826215,Ibrahima Konaté,DEF,2526,PL,England,1,0,53,8,0,7.06,28.68,22
784655,Fabián Ruiz,MID,2526,L1,France,1,4,17,2,0,7.09,18.321,14
318941,Rúben Dias,DEF,2526,PL,England,2,0,13,11,0,7.18,28.68,10
895324,Alexis Mac Allister,MID,2526,PL,England,2,4,53,6,0,6.71,28.68,28
789071,Dani Olmo,MID,2526,LaLiga,Spain,7,8,33,2,0,7.01,22.093,10
857574,Andriy Lunin,GK,2526,LaLiga,Spain,0,0,1,1,16,7.08,22.093,5
940054,Karim Adeyemi,FWD,2526,Bund,Germany,7,4,5,0,0,6.86,21.785,20
325355,José María Giménez,DEF,2526,LaLiga,Spain,0,1,25,7,0,6.93,22.093,6
1048889,Andy Diouf,MID,2526,L1,France,0,0,1,0,0,7.2,18.321,5
548692,Jostein Gundersen,DEF,2526,Elite,Norway,1,0,22,4,0,7.24,8.05,8
363856,Nicolò Barella,MID,2526,SerieA,Italy,3,8,54,5,0,7.19,19.0,5
592010,Mikel Merino,MID,2526,PL,England,4,3,26,2,0,6.84,28.68,14
307284,Mario Lemina,MID,2526,SuperLig,Turkey,2,1,33,1,0,6.92,11.075,16
862967,Cody Gakpo,FWD,2526,PL,England,7,5,28,6,0,6.9,28.68,13
309078,Alexander Sørloth,FWD,2526,LaLiga,Spain,13,0,14,0,0,6.79,22.093,27
1142588,Pablo Barrios,MID,2526,LaLiga,Spain,1,1,30,6,0,7.02,22.093,7
149663,Nathan Aké,DEF,2526,PL,England,0,0,8,3,0,6.8,28.68,6
1002813,Yan Couto,DEF,2526,Bund,Germany,2,2,20,4,0,6.83,21.785,15
1402913,Pau Cubarsí,DEF,2526,LaLiga,Spain,1,0,42,11,0,7.18,22.093,4
566102,Davinson Sánchez,DEF,2526,SuperLig,Turkey,1,0,47,8,0,7.07,11.075,24
913593,Gabriel Sara,MID,2526,SuperLig,Turkey,5,4,28,5,0,7.18,11.075,13
593526,Nicolas Pépé,MID,2526,LaLiga,Spain,8,8,31,3,0,7.24,22.093,6
795064,Trent Alexander-Arnold,DEF,2526,LaLiga,Spain,0,4,14,1,0,6.86,22.093,12
1495876,Mamadou Diakhon,FWD,2526,Belgium,Belgium,0,7,4,0,0,6.76,11.4,11
1394342,Ousmane Diomande,DEF,2526,Portugal,Portugal,0,1,11,6,0,7.03,20.5,16
1423711,Myles Lewis-Skelly,DEF,2526,PL,England,0,0,8,2,0,6.66,28.68,20
253809,Rui Silva,GK,2526,Portugal,Portugal,0,0,0,14,76,7.11,20.5,23
892943,Håkon Evjen,MID,2526,Elite,Norway,4,4,67,5,0,7.29,8.05,19
891442,David Douděra,MID,2526,Czech,Czechia,1,4,18,3,0,7.01,11.025,6
1001140,Geny Catamo,MID,2526,Portugal,Portugal,6,2,21,1,0,7.08,20.5,11
293519,Leroy Sané,MID,2526,SuperLig,Turkey,7,5,32,6,0,7.18,11.075,12
1137131,Filippo Mané,DEF,2526,Bund,Germany,0,0,1,0,0,6.15,21.785,0
10406,Simon Mignolet,GK,2526,Belgium,Belgium,0,0,0,1,34,7.14,11.4,8
945122,Matheus Nunes,DEF,2526,PL,England,1,5,57,12,0,6.95,28.68,10
84539,Koke,MID,2526,LaLiga,Spain,2,2,50,5,0,7.1,22.093,8
37151,Henrikh Mkhitaryan,MID,2526,SerieA,Italy,4,1,33,4,0,6.94,19.0,2
1085081,Álvaro Carreras,DEF,2526,LaLiga,Spain,2,3,41,11,0,7.01,22.093,16
1094106,Marc Pubill,DEF,2526,LaLiga,Spain,1,1,25,5,0,7.13,22.093,5
855833,Ferran Torres,FWD,2526,LaLiga,Spain,16,2,7,2,0,6.85,22.093,16
383560,Manuel Akanji,DEF,2526,SerieA,Italy,2,0,48,15,0,7.11,19.0,12
929199,Carlos Augusto,DEF,2526,SerieA,Italy,1,1,37,5,0,6.88,19.0,11
805078,Mathías Olivera,DEF,2526,SerieA,Italy,0,0,42,2,0,6.76,19.0,13
979480,Willian Pacho,DEF,2526,L1,France,0,0,40,8,0,6.97,18.321,45
986395,Ricardo Pepi,FWD,2526,Ered,Netherlands,16,1,7,2,0,7.02,9.979,15
990169,Johnny Cardoso,MID,2526,LaLiga,Spain,0,0,37,1,0,6.84,22.093,10
800951,Julian Ryerson,DEF,2526,Bund,Germany,0,15,34,7,0,7.08,21.785,15
1159759,Nathaniel Brown,DEF,2526,Bund,Germany,4,4,81,6,0,6.79,21.785,19
178963,Abdülkerim Bardakcı,DEF,2526,SuperLig,Turkey,0,1,40,8,0,7.12,11.075,18
1091303,Petar Sučić,MID,2526,SerieA,Italy,2,2,46,4,0,6.88,19.0,9
931278,Rayan Aït-Nouri,DEF,2526,PL,England,0,2,35,4,0,6.9,28.68,8
824200,Ademola Lookman,MID,2526,LaLiga,Spain,4,0,5,0,0,6.78,22.093,26
876214,Eric García,DEF,2526,LaLiga,Spain,1,2,74,11,0,7.11,22.093,5
1007769,Ole Didrik Blomberg,MID,2526,Elite,Norway,7,4,8,3,0,7.29,8.05,20
1130939,Maghnes Akliouche,MID,2526,L1,France,6,6,39,3,0,7.05,18.321,21
845386,Federico Chiesa,MID,2526,PL,England,2,1,8,0,0,6.59,28.68,5
1144329,Štěpán Chaloupek,DEF,2526,Czech,Czechia,7,2,46,6,0,7.2,11.025,18
1134083,Jobe Bellingham,MID,2526,Bund,Germany,0,1,44,4,0,6.75,21.785,13
957602,Riccardo Calafiori,DEF,2526,PL,England,1,2,32,4,0,6.87,28.68,14
1126512,Zeno Debast,DEF,2526,Portugal,Portugal,0,2,15,4,0,7.12,20.5,0
941168,William Saliba,DEF,2526,PL,England,1,0,35,15,0,7.02,28.68,31
822519,Éder Militão,DEF,2526,LaLiga,Spain,2,1,23,4,0,7.27,22.093,5
864921,Eberechi Eze,MID,2526,PL,England,7,2,19,2,0,6.97,28.68,11
754794,Lucas Torreira,MID,2526,SuperLig,Turkey,3,4,51,5,0,7.09,11.075,8
328027,Serhou Guirassy,FWD,2526,Bund,Germany,17,1,2,6,0,6.83,21.785,25
2186126,Youssoupha Mbodji,DEF,2526,Czech,Czechia,0,0,8,0,0,6.63,11.025,16
227672,Jonathan Tah,DEF,2526,Bund,Germany,2,1,24,6,0,7.24,21.785,22
977679,Luís Henrique,MID,2526,SerieA,Italy,1,2,20,4,0,6.86,19.0,1
151440,Tomáš Holeš,DEF,2526,Czech,Czechia,2,2,34,9,0,7.37,11.025,4
361722,Nordin Jackers,GK,2526,Belgium,Belgium,0,0,1,8,54,7.06,11.4,7
978285,Wilfried Singo,DEF,2526,SuperLig,Turkey,2,1,17,1,0,6.89,11.075,19
879694,Pape Gueye,MID,2526,LaLiga,Spain,5,2,40,1,0,7.08,22.093,4
954056,Nico González,MID,2526,PL,England,1,0,42,4,0,6.97,28.68,4
996952,Bradley Barcola,MID,2526,L1,France,11,1,30,4,0,7.21,18.321,29
904096,Barış Alper Yılmaz,MID,2526,SuperLig,Turkey,8,11,23,2,0,7.09,11.075,13
958959,Jurriën Timber,DEF,2526,PL,England,3,5,66,11,0,6.91,28.68,17
1464415,Rafael Nel,FWD,2526,Portugal,Portugal,2,1,2,0,0,7.02,20.5,4
984623,Rafa Marín,DEF,2526,LaLiga,Spain,1,0,37,4,0,7.03,22.093,6
1445945,Trey Nyoni,MID,2526,PL,England,0,0,1,0,0,6.47,28.68,1
1506781,Villads Nielsen,DEF,2526,Elite,Norway,0,0,1,2,0,7.13,8.05,0
927366,Matěj Kovář,GK,2526,Ered,Netherlands,0,0,0,7,85,7.08,9.979,10
866469,Bruno Guimarães,MID,2526,PL,England,9,5,62,6,0,7.45,28.68,3
352882,Nuno Santos,MID,2526,Portugal,Portugal,0,1,1,0,0,6.6,20.5,1
807771,Dávid Hancko,DEF,2526,LaLiga,Spain,0,2,43,8,0,6.81,22.093,22
812145,Dennis Man,FWD,2526,Ered,Netherlands,7,7,10,0,0,7.08,9.979,9
994556,Carney Chukwuemeka,MID,2526,Bund,Germany,2,0,21,0,0,6.69,21.785,12
1135873,Alejandro Garnacho,MID,2526,PL,England,1,4,15,1,0,6.79,28.68,7
843665,Alphonso Davies,DEF,2526,Bund,Germany,1,3,9,0,0,6.82,21.785,8
989841,Eduardo Quaresma,DEF,2526,Portugal,Portugal,2,2,40,4,0,7.37,20.5,4
846036,Ben White,DEF,2526,PL,England,0,1,15,3,0,6.84,28.68,13
556866,Gregor Kobel,GK,2526,Bund,Germany,0,0,0,15,89,7.14,21.785,18
1144630,Cristhian Mosquera,DEF,2526,PL,England,0,0,32,2,0,6.89,28.68,11
804508,Viktor Gyökeres,FWD,2526,PL,England,14,1,7,4,0,6.61,28.68,23
814594,Achraf Hakimi,DEF,2526,L1,France,2,2,18,6,0,6.77,18.321,47
798583,Dayot Upamecano,DEF,2526,Bund,Germany,1,1,44,4,0,7.16,21.785,20
835485,Brahim Díaz,MID,2526,LaLiga,Spain,1,6,15,0,0,6.72,22.093,10
1108441,Lucas Beraldo,DEF,2526,L1,France,2,1,31,8,0,7.25,18.321,0
1473491,Senny Mayulu,MID,2526,L1,France,4,4,48,4,0,6.8,18.321,13
845798,Guus Til,MID,2526,Ered,Netherlands,14,4,29,3,0,6.9,9.979,20
787751,Robin Le Normand,DEF,2526,LaLiga,Spain,1,1,35,6,0,6.85,22.093,21
1546073,Xavi Espart,DEF,2526,LaLiga,Spain,0,0,4,0,0,6.4,22.093,0
1103693,Gavi,MID,2526,LaLiga,Spain,0,1,17,0,0,6.82,22.093,1
1468046,Santiago Mouriño,DEF,2526,LaLiga,Spain,1,2,102,6,0,6.99,22.093,10
838232,Eljif Elmas,MID,2526,SerieA,Italy,1,3,24,1,0,6.72,19.0,5
917087,Kang-in Lee,MID,2526,L1,France,3,4,17,1,0,7.02,18.321,2
1526618,Marc Bernal,MID,2526,LaLiga,Spain,2,1,26,0,0,6.9,22.093,6
138156,Emre Can,DEF,2526,Bund,Germany,3,0,12,1,0,7.22,21.785,2
1177167,Nicolò Tresoldi,FWD,2526,Belgium,Belgium,19,5,29,2,0,6.99,11.4,17
1009372,Georges Mikautadze,FWD,2526,LaLiga,Spain,13,6,6,0,0,6.97,22.093,5
1046960,Ryan Flamingo,DEF,2526,Ered,Netherlands,3,1,28,1,0,6.99,9.979,2
1590918,Ibrahim Mbaye,MID,2526,L1,France,3,2,14,2,0,6.79,18.321,1
1000483,Marc Casadó,MID,2526,LaLiga,Spain,0,1,18,3,0,6.7,22.093,3
100389,Marten de Roon,MID,2526,SerieA,Italy,1,2,81,7,0,7.03,19.0,13
133908,Marcel Sabitzer,MID,2526,Bund,Germany,1,2,30,5,0,6.9,21.785,9
861979,Daniel Bragança,MID,2526,Portugal,Portugal,6,0,12,0,0,7.27,20.5,5
1149146,Mika Godts,MID,2526,Ered,Netherlands,17,12,27,4,0,7.78,9.979,4
1156645,Raúl Asencio,DEF,2526,LaLiga,Spain,2,0,17,7,0,6.94,22.093,9
1097425,Miloš Kerkez,DEF,2526,PL,England,2,1,41,3,0,6.6,28.68,14
927353,Curtis Jones,MID,2526,PL,England,1,2,40,1,0,6.85,28.68,3
1172477,Tani Oluwaseyi,FWD,2526,LaLiga,Spain,2,2,7,0,0,6.5,22.093,8
1136731,Rico Lewis,DEF,2526,PL,England,0,1,5,0,0,6.66,28.68,4
146866,Gerard Moreno,FWD,2526,LaLiga,Spain,10,0,15,0,0,7.13,22.093,0
873189,Juan Foyth,DEF,2526,LaLiga,Spain,0,0,20,3,0,7.15,22.093,2
1435367,David Moses,MID,2526,Czech,Czechia,1,3,47,3,0,6.89,11.025,7
844234,Jerdy Schouten,MID,2526,Ered,Netherlands,1,2,44,6,0,7.1,9.979,5
1120290,Magnus Riisnæs,MID,2526,Elite,Norway,2,2,15,1,0,7.03,8.05,1
827212,Jules Koundé,DEF,2526,LaLiga,Spain,1,3,47,8,0,6.9,22.093,21
248331,Brandon Mechele,DEF,2526,Belgium,Belgium,5,2,77,12,0,7.29,11.4,16
895764,Pedro Gonçalves,MID,2526,Portugal,Portugal,13,8,15,1,0,7.16,20.5,9
184661,Leon Goretzka,MID,2526,Bund,Germany,5,3,29,5,0,7.13,21.785,1
1101258,Kyriani Sabbe,DEF,2526,Belgium,Belgium,3,3,43,1,0,6.94,11.4,4
1048422,Hugo Ekitiké,FWD,2526,PL,England,11,4,11,2,0,6.92,28.68,19
355492,Konrad Laimer,DEF,2526,Bund,Germany,3,9,46,6,0,6.81,21.785,21
1010231,Jamal Musiala,MID,2526,Bund,Germany,3,4,11,0,0,6.71,21.785,15
794839,Gabriel Jesus,FWD,2526,PL,England,3,0,4,0,0,6.59,28.68,8
857738,Yunus Akgün,MID,2526,SuperLig,Turkey,7,9,21,3,0,7.22,11.075,11
1172777,Fredrik Sjøvold,DEF,2526,Elite,Norway,4,5,55,11,0,7.34,8.05,18
850993,David Neres,MID,2526,SerieA,Italy,3,3,10,0,0,7.01,19.0,5
1917626,Max Dowman,MID,2526,PL,England,1,0,2,0,0,6.77,28.68,0
1136110,Esmir Bajraktarević,FWD,2526,Ered,Netherlands,4,4,19,2,0,6.95,9.979,1
996953,Lucas Chevalier,GK,2526,L1,France,0,0,0,9,33,6.95,18.321,7
1401702,Ethan Nwaneri,MID,2526,PL,England,0,0,1,0,0,6.74,28.68,0
1518101,Shandre Campbell,FWD,2526,Belgium,Belgium,1,0,5,0,0,6.77,11.4,0
1142703,Nico O'Reilly,DEF,2526,PL,England,5,3,68,10,0,6.87,28.68,25
825731,Michal Sadílek,MID,2526,Czech,Czechia,1,4,34,8,0,7.01,11.025,4
1099352,Giuliano Simeone,MID,2526,LaLiga,Spain,4,6,45,2,0,6.91,22.093,23
965011,Matteo Ruggeri,DEF,2526,LaLiga,Spain,0,3,36,5,0,6.77,22.093,25
1923332,Youssoupha Sanyang,MID,2526,Czech,Czechia,1,0,11,1,0,6.74,11.025,6
1403559,Franco Mastantuono,MID,2526,LaLiga,Spain,1,0,20,1,0,6.69,22.093,6
954076,Fábio Silva,FWD,2526,Bund,Germany,2,6,7,0,0,6.59,21.785,8
1086223,Ange-Yoan Bonny,FWD,2526,SerieA,Italy,5,4,17,0,0,6.74,19.0,11
927407,Josip Stanišić,DEF,2526,Bund,Germany,2,3,28,5,0,6.91,21.785,15
898815,Sam Beukema,DEF,2526,SerieA,Italy,2,0,19,4,0,6.82,19.0,1
983041,Hugo Siquet,DEF,2526,Belgium,Belgium,0,2,31,1,0,7,11.4,2
1029163,Sondre Auklend,MID,2526,Elite,Norway,1,5,34,3,0,7.24,8.05,2
142622,Antonio Rüdiger,DEF,2526,LaLiga,Spain,1,0,14,5,0,6.9,22.093,9
1066603,Luiz Júnior,GK,2526,LaLiga,Spain,0,0,0,8,73,6.99,22.093,4
1105779,Andrey Santos,MID,2526,PL,England,1,0,37,1,0,6.84,28.68,9
1103333,Franjo Ivanović,FWD,2526,Portugal,Portugal,6,1,8,0,0,6.72,20.5,1
928236,Leonardo Balerdi,DEF,2526,L1,France,0,1,49,3,0,6.88,18.321,4
997035,Alejandro Balde,DEF,2526,LaLiga,Spain,0,2,35,3,0,6.7,22.093,5
138892,João Cancelo,DEF,2526,LaLiga,Spain,2,2,27,4,0,7.13,22.093,2
1194333,Abdukodir Khusanov,DEF,2526,PL,England,0,0,27,5,0,6.94,28.68,12
45853,İlkay Gündoğan,MID,2526,SuperLig,Turkey,2,3,22,1,0,6.97,11.075,1
981483,Eren Elmalı,DEF,2526,SuperLig,Turkey,3,0,31,5,0,6.92,11.075,2
925097,Ronald Araújo,DEF,2526,LaLiga,Spain,3,0,21,2,0,6.95,22.093,3
886402,Giorgi Kochorashvili,MID,2526,Portugal,Portugal,0,1,16,1,0,6.83,20.5,3
103457,Günay Güvenç,GK,2526,SuperLig,Turkey,0,0,1,4,14,6.82,11.075,0
930666,João Virgínia,GK,2526,Portugal,Portugal,0,0,0,1,3,6.9,20.5,1
1138428,James McConnell,MID,2526,Ered,Netherlands,0,0,5,0,0,6.9,9.979,0
547838,Dani Ceballos,MID,2526,LaLiga,Spain,0,0,18,0,0,6.9,22.093,2
851271,Fran García,DEF,2526,LaLiga,Spain,1,1,19,2,0,6.64,22.093,5
352370,Lucas Hernández,DEF,2526,L1,France,0,3,25,9,0,7.04,18.321,2
835600,Davide Frattesi,MID,2526,SerieA,Italy,0,0,15,1,0,6.52,19.0,3
1008402,Conor Bradley,DEF,2526,PL,England,0,1,19,2,0,6.63,28.68,5
793524,Andreas Helmersen,FWD,2526,Elite,Norway,6,1,5,1,0,6.88,8.05,4
1395881,Joaquin Seys,DEF,2526,Belgium,Belgium,2,5,56,4,0,6.81,11.4,17
1129935,Tom Bischof,MID,2526,Bund,Germany,3,3,26,4,0,6.9,21.785,3
970361,Jeremie Frimpong,DEF,2526,PL,England,0,1,11,1,0,6.71,28.68,7
826134,Trevoh Chalobah,DEF,2526,PL,England,3,0,35,9,0,6.94,28.68,8
1086417,Rasmus Højlund,FWD,2526,SerieA,Italy,12,5,4,6,0,6.59,19.0,12
944660,Thiago Almada,MID,2526,LaLiga,Spain,3,1,29,0,0,6.8,22.093,1
927359,Vítězslav Jaroš,GK,2526,Ered,Netherlands,0,0,0,5,62,7.27,9.979,6
910031,Alex Baena,MID,2526,LaLiga,Spain,2,3,18,2,0,6.97,22.093,1
318927,Joe Gomez,DEF,2526,PL,England,0,2,10,1,0,6.52,28.68,4
1149127,Arthur Vermeeren,MID,2526,L1,France,0,1,28,1,0,6.51,18.321,4
345195,Ayoze Pérez,FWD,2526,LaLiga,Spain,5,4,22,0,0,6.78,22.093,0
1167818,Iván Fresneda,DEF,2526,Portugal,Portugal,1,0,31,3,0,6.73,20.5,14
38710,Ivan Perišić,MID,2526,Ered,Netherlands,7,12,36,1,0,7.23,9.979,8
1087359,Renato Veiga,DEF,2526,LaLiga,Spain,0,0,19,5,0,6.78,22.093,8
1162107,Roony Bardghji,MID,2526,LaLiga,Spain,1,1,6,0,0,6.69,22.093,4
138152,Kaan Ayhan,DEF,2526,SuperLig,Turkey,1,0,11,0,0,6.87,11.075,0
1184317,Yarek Gasiorowski,DEF,2526,Ered,Netherlands,3,2,27,5,0,7.07,9.979,4
961684,Anass Salah-Eddine,DEF,2526,Ered,Netherlands,0,0,28,3,0,6.72,9.979,6
1410209,João Simões,MID,2526,Portugal,Portugal,0,1,15,1,0,6.53,20.5,4
873106,Hiroki Itō,DEF,2526,Bund,Germany,1,2,4,0,0,6.81,21.785,0
235672,Matteo Politano,MID,2526,SerieA,Italy,2,5,15,3,0,6.91,19.0,1
1069336,Romeo Vermant,FWD,2526,Belgium,Belgium,8,2,19,1,0,6.64,11.4,8
893549,Tijjani Reijnders,MID,2526,PL,England,5,2,10,2,0,6.84,28.68,10
1146018,Paul Wanner,MID,2526,Ered,Netherlands,3,3,43,3,0,7.02,9.979,3
355088,Roland Sallai,DEF,2526,SuperLig,Turkey,1,3,47,7,0,6.93,11.075,10
1012444,Alberto Moleiro,MID,2526,LaLiga,Spain,10,5,30,0,0,6.86,22.093,0
1156616,Pio Esposito,FWD,2526,SerieA,Italy,7,3,9,2,0,6.67,19.0,14
794939,Marc Cucurella,DEF,2526,PL,England,1,4,55,9,0,6.66,28.68,15
1926085,Dro Fernández,MID,2526,LaLiga,Spain,0,0,1,0,0,6.57,22.093,3
1130942,Félix Lemaréchal,MID,2526,L1,France,0,2,17,1,0,6.59,18.321,1
1067539,Lynnt Audoor,MID,2526,Belgium,Belgium,0,1,8,0,0,6.88,11.4,0
825838,Armando Obispo,DEF,2526,Ered,Netherlands,2,0,6,0,0,6.89,9.979,2
1047509,Bjorn Meijer,DEF,2526,Belgium,Belgium,1,1,15,3,0,6.88,11.4,1
897291,Ismail Jakobs,DEF,2526,SuperLig,Turkey,0,1,27,2,0,6.72,11.075,13
930997,Giorgi Mamardashvili,GK,2526,PL,England,0,0,1,2,34,6.71,28.68,8
126588,Filip Kostić,DEF,2526,SerieA,Italy,3,1,17,0,0,6.9,19.0,0
907668,Billy Gilmour,MID,2526,SerieA,Italy,1,0,14,1,0,7.03,19.0,0
1881902,Rio Ngumoha,MID,2526,PL,England,2,1,4,0,0,6.97,28.68,0
1089108,Ilias Akhomach,MID,2526,LaLiga,Spain,0,1,24,0,0,6.65,22.093,6
1142672,Warren Zaïre-Emery,MID,2526,L1,France,3,4,48,9,0,7,18.321,14
1590121,Jorge Cestero,MID,2526,LaLiga,Spain,0,0,1,0,0,6.6,22.093,0
1391752,Rodrigo Mendoza,MID,2526,LaLiga,Spain,1,1,16,0,0,6.56,22.093,0
572286,Gustaf Nilsson,FWD,2526,Belgium,Belgium,0,0,1,0,0,6.44,11.4,0
123179,Ivan Schranz,MID,2526,Czech,Czechia,2,1,11,0,0,6.69,11.025,0
877236,Hugo Vetlesen,MID,2526,Belgium,Belgium,5,6,25,1,0,6.87,11.4,0
934354,Antoine Semenyo,MID,2526,PL,England,17,4,45,11,0,7.02,28.68,0
1016893,Luís Guilherme,MID,2526,PL,England,0,0,1,0,0,6.48,28.68,0
1163083,Giuseppe Ambrosino,FWD,2526,SerieA,Italy,0,0,0,0,0,6.53,19.0,0
945798,Djed Spence,DEF,2526,PL,England,0,0,44,8,0,6.59,28.68,15
331209,Bernardo Silva,MID,2526,PL,England,2,4,54,6,0,6.85,28.68,12
148899,Leonardo Spinazzola,DEF,2526,SerieA,Italy,3,3,24,1,0,6.99,19.0,4
903679,Fotis Ioannidis,FWD,2526,Portugal,Portugal,3,0,9,0,0,6.78,20.5,4
1482424,Claudio Echeverri,MID,2526,Bund,Germany,0,0,1,0,0,6.6,21.785,0
1021272,Daniel Svensson,DEF,2526,Bund,Germany,2,2,38,10,0,6.78,21.785,24
906021,Sergiño Dest,DEF,2526,Ered,Netherlands,1,5,52,4,0,7,9.979,7
787505,Benjamin Pavard,DEF,2526,L1,France,1,2,28,7,0,6.8,18.321,6
151700,Ulrik Saltnes,MID,2526,Elite,Norway,7,5,23,6,0,7.3,8.05,1
908716,Miguel Gutiérrez,DEF,2526,SerieA,Italy,1,1,33,5,0,6.82,19.0,5
831799,Nahuel Molina,DEF,2526,LaLiga,Spain,2,2,40,6,0,6.77,22.093,9
1002343,Souleymane Faye,MID,2526,Portugal,Portugal,0,0,3,0,0,6.56,20.5,0
787941,Frank Anguissa,MID,2526,SerieA,Italy,4,1,18,5,0,6.93,19.0,2
963084,David Zima,DEF,2526,Czech,Czechia,0,2,21,8,0,6.89,11.025,12
986245,Sergi Cardona,DEF,2526,LaLiga,Spain,1,4,47,6,0,6.74,22.093,4
980628,Maximilian Beier,FWD,2526,Bund,Germany,9,6,26,1,0,6.8,21.785,9
799046,Waldemar Anton,DEF,2526,Bund,Germany,2,0,73,14,0,7.25,21.785,13
1004449,Cisse Sandra,MID,2526,Belgium,Belgium,1,1,8,3,0,6.71,11.4,0
1187275,Joel Ordóñez,DEF,2526,Belgium,Belgium,3,0,37,5,0,6.95,11.4,11
973290,Tajon Buchanan,MID,2526,LaLiga,Spain,7,1,28,1,0,6.79,22.093,1
1861665,Quentin Ndjantou,FWD,2526,L1,France,1,1,2,0,0,6.56,18.321,3
50490,Wojciech Szczęsny,GK,2526,LaLiga,Spain,0,0,0,0,23,6.96,22.093,3
897334,Daiki Hashioka,DEF,2526,Czech,Czechia,0,0,3,0,0,6.8,11.025,0
186795,Andreas Christensen,DEF,2526,LaLiga,Spain,0,0,5,1,0,6.71,22.093,0
873554,Omar Marmoush,FWD,2526,PL,England,3,3,13,0,0,6.74,28.68,1
823941,Alexander Isak,FWD,2526,PL,England,3,1,7,0,0,6.57,28.68,1
188307,Tomáš Chorý,FWD,2526,Czech,Czechia,17,4,6,4,0,7.34,11.025,0
2237795,Thiago Pitarch,MID,2526,LaLiga,Spain,0,2,12,0,0,6.5,22.093,1
935564,Jonathan David,FWD,2526,SerieA,Italy,6,4,17,1,0,6.42,19.0,11
792073,Ferland Mendy,DEF,2526,LaLiga,Spain,0,0,1,0,0,6.55,22.093,0
250319,Haitam Aleesami,DEF,2526,Elite,Norway,2,1,22,3,0,7.18,8.05,8
1525863,Pau Navarro,DEF,2526,LaLiga,Spain,0,0,65,3,0,6.73,22.093,2
907174,Tomáš Vlček,DEF,2526,Czech,Czechia,1,1,16,3,0,6.78,11.025,2
826049,Mojmír Chytil,FWD,2526,Czech,Czechia,13,1,4,3,0,6.88,11.025,0
232422,Kepa Arrizabalaga,GK,2526,PL,England,0,0,0,0,2,7,28.68,0
980643,James Trafford,GK,2526,PL,England,0,0,2,1,14,7.18,28.68,0
1886213,Noah Fernandez,MID,2526,Ered,Netherlands,1,0,14,0,0,6.73,9.979,0
78893,Romelu Lukaku,FWD,2526,SerieA,Italy,1,0,0,0,0,6.58,19.0,0
877994,Marc Guéhi,DEF,2526,PL,England,3,3,46,14,0,7.3,28.68,0
1976732,Wisdom Mike,MID,2526,Bund,Germany,0,0,0,0,0,6.43,21.785,0
870263,Alessandro Buongiorno,DEF,2526,SerieA,Italy,0,1,33,8,0,6.78,19.0,12
878496,Ricardo Mangas,DEF,2526,Portugal,Portugal,2,1,19,2,0,6.91,20.5,0
962364,Lorenzo Lucca,FWD,2526,PL,England,1,0,0,0,0,6.65,28.68,1
1174937,Endrick,FWD,2526,LaLiga,Spain,0,0,0,0,0,6.7,22.093,0
906049,Ahmed Kutucu,MID,2526,SuperLig,Turkey,0,1,3,0,0,6.46,11.075,0
153257,Giovanni Di Lorenzo,DEF,2526,SerieA,Italy,2,1,45,10,0,6.9,19.0,10
927493,Igoh Ogbu,DEF,2526,Czech,Czechia,1,0,8,2,0,6.68,11.025,0
908714,Arnau Tenas,GK,2526,LaLiga,Spain,0,0,1,0,30,6.87,22.093,3
1014222,Kiliann Sildillia,DEF,2526,Ered,Netherlands,2,3,32,1,0,6.78,9.979,1
