sofa_id,name,pos,dom_season,ucl_season,league,country,dom_g,dom_a,dom_tk,dom_cs,dom_sv,dom_rt,league_strength,target_ucl_fantasy_pts
556866,Gregor Kobel,GK,2122,2223,Bund,Germany,0,0,0,7,74,6.82,17.125,13
259117,Joshua Kimmich,MID,2122,2223,Bund,Germany,3,11,39,6,0,7.79,17.125,26
352370,Lucas Hernández,DEF,2122,2223,Bund,Germany,0,1,50,4,0,7.01,17.125,11
70996,Kevin De Bruyne,MID,2122,2223,PL,England,15,8,32,8,0,7.78,23.0,32
8959,Manuel Neuer,GK,2122,2223,Bund,Germany,0,0,2,10,63,6.93,17.125,15
826643,Kylian Mbappé,FWD,2122,2223,L1,France,28,17,11,9,0,7.77,12.583,37
843115,Diogo Costa,GK,2122,2223,Portugal,Portugal,0,0,0,14,48,6.85,12.5,29
293519,Leroy Sané,MID,2122,2223,Bund,Germany,7,7,28,1,0,7.04,17.125,26
786259,Kostas Tsimikas,DEF,2122,2223,PL,England,0,2,27,3,0,7.17,23.0,15
10406,Simon Mignolet,GK,2122,2223,Belgium,Belgium,0,0,1,16,95,6.95,14.2,31
153257,Giovanni Di Lorenzo,DEF,2122,2223,SerieA,Italy,1,5,58,15,0,7.1,22.357,36
839956,Erling Haaland,FWD,2122,2223,Bund,Germany,22,7,2,1,0,7.66,17.125,51
318941,Rúben Dias,DEF,2122,2223,PL,England,2,4,26,12,0,7.1,23.0,42
138605,Piotr Zieliński,MID,2122,2223,SerieA,Italy,6,5,19,0,0,6.92,22.357,29
827606,Rodri,MID,2122,2223,PL,England,7,2,72,15,0,7.38,23.0,23
38710,Ivan Perišić,MID,2122,2223,SerieA,Italy,8,7,38,5,0,7.3,22.357,16
831808,Federico Valverde,MID,2122,2223,LaLiga,Spain,0,1,36,4,0,6.93,16.571,30
822471,Victor Osimhen,FWD,2122,2223,SerieA,Italy,14,2,10,4,0,7.13,22.357,21
818244,Ousmane Dembélé,FWD,2122,2223,LaLiga,Spain,1,13,24,2,0,7.53,16.571,13
70988,Thibaut Courtois,GK,2122,2223,LaLiga,Spain,0,0,1,16,93,7.04,16.571,34
26768,Sven Ulreich,GK,2122,2223,Bund,Germany,0,0,0,1,13,6.5,17.125,10
177177,Alejandro Grimaldo,DEF,2122,2223,Portugal,Portugal,5,5,50,6,0,7.33,12.5,40
254491,Ederson,GK,2122,2223,PL,England,0,0,2,20,60,6.9,23.0,37
16206,Yann Sommer,GK,2122,2223,Bund,Germany,0,1,0,4,115,6.95,17.125,12
149663,Nathan Aké,DEF,2122,2223,PL,England,2,0,16,5,0,7.08,23.0,20
910536,Rodrygo,MID,2122,2223,LaLiga,Spain,4,4,18,1,0,6.88,16.571,33
826188,Alessandro Bastoni,DEF,2122,2223,SerieA,Italy,1,3,44,8,0,7.1,22.357,35
189061,Jack Grealish,MID,2122,2223,PL,England,3,3,17,10,0,7.07,23.0,9
97001,João Mário,FWD,2122,2223,Portugal,Portugal,3,3,38,2,0,7.14,12.5,34
991011,Jude Bellingham,MID,2122,2223,Bund,Germany,3,8,52,6,0,6.96,17.125,31
795064,Trent Alexander-Arnold,DEF,2122,2223,PL,England,2,12,40,17,0,7.65,23.0,16
855833,Ferran Torres,FWD,2122,2223,PL,England,2,1,2,1,0,7.23,23.0,15
831005,Raphinha,MID,2122,2223,PL,England,11,3,51,4,0,6.97,23.0,8
184661,Leon Goretzka,MID,2122,2223,Bund,Germany,3,3,25,3,0,7.12,17.125,29
803031,Matthijs de Ligt,DEF,2122,2223,SerieA,Italy,3,1,34,11,0,7.07,22.357,17
331209,Bernardo Silva,MID,2122,2223,PL,England,8,4,57,13,0,7.16,23.0,29
883537,Luis Díaz,MID,2122,2223,PL,England,4,3,9,2,0,7.23,23.0,7
787941,Frank Anguissa,MID,2122,2223,SerieA,Italy,0,2,50,8,0,7,22.357,20
859765,Phil Foden,MID,2122,2223,PL,England,9,5,16,7,0,7.3,23.0,9
787505,Benjamin Pavard,DEF,2122,2223,Bund,Germany,0,1,35,7,0,7.11,17.125,24
976575,Nicolas Seiwald,MID,2122,2223,AutBund,Austria,0,8,74,9,0,7.23,4.9,12
383560,Manuel Akanji,DEF,2122,2223,Bund,Germany,1,0,33,3,0,6.96,17.125,39
592794,Alex Meret,GK,2122,2223,SerieA,Italy,0,0,0,2,24,7.1,22.357,23
868812,Vinícius Júnior,MID,2122,2223,LaLiga,Spain,17,10,46,8,0,7.35,16.571,55
886223,Stephen Eustaquio,MID,2122,2223,Portugal,Portugal,0,1,42,5,0,6.83,12.5,15
135700,Hakan Çalhanoğlu,MID,2122,2223,SerieA,Italy,7,12,41,2,0,7.53,22.357,19
862967,Cody Gakpo,FWD,2122,2223,Ered,Netherlands,12,13,15,3,0,7.51,13.5,2
232422,Kepa Arrizabalaga,GK,2122,2223,PL,England,0,0,0,2,11,7.28,23.0,21
138892,João Cancelo,DEF,2122,2223,PL,England,1,7,83,19,0,7.33,23.0,24
45853,İlkay Gündoğan,MID,2122,2223,PL,England,8,4,23,10,0,7.33,23.0,20
332155,Amir Rrahmani,DEF,2122,2223,SerieA,Italy,4,0,21,13,0,7.06,22.357,15
843665,Alphonso Davies,DEF,2122,2223,Bund,Germany,0,3,34,3,0,7.04,17.125,29
190159,André Silva,FWD,2122,2223,Bund,Germany,11,3,13,2,0,6.74,17.125,17
152077,John Stones,DEF,2122,2223,PL,England,1,0,5,8,0,7.16,23.0,21
284361,Federico Dimarco,DEF,2122,2223,SerieA,Italy,2,2,28,3,0,7.11,22.357,18
769333,Christopher Nkunku,FWD,2122,2223,Bund,Germany,20,13,23,2,0,7.59,17.125,17
186795,Andreas Christensen,DEF,2122,2223,PL,England,0,0,14,9,0,7.02,23.0,1
851284,Rafael Leão,MID,2122,2223,SerieA,Italy,11,8,17,7,0,7.19,22.357,16
836705,Kai Havertz,FWD,2122,2223,PL,England,8,3,17,4,0,6.83,23.0,10
852404,Mattéo Guendouzi,MID,2122,2223,L1,France,4,6,45,12,0,7,12.583,11
823984,Lautaro Martínez,FWD,2122,2223,SerieA,Italy,21,3,20,2,0,7.12,22.357,26
1003007,Tanguy Nianzou,DEF,2122,2223,Bund,Germany,1,1,11,2,0,6.81,17.125,6
826134,Trevoh Chalobah,DEF,2122,2223,PL,England,3,1,40,9,0,7.23,23.0,6
69768,Jan Oblak,GK,2122,2223,LaLiga,Spain,0,0,0,12,66,6.68,16.571,9
39070,Olivier Giroud,FWD,2122,2223,SerieA,Italy,11,3,15,3,0,7.08,22.357,28
187433,Serge Gnabry,MID,2122,2223,Bund,Germany,14,5,47,3,0,7.33,17.125,23
108579,Harry Kane,FWD,2122,2223,PL,England,17,9,15,13,0,7.38,23.0,10
363856,Nicolò Barella,MID,2122,2223,SerieA,Italy,3,12,63,5,0,7.29,22.357,27
928236,Leonardo Balerdi,DEF,2122,2223,L1,France,0,0,9,4,0,6.78,12.583,13
987818,Maurits Kjaergaard,MID,2122,2223,AutBund,Austria,2,2,13,2,0,6.87,4.9,8
875136,Noa Lang,MID,2122,2223,Belgium,Belgium,7,12,24,5,0,7.2,14.2,2
798583,Dayot Upamecano,DEF,2122,2223,Bund,Germany,1,6,66,7,0,7.15,17.125,16
964994,Joško Gvardiol,DEF,2122,2223,Bund,Germany,2,2,47,7,0,7.1,17.125,23
235672,Matteo Politano,MID,2122,2223,SerieA,Italy,3,4,24,0,0,6.77,22.357,11
352882,Nuno Santos,MID,2122,2223,Portugal,Portugal,6,7,34,7,0,7.23,12.5,7
133908,Marcel Sabitzer,MID,2122,2223,Bund,Germany,1,1,20,0,0,6.74,17.125,4
789071,Dani Olmo,MID,2122,2223,Bund,Germany,3,3,14,0,0,6.95,17.125,1
826215,Ibrahima Konaté,DEF,2122,2223,PL,England,0,0,16,4,0,6.99,23.0,6
78893,Romelu Lukaku,FWD,2122,2223,PL,England,8,0,2,6,0,6.97,23.0,16
822519,Éder Militão,DEF,2122,2223,LaLiga,Spain,1,2,50,13,0,7.14,16.571,21
103417,Isco,MID,2122,2223,LaLiga,Spain,1,0,9,0,0,6.92,16.571,11
136710,Mateo Kovačić,MID,2122,2223,PL,England,2,5,51,6,0,7.2,23.0,9
187205,Milan Škriniar,DEF,2122,2223,SerieA,Italy,3,0,47,12,0,7.05,22.357,15
248331,Brandon Mechele,DEF,2122,2223,Belgium,Belgium,0,0,65,14,0,7.15,14.2,23
361004,Marco Asensio,MID,2122,2223,LaLiga,Spain,10,0,12,2,0,7.07,16.571,18
836694,Mason Mount,MID,2122,2223,PL,England,11,10,41,6,0,7.43,23.0,7
37151,Henrikh Mkhitaryan,MID,2122,2223,SerieA,Italy,5,6,45,8,0,7.16,22.357,21
955245,Harvey Elliott,MID,2122,2223,PL,England,0,0,3,1,0,6.88,23.0,12
940871,Nico Schlotterbeck,DEF,2122,2223,Bund,Germany,4,1,72,9,0,7.35,17.125,15
992587,Pedri,MID,2122,2223,LaLiga,Spain,3,1,20,2,0,7.23,16.571,2
847030,Noussair Mazraoui,DEF,2122,2223,Ered,Netherlands,5,2,47,11,0,7.33,13.5,8
150383,Stanislav Lobotka,MID,2122,2223,SerieA,Italy,1,0,39,6,0,6.9,22.357,10
325355,José María Giménez,DEF,2122,2223,LaLiga,Spain,1,1,18,9,0,7.04,16.571,6
822708,Amadou Haidara,MID,2122,2223,Bund,Germany,3,1,30,3,0,6.92,17.125,4
794939,Marc Cucurella,DEF,2122,2223,PL,England,1,1,93,8,0,7.11,23.0,8
138156,Emre Can,DEF,2122,2223,Bund,Germany,5,1,36,4,0,7,17.125,13
227672,Jonathan Tah,DEF,2122,2223,Bund,Germany,2,3,25,6,0,6.96,17.125,10
1103693,Gavi,MID,2122,2223,LaLiga,Spain,2,5,38,3,0,6.85,16.571,2
142622,Antonio Rüdiger,DEF,2122,2223,PL,England,3,0,48,14,0,7.11,23.0,17
1047509,Bjorn Meijer,DEF,2122,2223,Ered,Netherlands,2,2,36,1,0,6.87,13.5,20
795222,Frenkie de Jong,MID,2122,2223,LaLiga,Spain,3,3,35,4,0,7.08,16.571,1
824509,Gianluigi Donnarumma,GK,2122,2223,L1,France,0,0,0,5,45,6.93,12.583,8
859025,Aurélien Tchouaméni,MID,2122,2223,L1,France,3,2,86,9,0,7.33,12.583,4
850993,David Neres,MID,2122,2223,Ered,Netherlands,3,2,10,2,0,7.09,13.5,21
987510,Zaidu Sanusi,DEF,2122,2223,Portugal,Portugal,3,0,31,9,0,6.91,12.5,14
759520,Denzel Dumfries,DEF,2122,2223,SerieA,Italy,5,4,32,8,0,6.84,22.357,29
151545,Virgil van Dijk,DEF,2122,2223,PL,England,3,1,16,21,0,7.26,23.0,13
846425,Manuel Ugarte,MID,2122,2223,Portugal,Portugal,0,2,45,0,0,6.86,12.5,11
829932,Cristian Romero,DEF,2122,2223,PL,England,1,0,62,5,0,7.15,23.0,8
1121923,Antonio Nusa,MID,2122,2223,Elite,Norway,3,0,6,0,0,6.81,5.75,5
989768,Nuno Mendes,DEF,2122,2223,L1,France,0,1,48,4,0,6.73,12.583,9
831799,Nahuel Molina,DEF,2122,2223,SerieA,Italy,7,2,41,3,0,6.9,22.357,6
136924,Willi Orbán,DEF,2122,2223,Bund,Germany,2,1,32,8,0,7.16,17.125,11
94286,Thorgan Hazard,MID,2122,2223,Bund,Germany,4,1,23,2,0,6.8,17.125,6
970361,Jeremie Frimpong,DEF,2122,2223,Bund,Germany,1,6,32,4,0,6.77,17.125,12
827212,Jules Koundé,DEF,2122,2223,LaLiga,Spain,2,1,40,13,0,7.14,16.571,5
84539,Koke,MID,2122,2223,LaLiga,Spain,1,2,55,8,0,6.83,16.571,0
845386,Federico Chiesa,MID,2122,2223,SerieA,Italy,2,2,26,2,0,6.97,22.357,0
792073,Ferland Mendy,DEF,2122,2223,LaLiga,Spain,2,1,24,5,0,7,16.571,5
1002837,Piero Hincapié,DEF,2122,2223,Bund,Germany,1,2,33,2,0,6.8,17.125,10
805078,Mathías Olivera,DEF,2122,2223,LaLiga,Spain,1,3,79,13,0,6.93,16.571,15
547838,Dani Ceballos,MID,2122,2223,LaLiga,Spain,0,0,7,1,0,6.77,16.571,1
927407,Josip Stanišić,DEF,2122,2223,Bund,Germany,1,0,21,1,0,6.79,17.125,11
911719,Lassina Traoré,FWD,2122,2223,Ukraine,Ukraine,6,0,0,0,0,0,5.7,4
869856,Dominik Szoboszlai,MID,2122,2223,Bund,Germany,6,8,17,2,0,7.08,17.125,13
902029,Vitinha,MID,2122,2223,Portugal,Portugal,2,3,49,6,0,7.47,12.5,2
118085,Hans Vanaken,MID,2122,2223,Belgium,Belgium,11,9,47,13,0,7.31,14.2,6
155995,Marquinhos,DEF,2122,2223,L1,France,5,0,37,13,0,7.17,12.583,1
947929,Jesper Lindstrøm,MID,2122,2223,Bund,Germany,5,4,28,1,0,6.88,17.125,6
188307,Tomáš Chorý,FWD,2122,2223,Czech,Czechia,6,0,0,0,0,0,6.75,9
1010231,Jamal Musiala,MID,2122,2223,Bund,Germany,5,5,40,2,0,6.91,17.125,7
126588,Filip Kostić,DEF,2122,2223,Bund,Germany,4,9,44,5,0,7.25,17.125,5
904897,Ryan Gravenberch,MID,2122,2223,Ered,Netherlands,2,5,47,9,0,7.17,13.5,4
1001196,Gonçalo Inácio,DEF,2122,2223,Portugal,Portugal,4,2,38,14,0,7.15,12.5,9
882664,Pepê,MID,2122,2223,Portugal,Portugal,4,3,25,6,0,6.88,12.5,6
879694,Pape Gueye,MID,2122,2223,L1,France,0,1,38,5,0,6.76,12.583,0
886363,Matheus Cunha,MID,2122,2223,Bund,Germany,0,1,0,0,0,6.7,17.125,0
876214,Eric García,DEF,2122,2223,LaLiga,Spain,0,0,27,5,0,6.87,16.571,4
940054,Karim Adeyemi,FWD,2122,2223,AutBund,Austria,19,5,13,1,0,7.14,4.9,8
188365,Héctor Bellerín,DEF,2122,2223,LaLiga,Spain,0,2,52,8,0,6.9,16.571,1
548848,Pau López,GK,2122,2223,L1,France,0,1,0,10,57,6.85,12.583,8
856076,David Raum,DEF,2122,2223,Bund,Germany,3,11,52,4,0,7.29,17.125,8
973887,Eduardo Camavinga,MID,2122,2223,LaLiga,Spain,2,1,52,2,0,6.98,16.571,13
784655,Fabián Ruiz,MID,2122,2223,SerieA,Italy,7,4,55,6,0,7.22,22.357,1
835601,Moise Kean,FWD,2122,2223,PL,England,0,0,0,0,0,0,23.0,4
848287,Evan Ndicka,DEF,2122,2223,Bund,Germany,4,4,60,5,0,7.12,17.125,15
234148,N'Golo Kanté,MID,2122,2223,PL,England,2,4,59,6,0,7.12,23.0,1
857574,Andriy Lunin,GK,2122,2223,LaLiga,Spain,0,0,0,0,7,7.2,16.571,1
958923,Artem Bondarenko,MID,2122,2223,Ukraine,Ukraine,1,1,0,0,0,0,5.7,4
838232,Eljif Elmas,MID,2122,2223,SerieA,Italy,3,5,25,3,0,6.78,22.357,2
986397,Benjamin Šeško,FWD,2122,2223,AutBund,Austria,5,1,5,0,0,6.62,4.9,1
982778,Devyne Rensch,DEF,2122,2223,Ered,Netherlands,1,1,23,2,0,6.8,13.5,8
1082406,Matías Soulé,FWD,2122,2223,SerieA,Italy,0,0,0,0,0,0,22.357,0
925097,Ronald Araújo,DEF,2122,2223,LaLiga,Spain,4,0,41,6,0,7.07,16.571,0
835485,Brahim Díaz,MID,2122,2223,SerieA,Italy,3,3,23,2,0,6.63,22.357,10
318927,Joe Gomez,DEF,2122,2223,PL,England,0,1,10,2,0,6.94,23.0,8
814594,Achraf Hakimi,DEF,2122,2223,L1,France,4,6,75,4,0,6.93,12.583,9
927353,Curtis Jones,MID,2122,2223,PL,England,1,1,11,1,0,6.98,23.0,0
319853,Lukas Klostermann,DEF,2122,2223,Bund,Germany,0,1,29,7,0,6.89,17.125,1
125407,Álvaro Morata,FWD,2122,2223,SerieA,Italy,9,7,18,1,0,7.04,22.357,0
353130,Mario Hermoso,DEF,2122,2223,LaLiga,Spain,2,1,30,5,0,6.82,16.571,6
353138,Marcos Llorente,MID,2122,2223,LaLiga,Spain,0,2,51,5,0,6.89,16.571,0
935308,Robert Ljubičić,MID,2122,2223,AutBund,Austria,2,2,44,3,0,6.94,4.9,10
1146018,Paul Wanner,MID,2122,2223,Bund,Germany,0,0,2,0,0,6.47,17.125,0
800951,Julian Ryerson,DEF,2122,2223,Bund,Germany,2,0,27,1,0,6.77,17.125,0
1048009,El Chadaille Bitshiabu,DEF,2122,2223,L1,France,0,0,0,0,0,0,12.583,0
958959,Jurriën Timber,DEF,2122,2223,Ered,Netherlands,3,2,73,16,0,7.39,13.5,5
803039,Donyell Malen,FWD,2122,2223,Bund,Germany,5,3,13,0,0,6.99,17.125,0
906021,Sergiño Dest,DEF,2122,2223,LaLiga,Spain,0,3,32,2,0,6.85,16.571,1
979221,Gonçalo Borges,MID,2122,2223,Portugal,Portugal,0,0,1,0,0,6.6,12.5,0
566102,Davinson Sánchez,DEF,2122,2223,PL,England,2,0,41,10,0,7.08,23.0,0
280601,Jindřich Staněk,GK,2122,2223,Czech,Czechia,0,0,0,0,0,0,6.75,7
1048422,Hugo Ekitiké,FWD,2122,2223,L1,France,10,3,18,2,0,6.89,12.583,0
895764,Pedro Gonçalves,MID,2122,2223,Portugal,Portugal,8,9,29,4,0,7.19,12.5,6
904859,Dmytro Kryskiv,MID,2122,2223,Ukraine,Ukraine,2,0,0,0,0,0,5.7,0
50490,Wojciech Szczęsny,GK,2122,2223,SerieA,Italy,0,0,1,12,78,6.95,22.357,3
355492,Konrad Laimer,DEF,2122,2223,Bund,Germany,4,4,38,0,0,6.84,17.125,3
997035,Alejandro Balde,DEF,2122,2223,LaLiga,Spain,0,0,2,0,0,6.53,16.571,0
319857,Benjamin Henrichs,DEF,2122,2223,Bund,Germany,3,3,30,2,0,6.89,17.125,1
973290,Tajon Buchanan,MID,2122,2223,Belgium,Belgium,1,1,32,5,0,6.77,14.2,7
1004449,Cisse Sandra,MID,2122,2223,Belgium,Belgium,1,0,3,0,0,6.67,14.2,0
37096,Péter Gulácsi,GK,2122,2223,Bund,Germany,0,0,0,9,79,6.84,17.125,0
70996,Kevin De Bruyne,MID,2223,2324,PL,England,7,16,28,3,0,7.78,23.0,14
944656,Julián Alvarez,FWD,2223,2324,PL,England,9,0,26,3,0,6.9,23.0,27
859765,Phil Foden,MID,2223,2324,PL,England,11,5,16,3,0,7.22,23.0,35
136924,Willi Orbán,DEF,2223,2324,Bund,Germany,4,0,51,10,0,7.14,17.125,7
827606,Rodri,MID,2223,2324,PL,England,2,6,67,5,0,7.32,23.0,15
831005,Raphinha,MID,2223,2324,LaLiga,Spain,7,7,29,1,0,7.27,16.571,23
991011,Jude Bellingham,MID,2223,2324,Bund,Germany,8,4,76,10,0,7.4,17.125,42
934235,Bukayo Saka,MID,2223,2324,PL,England,14,11,63,5,0,7.31,23.0,38
826643,Kylian Mbappé,FWD,2223,2324,L1,France,29,5,10,8,0,7.42,12.583,32
868812,Vinícius Júnior,MID,2223,2324,LaLiga,Spain,10,9,30,5,0,7.05,16.571,46
108579,Harry Kane,FWD,2223,2324,PL,England,30,3,15,8,0,7.44,23.0,47
138892,João Cancelo,DEF,2223,2324,PL,England,2,1,29,4,0,6.92,23.0,29
934386,Jérémy Doku,MID,2223,2324,L1,France,6,2,25,1,0,7.15,12.583,10
857574,Andriy Lunin,GK,2223,2324,LaLiga,Spain,0,0,0,3,12,6.81,16.571,19
592010,Mikel Merino,MID,2223,2324,LaLiga,Spain,2,9,77,8,0,7.11,16.571,21
856076,David Raum,DEF,2223,2324,Bund,Germany,0,2,39,2,0,6.89,17.125,20
16206,Yann Sommer,GK,2223,2324,Bund,Germany,0,0,1,8,77,6.9,17.125,24
556866,Gregor Kobel,GK,2223,2324,Bund,Germany,0,0,0,11,88,7.07,17.125,39
577726,Ramy Bensebaini,DEF,2223,2324,Bund,Germany,6,1,34,8,0,7.08,17.125,15
70988,Thibaut Courtois,GK,2223,2324,LaLiga,Spain,0,0,1,10,90,7.13,16.571,5
259117,Joshua Kimmich,MID,2223,2324,Bund,Germany,5,6,78,8,0,7.73,17.125,22
902029,Vitinha,MID,2223,2324,L1,France,2,3,58,3,0,6.85,12.583,20
288205,Bruno Fernandes,MID,2223,2324,PL,England,8,8,68,16,0,7.56,23.0,21
945122,Matheus Nunes,DEF,2223,2324,PL,England,1,1,67,4,0,6.77,23.0,8
189061,Jack Grealish,MID,2223,2324,PL,England,5,7,25,6,0,7.34,23.0,8
45853,İlkay Gündoğan,MID,2223,2324,PL,England,8,4,30,6,0,7.13,23.0,15
547838,Dani Ceballos,MID,2223,2324,LaLiga,Spain,0,4,43,2,0,6.93,16.571,6
941669,Dmytro Riznyk,GK,2223,2324,Ukraine,Ukraine,0,0,0,0,0,0,5.7,16
875136,Noa Lang,MID,2223,2324,Belgium,Belgium,9,7,29,4,0,7.26,14.2,0
964994,Joško Gvardiol,DEF,2223,2324,Bund,Germany,1,0,24,5,0,6.94,17.125,15
135700,Hakan Çalhanoğlu,MID,2223,2324,SerieA,Italy,3,6,48,3,0,7.31,22.357,9
1190933,João Neves,MID,2223,2324,Portugal,Portugal,1,0,26,3,0,6.86,12.5,8
1088896,Johan Bakayoko,MID,2223,2324,Ered,Netherlands,5,5,35,1,0,7.05,13.5,12
22209,Ørjan Nyland,GK,2223,2324,Bund,Germany,0,1,0,1,4,7.15,17.125,2
818244,Ousmane Dembélé,FWD,2223,2324,LaLiga,Spain,5,7,19,3,0,7.18,16.571,16
363856,Nicolò Barella,MID,2223,2324,SerieA,Italy,6,6,49,6,0,7.08,22.357,9
547410,Martin Ødegaard,MID,2223,2324,PL,England,15,7,36,5,0,7.35,23.0,19
850816,Joey Veerman,MID,2223,2324,Ered,Netherlands,4,10,52,7,0,7.65,13.5,4
1010231,Jamal Musiala,MID,2223,2324,Bund,Germany,12,10,34,1,0,7.05,17.125,18
794839,Gabriel Jesus,FWD,2223,2324,PL,England,11,6,33,6,0,7.07,23.0,27
789071,Dani Olmo,MID,2223,2324,Bund,Germany,2,5,15,1,0,7.04,17.125,6
592794,Alex Meret,GK,2223,2324,SerieA,Italy,0,0,0,16,69,6.97,22.357,19
319857,Benjamin Henrichs,DEF,2223,2324,Bund,Germany,2,2,73,5,0,6.91,17.125,13
814594,Achraf Hakimi,DEF,2223,2324,L1,France,5,3,54,8,0,6.92,12.583,23
1149127,Arthur Vermeeren,MID,2223,2324,Belgium,Belgium,1,2,64,11,0,6.98,14.2,17
1402912,Lamine Yamal,MID,2223,2324,LaLiga,Spain,0,0,0,0,0,6.2,16.571,9
851284,Rafael Leão,MID,2223,2324,SerieA,Italy,15,8,8,3,0,7.09,22.357,9
69768,Jan Oblak,GK,2223,2324,LaLiga,Spain,0,0,0,11,61,6.93,16.571,20
353282,Oleksandr Zubkov,FWD,2223,2324,Ukraine,Ukraine,5,3,0,0,0,0,5.7,9
886223,Stephen Eustaquio,MID,2223,2324,Portugal,Portugal,2,5,57,5,0,6.99,12.5,10
153257,Giovanni Di Lorenzo,DEF,2223,2324,SerieA,Italy,3,4,60,17,0,7.17,22.357,23
889259,Khvicha Kvaratskhelia,MID,2223,2324,SerieA,Italy,12,10,43,3,0,7.3,22.357,6
856714,Declan Rice,MID,2223,2324,PL,England,4,2,79,9,0,7.19,23.0,9
839956,Erling Haaland,FWD,2223,2324,PL,England,36,8,3,6,0,7.36,23.0,28
184661,Leon Goretzka,MID,2223,2324,Bund,Germany,3,2,43,2,0,7,17.125,11
798583,Dayot Upamecano,DEF,2223,2324,Bund,Germany,0,1,65,6,0,6.81,17.125,13
784655,Fabián Ruiz,MID,2223,2324,L1,France,3,2,62,3,0,7.07,12.583,11
855833,Ferran Torres,FWD,2223,2324,LaLiga,Spain,4,2,13,4,0,6.79,16.571,16
353138,Marcos Llorente,MID,2223,2324,LaLiga,Spain,1,2,32,5,0,6.97,16.571,6
318941,Rúben Dias,DEF,2223,2324,PL,England,0,0,21,7,0,6.98,23.0,7
383560,Manuel Akanji,DEF,2223,2324,PL,England,0,1,36,6,0,6.85,23.0,16
581310,David Raya,GK,2223,2324,PL,England,0,0,0,12,154,7.18,23.0,21
235672,Matteo Politano,MID,2223,2324,SerieA,Italy,3,3,18,0,0,6.93,22.357,9
827212,Jules Koundé,DEF,2223,2324,LaLiga,Spain,1,3,37,18,0,7.1,16.571,11
37151,Henrikh Mkhitaryan,MID,2223,2324,SerieA,Italy,3,2,41,1,0,6.88,22.357,4
1086417,Rasmus Højlund,FWD,2223,2324,SerieA,Italy,9,2,4,0,0,6.73,22.357,20
917087,Kang-in Lee,MID,2223,2324,LaLiga,Spain,6,6,42,3,0,7.13,16.571,10
331209,Bernardo Silva,MID,2223,2324,PL,England,4,5,44,3,0,6.89,23.0,13
973887,Eduardo Camavinga,MID,2223,2324,LaLiga,Spain,0,1,68,7,0,6.87,16.571,14
922573,Gabriel Martinelli,MID,2223,2324,PL,England,15,5,31,6,0,7.17,23.0,15
992587,Pedri,MID,2223,2324,LaLiga,Spain,6,1,39,10,0,7.28,16.571,12
940871,Nico Schlotterbeck,DEF,2223,2324,Bund,Germany,4,5,59,8,0,7.27,17.125,34
966575,Rodrigo Zalazar,MID,2223,2324,Bund,Germany,1,6,16,1,0,6.85,17.125,9
84539,Koke,MID,2223,2324,LaLiga,Spain,0,3,55,3,0,6.88,16.571,9
910536,Rodrygo,MID,2223,2324,LaLiga,Spain,9,8,17,4,0,7.1,16.571,34
149380,Harry Maguire,DEF,2223,2324,PL,England,0,0,8,5,0,6.95,23.0,10
97001,João Mário,FWD,2223,2324,Portugal,Portugal,17,7,45,9,0,7.35,12.5,12
989768,Nuno Mendes,DEF,2223,2324,L1,France,1,5,45,2,0,7.02,12.583,3
332155,Amir Rrahmani,DEF,2223,2324,SerieA,Italy,2,1,33,10,0,7.18,22.357,15
1136731,Rico Lewis,DEF,2223,2324,PL,England,0,0,16,1,0,6.83,23.0,15
293519,Leroy Sané,MID,2223,2324,Bund,Germany,8,7,38,2,0,6.87,17.125,17
835600,Davide Frattesi,MID,2223,2324,SerieA,Italy,7,0,63,3,0,6.9,22.357,16
831808,Federico Valverde,MID,2223,2324,LaLiga,Spain,7,4,31,6,0,7.25,16.571,14
187205,Milan Škriniar,DEF,2223,2324,SerieA,Italy,0,0,29,8,0,6.77,22.357,18
566102,Davinson Sánchez,DEF,2223,2324,PL,England,0,0,24,2,0,6.76,23.0,8
319129,Luka Jović,FWD,2223,2324,SerieA,Italy,6,3,6,2,0,6.8,22.357,0
866469,Bruno Guimarães,MID,2223,2324,PL,England,4,5,78,9,0,7.17,23.0,8
308182,Ivan Provedel,GK,2223,2324,SerieA,Italy,0,0,1,21,100,7.11,22.357,25
142622,Antonio Rüdiger,DEF,2223,2324,LaLiga,Spain,1,0,18,10,0,6.85,16.571,21
138605,Piotr Zieliński,MID,2223,2324,SerieA,Italy,3,8,17,1,0,7.14,22.357,6
787505,Benjamin Pavard,DEF,2223,2324,Bund,Germany,4,1,70,9,0,7.36,17.125,10
133908,Marcel Sabitzer,MID,2223,2324,PL,England,0,1,12,1,0,6.82,23.0,29
882664,Pepê,MID,2223,2324,Portugal,Portugal,4,7,41,11,0,7.05,12.5,16
980418,Sacha Boey,DEF,2223,2324,SuperLig,Turkey,1,4,87,13,0,7.14,11.8,12
155995,Marquinhos,DEF,2223,2324,L1,France,2,0,33,10,0,7.03,12.583,20
803031,Matthijs de Ligt,DEF,2223,2324,Bund,Germany,3,1,32,7,0,7.06,17.125,13
831799,Nahuel Molina,DEF,2223,2324,LaLiga,Spain,4,2,69,9,0,6.88,16.571,18
803039,Donyell Malen,FWD,2223,2324,Bund,Germany,9,5,13,1,0,7.09,17.125,5
824509,Gianluigi Donnarumma,GK,2223,2324,L1,France,0,0,1,13,124,7.06,12.583,24
149663,Nathan Aké,DEF,2223,2324,PL,England,1,0,26,6,0,7,23.0,1
1142672,Warren Zaïre-Emery,MID,2223,2324,L1,France,2,0,17,0,0,6.55,12.583,22
232422,Kepa Arrizabalaga,GK,2223,2324,PL,England,0,0,2,9,91,7.09,23.0,7
966837,Martín Zubimendi,MID,2223,2324,LaLiga,Spain,1,3,59,12,0,6.9,16.571,10
8959,Manuel Neuer,GK,2223,2324,Bund,Germany,0,0,0,4,33,7.11,17.125,22
186795,Andreas Christensen,DEF,2223,2324,LaLiga,Spain,1,1,20,8,0,7.05,16.571,13
1103693,Gavi,MID,2223,2324,LaLiga,Spain,2,4,47,12,0,6.88,16.571,6
847030,Noussair Mazraoui,DEF,2223,2324,Bund,Germany,1,4,29,1,0,6.92,17.125,8
859025,Aurélien Tchouaméni,MID,2223,2324,LaLiga,Spain,0,4,64,5,0,7.13,16.571,4
903324,Kerem Aktürkoğlu,MID,2223,2324,SuperLig,Turkey,9,11,28,5,0,7.17,11.8,11
788921,Florian Sotoca,FWD,2223,2324,L1,France,7,9,39,10,0,7.26,12.583,6
754794,Lucas Torreira,MID,2223,2324,SuperLig,Turkey,0,0,86,4,0,7.09,11.8,3
925097,Ronald Araújo,DEF,2223,2324,LaLiga,Spain,0,2,26,12,0,7.03,16.571,8
136710,Mateo Kovačić,MID,2223,2324,PL,England,1,2,36,1,0,6.76,23.0,2
1142588,Pablo Barrios,MID,2223,2324,LaLiga,Spain,0,1,19,0,0,6.64,16.571,9
284361,Federico Dimarco,DEF,2223,2324,SerieA,Italy,4,3,31,1,0,7.17,22.357,6
325355,José María Giménez,DEF,2223,2324,LaLiga,Spain,2,1,43,10,0,7.17,16.571,3
843115,Diogo Costa,GK,2223,2324,Portugal,Portugal,0,0,0,16,63,6.95,12.5,14
807771,Dávid Hancko,DEF,2223,2324,Ered,Netherlands,2,4,71,10,0,7.39,13.5,11
369650,Jonathan Gradit,DEF,2223,2324,L1,France,1,3,62,9,0,7.09,12.583,6
893549,Tijjani Reijnders,MID,2223,2324,Ered,Netherlands,3,7,36,12,0,7.32,13.5,4
844234,Jerdy Schouten,MID,2223,2324,SerieA,Italy,0,2,63,3,0,6.9,22.357,5
826188,Alessandro Bastoni,DEF,2223,2324,SerieA,Italy,0,2,41,6,0,6.99,22.357,13
843665,Alphonso Davies,DEF,2223,2324,Bund,Germany,1,4,45,6,0,6.95,17.125,14
353130,Mario Hermoso,DEF,2223,2324,LaLiga,Spain,3,2,22,8,0,6.93,16.571,16
125407,Álvaro Morata,FWD,2223,2324,LaLiga,Spain,13,2,16,1,0,6.89,16.571,24
846036,Ben White,DEF,2223,2324,PL,England,2,5,60,9,0,6.91,23.0,18
852404,Mattéo Guendouzi,MID,2223,2324,L1,France,2,4,39,4,0,6.9,12.583,7
795222,Frenkie de Jong,MID,2223,2324,LaLiga,Spain,2,4,46,11,0,7.24,16.571,3
190159,André Silva,FWD,2223,2324,Bund,Germany,4,3,12,2,0,6.7,17.125,0
822708,Amadou Haidara,MID,2223,2324,Bund,Germany,2,1,25,0,0,6.71,17.125,2
825838,Armando Obispo,DEF,2223,2324,Ered,Netherlands,2,1,23,5,0,6.94,13.5,0
791702,Marcus Thuram,FWD,2223,2324,Bund,Germany,13,6,14,5,0,7.02,17.125,5
178963,Abdülkerim Bardakcı,DEF,2223,2324,SuperLig,Turkey,3,3,43,14,0,7,11.8,6
826139,Reiss Nelson,MID,2223,2324,PL,England,3,2,4,0,0,7.07,23.0,8
892141,Santiago Giménez,FWD,2223,2324,Ered,Netherlands,15,2,11,2,0,6.91,13.5,11
787941,Frank Anguissa,MID,2223,2324,SerieA,Italy,3,5,53,11,0,6.97,22.357,12
822471,Victor Osimhen,FWD,2223,2324,SerieA,Italy,26,4,10,5,0,7.2,22.357,8
856739,Lutsharel Geertruida,DEF,2223,2324,Ered,Netherlands,3,2,48,10,0,7.13,13.5,8
805078,Mathías Olivera,DEF,2223,2324,SerieA,Italy,2,2,39,7,0,6.84,22.357,4
997035,Alejandro Balde,DEF,2223,2324,LaLiga,Spain,1,6,42,14,0,6.89,16.571,10
940054,Karim Adeyemi,FWD,2223,2324,Bund,Germany,6,5,16,1,0,6.78,17.125,13
835485,Brahim Díaz,MID,2223,2324,SerieA,Italy,6,7,32,0,0,6.91,22.357,15
823984,Lautaro Martínez,FWD,2223,2324,SerieA,Italy,21,6,25,5,0,7.23,22.357,9
914902,Anthony Gordon,MID,2223,2324,PL,England,4,0,48,0,0,6.65,23.0,3
1063767,Ismael Saibari,MID,2223,2324,Ered,Netherlands,0,2,15,0,0,6.67,13.5,6
879346,Scott McTominay,MID,2223,2324,PL,England,1,0,32,4,0,6.7,23.0,9
986395,Ricardo Pepi,FWD,2223,2324,Bund,Germany,0,0,1,0,0,6.63,17.125,7
187433,Serge Gnabry,MID,2223,2324,Bund,Germany,14,5,35,5,0,7.11,17.125,11
863653,Aaron Wan-Bissaka,DEF,2223,2324,PL,England,0,0,40,7,0,6.98,23.0,5
361004,Marco Asensio,MID,2223,2324,LaLiga,Spain,9,6,16,4,0,7.21,16.571,0
800951,Julian Ryerson,DEF,2223,2324,Bund,Germany,1,0,55,6,0,6.74,17.125,21
254491,Ederson,GK,2223,2324,PL,England,0,1,3,11,46,6.72,23.0,6
989113,Rodrigo Riquelme,MID,2223,2324,LaLiga,Spain,4,4,20,0,0,6.7,16.571,3
833562,Yehor Nazaryna,MID,2223,2324,Ukraine,Ukraine,1,0,0,0,0,0,5.7,4
906021,Sergiño Dest,DEF,2223,2324,SerieA,Italy,0,0,12,0,0,6.51,22.357,11
152077,John Stones,DEF,2223,2324,PL,England,2,2,23,5,0,7.03,23.0,3
787751,Robin Le Normand,DEF,2223,2324,LaLiga,Spain,0,0,36,13,0,6.92,16.571,10
352370,Lucas Hernández,DEF,2223,2324,Bund,Germany,0,0,6,1,0,6.87,17.125,15
138156,Emre Can,DEF,2223,2324,Bund,Germany,2,1,57,6,0,7.02,17.125,22
814590,Marcus Rashford,MID,2223,2324,PL,England,17,5,20,6,0,6.89,23.0,8
355492,Konrad Laimer,DEF,2223,2324,Bund,Germany,3,0,60,3,0,6.93,17.125,21
190839,Luke Shaw,DEF,2223,2324,PL,England,1,2,55,11,0,7.1,23.0,3
792073,Ferland Mendy,DEF,2223,2324,LaLiga,Spain,0,1,21,2,0,6.69,16.571,12
987510,Zaidu Sanusi,DEF,2223,2324,Portugal,Portugal,0,0,15,1,0,6.74,12.5,2
150383,Stanislav Lobotka,MID,2223,2324,SerieA,Italy,1,1,83,8,0,7.05,22.357,4
904835,Fábio Vieira,MID,2223,2324,PL,England,1,2,6,0,0,6.7,23.0,0
996952,Bradley Barcola,MID,2223,2324,L1,France,5,8,25,1,0,6.88,12.583,12
138152,Kaan Ayhan,DEF,2223,2324,SerieA,Italy,0,0,10,1,0,6.68,22.357,2
941168,William Saliba,DEF,2223,2324,PL,England,2,1,34,11,0,6.96,23.0,19
851271,Fran García,DEF,2223,2324,LaLiga,Spain,2,3,84,9,0,6.79,16.571,3
958923,Artem Bondarenko,MID,2223,2324,Ukraine,Ukraine,8,5,0,0,0,0,5.7,1
836705,Kai Havertz,FWD,2223,2324,PL,England,7,1,34,4,0,6.84,23.0,9
929199,Carlos Augusto,DEF,2223,2324,SerieA,Italy,6,5,73,7,0,6.98,22.357,7
985823,Ayase Ueda,FWD,2223,2324,Belgium,Belgium,22,2,16,5,0,7.05,14.2,0
1142175,Kobbie Mainoo,MID,2223,2324,PL,England,0,0,0,0,0,6.5,23.0,0
1099117,Samson Baidoo,DEF,2223,2324,AutBund,Austria,0,0,8,1,0,7.25,4.9,3
848355,Angeliño,DEF,2223,2324,Bund,Germany,0,9,40,5,0,7,17.125,2
958380,Antony,MID,2223,2324,PL,England,4,2,22,3,0,6.9,23.0,2
907463,Felix Nmecha,MID,2223,2324,Bund,Germany,3,5,41,2,0,7,17.125,8
823941,Alexander Isak,FWD,2223,2324,PL,England,10,1,18,1,0,7.01,23.0,4
954056,Nico González,MID,2223,2324,LaLiga,Spain,1,1,27,1,0,6.73,16.571,1
822519,Éder Militão,DEF,2223,2324,LaLiga,Spain,5,0,46,10,0,7.24,16.571,0
976421,Castello Lukeba,DEF,2223,2324,L1,France,2,0,39,6,0,6.98,12.583,2
838232,Eljif Elmas,MID,2223,2324,SerieA,Italy,6,3,24,1,0,6.85,22.357,0
39070,Olivier Giroud,FWD,2223,2324,SerieA,Italy,13,5,8,1,0,6.96,22.357,8
976037,Jakub Kiwior,DEF,2223,2324,PL,England,1,0,7,1,0,6.74,23.0,2
987818,Maurits Kjaergaard,MID,2223,2324,AutBund,Austria,2,5,40,4,0,7.08,4.9,4
26768,Sven Ulreich,GK,2223,2324,Bund,Germany,0,0,1,2,6,6.9,17.125,2
37096,Péter Gulácsi,GK,2223,2324,Bund,Germany,0,0,0,2,17,6.87,17.125,2
850993,David Neres,MID,2223,2324,Portugal,Portugal,6,8,21,1,0,7.05,12.5,0
759520,Denzel Dumfries,DEF,2223,2324,SerieA,Italy,1,4,35,2,0,6.84,22.357,4
957937,Casper Tengstedt,FWD,2223,2324,Elite,Norway,15,6,9,1,0,8.01,5.75,3
579576,Ruben Aguilar,DEF,2223,2324,L1,France,0,0,19,2,0,6.57,12.583,1
319853,Lukas Klostermann,DEF,2223,2324,Bund,Germany,0,0,16,4,0,6.78,17.125,2
843200,Diogo Dalot,DEF,2223,2324,PL,England,1,2,54,9,0,7.05,23.0,6
893499,Mauro Júnior,DEF,2223,2324,Ered,Netherlands,0,0,5,0,0,6.53,13.5,0
986397,Benjamin Šeško,FWD,2223,2324,AutBund,Austria,16,3,12,3,0,6.93,4.9,9
1102788,Dorgeles Nene,FWD,2223,2324,Belgium,Belgium,13,3,35,0,0,6.96,14.2,1
976575,Nicolas Seiwald,MID,2223,2324,AutBund,Austria,3,2,83,12,0,7.35,4.9,3
825956,Christoph Baumgartner,MID,2223,2324,Bund,Germany,7,3,36,1,0,6.92,17.125,1
904096,Barış Alper Yılmaz,MID,2223,2324,SuperLig,Turkey,4,2,19,0,0,6.78,11.8,3
758608,Çağlar Söyüncü,DEF,2223,2324,PL,England,1,0,14,0,0,6.93,23.0,0
979221,Gonçalo Borges,MID,2223,2324,Portugal,Portugal,0,0,3,0,0,6.66,12.5,0
947929,Jesper Lindstrøm,MID,2223,2324,Bund,Germany,7,2,26,1,0,6.77,17.125,2
599114,Jean Butez,GK,2223,2324,Belgium,Belgium,0,0,0,20,87,6.96,14.2,5
994546,Elliot Anderson,MID,2223,2324,PL,England,0,1,11,0,0,6.65,23.0,0
836694,Mason Mount,MID,2223,2324,PL,England,3,2,33,3,0,7.05,23.0,0
845798,Guus Til,MID,2223,2324,Ered,Netherlands,9,3,35,1,0,6.81,13.5,0
1135873,Alejandro Garnacho,MID,2223,2324,PL,England,3,2,5,0,0,6.55,23.0,6
1035752,Giorgi Gocholeishvili,DEF,2223,2324,Ukraine,Ukraine,1,0,0,0,0,0,5.7,15
143334,Victor Lindelöf,DEF,2223,2324,PL,England,0,0,22,5,0,6.88,23.0,0
904859,Dmytro Kryskiv,MID,2223,2324,Ukraine,Ukraine,5,3,0,0,0,0,5.7,3
846425,Manuel Ugarte,MID,2223,2324,Portugal,Portugal,0,0,121,2,0,7.05,12.5,3
1030711,David Jurásek,DEF,2223,2324,Czech,Czechia,2,7,42,11,0,7,6.75,2
859999,Lisandro Martínez,DEF,2223,2324,PL,England,1,0,54,8,0,7.12,23.0,0
797279,Bart Nieuwkoop,DEF,2223,2324,Belgium,Belgium,3,3,78,6,0,6.88,14.2,1
1003007,Tanguy Nianzou,DEF,2223,2324,LaLiga,Spain,1,0,20,2,0,6.62,16.571,0
877037,Cyril Ngonge,FWD,2223,2324,SerieA,Italy,5,1,9,0,0,6.85,22.357,0
845291,Josep Martínez,GK,2324,2425,SerieA,Italy,0,0,0,8,88,7.07,21.0,5
831005,Raphinha,MID,2324,2425,LaLiga,Spain,6,9,14,2,0,7.28,16.062,99
1019322,Florian Wirtz,MID,2324,2425,Bund,Germany,11,11,27,4,0,7.63,19.357,35
259117,Joshua Kimmich,MID,2324,2425,Bund,Germany,1,6,45,6,0,7.42,19.357,21
548848,Pau López,GK,2324,2425,L1,France,0,0,0,7,90,6.94,16.25,1
945122,Matheus Nunes,DEF,2324,2425,PL,England,0,2,13,1,0,6.8,17.375,29
253809,Rui Silva,GK,2324,2425,LaLiga,Spain,0,0,0,9,87,7.12,16.062,7
108579,Harry Kane,FWD,2324,2425,Bund,Germany,36,8,13,8,0,7.76,19.357,52
987818,Maurits Kjaergaard,MID,2324,2425,AutBund,Austria,2,5,15,5,0,7.25,4.8,0
1402912,Lamine Yamal,MID,2324,2425,LaLiga,Spain,5,5,61,5,0,7.34,16.062,39
824200,Ademola Lookman,MID,2324,2425,SerieA,Italy,11,7,20,1,0,7.25,21.0,29
38710,Ivan Perišić,MID,2324,2425,PL,England,0,1,3,0,0,7.02,17.375,18
941669,Dmytro Riznyk,GK,2324,2425,Ukraine,Ukraine,0,0,0,13,56,6.92,4.1,21
177177,Alejandro Grimaldo,DEF,2324,2425,Bund,Germany,10,13,45,13,0,7.75,19.357,29
818244,Ousmane Dembélé,FWD,2324,2425,L1,France,3,8,19,3,0,7.38,16.25,52
978838,Michael Olise,MID,2324,2425,PL,England,10,6,19,1,0,7.74,17.375,35
827606,Rodri,MID,2324,2425,PL,England,8,9,70,11,0,8.01,17.375,2
889259,Khvicha Kvaratskhelia,MID,2324,2425,SerieA,Italy,11,6,42,2,0,7.48,21.0,29
859765,Phil Foden,MID,2324,2425,PL,England,19,8,31,8,0,7.79,17.375,20
934235,Bukayo Saka,MID,2324,2425,PL,England,16,9,66,3,0,7.72,17.375,42
1010231,Jamal Musiala,MID,2324,2425,Bund,Germany,10,6,40,0,0,7.49,19.357,33
814594,Achraf Hakimi,DEF,2324,2425,L1,France,4,5,29,5,0,7.34,16.25,79
895324,Alexis Mac Allister,MID,2324,2425,PL,England,5,5,99,4,0,7.24,17.375,21
944656,Julián Alvarez,FWD,2324,2425,PL,England,11,9,24,4,0,7.36,17.375,35
910536,Rodrygo,MID,2324,2425,LaLiga,Spain,10,5,16,4,0,7.31,16.062,38
902029,Vitinha,MID,2324,2425,L1,France,7,4,39,5,0,7.49,16.25,27
868812,Vinícius Júnior,MID,2324,2425,LaLiga,Spain,15,5,18,4,0,7.33,16.062,50
353138,Marcos Llorente,MID,2324,2425,LaLiga,Spain,6,4,40,4,0,7,16.062,30
352882,Nuno Santos,MID,2324,2425,Portugal,Portugal,4,10,26,5,0,7.37,11.0,6
328027,Serhou Guirassy,FWD,2324,2425,Bund,Germany,28,2,6,6,0,7.72,19.357,64
70988,Thibaut Courtois,GK,2324,2425,LaLiga,Spain,0,0,1,3,16,8,16.062,21
992587,Pedri,MID,2324,2425,LaLiga,Spain,4,2,33,1,0,7.22,16.062,19
901882,Angelo Stiller,MID,2324,2425,Bund,Germany,1,5,55,9,0,7.32,19.357,10
158263,Emiliano Martínez,GK,2324,2425,PL,England,0,0,0,8,95,7.1,17.375,36
839956,Erling Haaland,FWD,2324,2425,PL,England,27,5,6,6,0,7.36,17.375,33
940871,Nico Schlotterbeck,DEF,2324,2425,Bund,Germany,2,1,70,8,0,7.32,19.357,32
940054,Karim Adeyemi,FWD,2324,2425,Bund,Germany,3,1,16,0,0,6.69,19.357,28
895764,Pedro Gonçalves,MID,2324,2425,Portugal,Portugal,11,12,47,4,0,7.57,11.0,9
857574,Andriy Lunin,GK,2324,2425,LaLiga,Spain,0,0,0,10,48,7.2,16.062,2
16206,Yann Sommer,GK,2324,2425,SerieA,Italy,0,0,2,19,80,7.15,21.0,45
989768,Nuno Mendes,DEF,2324,2425,L1,France,1,1,5,0,0,7.03,16.25,63
990201,Jamie Leweling,MID,2324,2425,Bund,Germany,4,4,18,0,0,6.79,19.357,16
1154605,Désiré Doué,MID,2324,2425,L1,France,4,4,32,1,0,7.11,16.25,40
991011,Jude Bellingham,MID,2324,2425,LaLiga,Spain,19,6,42,9,0,8.05,16.062,33
804508,Viktor Gyökeres,FWD,2324,2425,Portugal,Portugal,29,10,16,13,0,7.92,11.0,27
1190933,João Neves,MID,2324,2425,Portugal,Portugal,3,1,65,9,0,7.41,11.0,29
1087364,Tiago Santos,DEF,2324,2425,L1,France,1,2,63,12,0,7.19,16.25,5
331737,Youri Tielemans,MID,2324,2425,PL,England,2,6,41,2,0,6.94,17.375,28
547410,Martin Ødegaard,MID,2324,2425,PL,England,8,10,49,13,0,7.67,17.375,22
836705,Kai Havertz,FWD,2324,2425,PL,England,13,7,35,8,0,7.23,17.375,21
978285,Wilfried Singo,DEF,2324,2425,L1,France,1,1,34,9,0,7.31,16.25,27
856714,Declan Rice,MID,2324,2425,PL,England,7,8,83,11,0,7.43,17.375,36
155995,Marquinhos,DEF,2324,2425,L1,France,0,1,19,5,0,7.26,16.25,33
152077,John Stones,DEF,2324,2425,PL,England,1,0,2,4,0,6.94,17.375,17
151545,Virgil van Dijk,DEF,2324,2425,PL,England,2,2,40,9,0,7.38,17.375,32
823984,Lautaro Martínez,FWD,2324,2425,SerieA,Italy,24,3,22,8,0,7.5,21.0,39
883537,Luis Díaz,MID,2324,2425,PL,England,8,5,35,1,0,7.19,17.375,20
954056,Nico González,MID,2324,2425,Portugal,Portugal,2,1,42,0,0,7.06,11.0,5
892141,Santiago Giménez,FWD,2324,2425,Ered,Netherlands,23,6,8,5,0,7.33,10.0,27
826643,Kylian Mbappé,FWD,2324,2425,L1,France,27,7,4,6,0,7.89,16.25,33
843665,Alphonso Davies,DEF,2324,2425,Bund,Germany,2,5,47,5,0,7.1,19.357,34
886242,Jakub Moder,MID,2324,2425,PL,England,0,0,19,0,0,6.65,17.375,9
934386,Jérémy Doku,MID,2324,2425,PL,England,3,8,39,0,0,7.42,17.375,5
581310,David Raya,GK,2324,2425,PL,England,0,0,1,16,46,6.85,17.375,34
100390,Marco Bizot,GK,2324,2425,L1,France,0,0,0,13,96,7.16,16.25,18
831808,Federico Valverde,MID,2324,2425,LaLiga,Spain,2,7,47,14,0,7.38,16.062,18
786259,Kostas Tsimikas,DEF,2324,2425,PL,England,0,3,19,3,0,7,17.375,4
862967,Cody Gakpo,FWD,2324,2425,PL,England,8,5,27,0,0,7.11,17.375,16
935564,Jonathan David,FWD,2324,2425,L1,France,19,4,26,2,0,7.22,16.25,35
826215,Ibrahima Konaté,DEF,2324,2425,PL,England,0,0,36,5,0,7.07,17.375,23
850816,Joey Veerman,MID,2324,2425,Ered,Netherlands,5,16,68,10,0,8.26,10.0,13
798583,Dayot Upamecano,DEF,2324,2425,Bund,Germany,1,0,34,5,0,6.96,19.357,23
845386,Federico Chiesa,MID,2324,2425,SerieA,Italy,9,2,20,3,0,7.12,21.0,1
1088896,Johan Bakayoko,MID,2324,2425,Ered,Netherlands,12,9,33,7,0,7.64,10.0,17
1046960,Ryan Flamingo,DEF,2324,2425,Ered,Netherlands,2,1,44,6,0,6.84,10.0,29
759520,Denzel Dumfries,DEF,2324,2425,SerieA,Italy,4,4,22,2,0,6.92,21.0,48
986395,Ricardo Pepi,FWD,2324,2425,Ered,Netherlands,7,2,9,1,0,6.83,10.0,11
814590,Marcus Rashford,MID,2324,2425,PL,England,7,2,19,5,0,6.9,17.375,7
784655,Fabián Ruiz,MID,2324,2425,L1,France,1,3,34,3,0,7.08,16.25,28
851284,Rafael Leão,MID,2324,2425,SerieA,Italy,9,9,16,6,0,7.42,21.0,21
789071,Dani Olmo,MID,2324,2425,Bund,Germany,4,5,26,3,0,7.21,19.357,15
592010,Mikel Merino,MID,2324,2425,LaLiga,Spain,5,3,77,9,0,7.22,16.062,28
50490,Wojciech Szczęsny,GK,2324,2425,SerieA,Italy,0,0,0,15,81,7.06,21.0,17
893549,Tijjani Reijnders,MID,2324,2425,SerieA,Italy,3,3,46,9,0,7.09,21.0,18
787505,Benjamin Pavard,DEF,2324,2425,SerieA,Italy,0,2,34,7,0,7.25,21.0,29
10406,Simon Mignolet,GK,2324,2425,Belgium,Belgium,0,0,0,11,71,7.06,14.4,24
996952,Bradley Barcola,MID,2324,2425,L1,France,4,7,39,2,0,7.03,16.25,32
355492,Konrad Laimer,DEF,2324,2425,Bund,Germany,0,3,56,4,0,6.98,19.357,23
135700,Hakan Çalhanoğlu,MID,2324,2425,SerieA,Italy,13,3,66,6,0,7.68,21.0,28
886365,Dominik Takáč,GK,2324,2425,Slovakia,Slovakia,0,0,0,14,88,6.98,5.0,12
1142251,Aleksandar Pavlović,MID,2324,2425,Bund,Germany,2,2,28,2,0,7.07,19.357,2
996953,Lucas Chevalier,GK,2324,2425,L1,France,0,0,3,15,93,7.13,16.25,14
859025,Aurélien Tchouaméni,MID,2324,2425,LaLiga,Spain,3,1,38,11,0,7.18,16.062,7
577726,Ramy Bensebaini,DEF,2324,2425,Bund,Germany,0,0,34,1,0,7.06,19.357,30
1401702,Ethan Nwaneri,MID,2324,2425,PL,England,0,0,0,0,0,6.9,17.375,12
1000483,Marc Casadó,MID,2324,2425,LaLiga,Spain,0,0,1,0,0,6.85,16.062,19
69768,Jan Oblak,GK,2324,2425,LaLiga,Spain,0,0,0,13,102,7.01,16.062,18
824509,Gianluigi Donnarumma,GK,2324,2425,L1,France,0,0,0,10,92,7.3,16.25,36
801030,Atakan Karazor,MID,2324,2425,Bund,Germany,0,4,72,7,0,7.11,19.357,6
284361,Federico Dimarco,DEF,2324,2425,SerieA,Italy,5,6,42,1,0,7.35,21.0,15
917087,Kang-in Lee,MID,2324,2425,L1,France,3,4,26,3,0,7.15,16.25,4
250223,John McGinn,MID,2324,2425,PL,England,6,4,59,4,0,7.11,17.375,27
1063767,Ismael Saibari,MID,2324,2425,Ered,Netherlands,5,4,31,2,0,7.31,10.0,28
1099352,Giuliano Simeone,MID,2324,2425,LaLiga,Spain,1,2,7,1,0,6.7,16.062,13
904897,Ryan Gravenberch,MID,2324,2425,PL,England,1,0,26,0,0,6.8,17.375,12
383560,Manuel Akanji,DEF,2324,2425,PL,England,2,0,42,11,0,7.24,17.375,12
1130939,Maghnes Akliouche,MID,2324,2425,L1,France,7,4,37,0,0,7.16,16.25,22
1138804,Hakon Arnar Haraldsson,MID,2324,2425,L1,France,2,0,12,0,0,6.71,16.25,12
118085,Hans Vanaken,MID,2324,2425,Belgium,Belgium,5,8,54,14,0,7.51,14.4,15
908716,Miguel Gutiérrez,DEF,2324,2425,LaLiga,Spain,2,7,29,10,0,7.02,16.062,13
788949,Maximilian Mittelstädt,DEF,2324,2425,Bund,Germany,2,4,91,8,0,7.3,19.357,16
803039,Donyell Malen,FWD,2324,2425,Bund,Germany,13,1,11,4,0,7.24,19.357,11
964994,Joško Gvardiol,DEF,2324,2425,PL,England,4,1,55,9,0,7.4,17.375,12
891510,Chris Führich,MID,2324,2425,Bund,Germany,8,7,30,1,0,7.24,19.357,8
1001196,Gonçalo Inácio,DEF,2324,2425,Portugal,Portugal,1,0,48,13,0,7.1,11.0,13
907463,Felix Nmecha,MID,2324,2425,Bund,Germany,1,2,19,2,0,6.86,19.357,16
1002837,Piero Hincapié,DEF,2324,2425,Bund,Germany,1,2,35,7,0,7.12,19.357,24
979480,Willian Pacho,DEF,2324,2425,Bund,Germany,0,2,62,7,0,6.95,19.357,33
957602,Riccardo Calafiori,DEF,2324,2425,SerieA,Italy,2,5,47,10,0,7.19,21.0,17
869856,Dominik Szoboszlai,MID,2324,2425,PL,England,3,2,32,4,0,7.15,17.375,14
800951,Julian Ryerson,DEF,2324,2425,Bund,Germany,4,1,41,4,0,6.96,19.357,23
903324,Kerem Aktürkoğlu,MID,2324,2425,SuperLig,Turkey,12,6,28,3,0,7.33,12.0,24
922573,Gabriel Martinelli,MID,2324,2425,PL,England,6,4,30,1,0,7.11,17.375,20
45853,İlkay Gündoğan,MID,2324,2425,LaLiga,Spain,5,9,31,10,0,7.48,16.062,11
138156,Emre Can,DEF,2324,2425,Bund,Germany,2,2,63,5,0,7.09,19.357,40
149663,Nathan Aké,DEF,2324,2425,PL,England,2,2,26,5,0,7.1,17.375,0
610766,Tammy Abraham,FWD,2324,2425,SerieA,Italy,1,0,3,0,0,6.76,21.0,12
875136,Noa Lang,MID,2324,2425,Ered,Netherlands,4,1,3,0,0,7.35,10.0,20
1085081,Álvaro Carreras,DEF,2324,2425,LaLiga,Spain,0,0,13,0,0,6.71,16.062,24
989841,Eduardo Quaresma,DEF,2324,2425,Portugal,Portugal,1,0,28,3,0,6.93,11.0,10
827679,Ezri Konsa,DEF,2324,2425,PL,England,1,0,54,6,0,6.94,17.375,25
827212,Jules Koundé,DEF,2324,2425,LaLiga,Spain,1,2,37,15,0,7.15,16.062,29
37151,Henrikh Mkhitaryan,MID,2324,2425,SerieA,Italy,2,8,62,7,0,7.22,21.0,11
791702,Marcus Thuram,FWD,2324,2425,SerieA,Italy,13,7,23,5,0,7.3,21.0,21
353282,Oleksandr Zubkov,FWD,2324,2425,Ukraine,Ukraine,5,5,0,0,0,7.96,4.1,14
325355,José María Giménez,DEF,2324,2425,LaLiga,Spain,0,0,18,5,0,6.83,16.062,19
822708,Amadou Haidara,MID,2324,2425,Bund,Germany,2,1,42,1,0,7.19,19.357,7
973887,Eduardo Camavinga,MID,2324,2425,LaLiga,Spain,0,2,76,3,0,7.19,16.062,8
100389,Marten de Roon,MID,2324,2425,SerieA,Italy,0,5,80,11,0,7.04,21.0,13
955245,Harvey Elliott,MID,2324,2425,PL,England,3,6,27,0,0,7.13,17.375,15
184661,Leon Goretzka,MID,2324,2425,Bund,Germany,6,7,41,4,0,7.41,19.357,16
976575,Nicolas Seiwald,MID,2324,2425,Bund,Germany,0,2,33,0,0,6.7,19.357,8
934385,Maarten Vandevoordt,GK,2324,2425,Belgium,Belgium,0,0,0,13,116,7.12,14.4,1
835485,Brahim Díaz,MID,2324,2425,LaLiga,Spain,8,6,29,1,0,7.2,16.062,15
95494,Tigran Barseghyan,MID,2324,2425,Slovakia,Slovakia,13,11,25,3,0,7.64,5.0,12
927353,Curtis Jones,MID,2324,2425,PL,England,1,1,27,0,0,6.72,17.375,8
898815,Sam Beukema,DEF,2324,2425,SerieA,Italy,1,1,27,11,0,6.81,21.0,13
958959,Jurriën Timber,DEF,2324,2425,PL,England,0,0,2,0,0,6.7,17.375,17
363856,Nicolò Barella,MID,2324,2425,SerieA,Italy,2,3,46,8,0,7.08,21.0,15
556866,Gregor Kobel,GK,2324,2425,Bund,Germany,0,0,0,7,85,7.19,19.357,29
98212,Charalampos Lykogiannis,DEF,2324,2425,SerieA,Italy,2,1,10,1,0,6.77,21.0,5
1136731,Rico Lewis,DEF,2324,2425,PL,England,2,0,10,0,0,6.99,17.375,18
826188,Alessandro Bastoni,DEF,2324,2425,SerieA,Italy,1,3,46,9,0,7.35,21.0,23
227672,Jonathan Tah,DEF,2324,2425,Bund,Germany,4,1,19,12,0,7.17,19.357,22
189061,Jack Grealish,MID,2324,2425,PL,England,3,1,13,1,0,7.24,17.375,7
927407,Josip Stanišić,DEF,2324,2425,Bund,Germany,3,1,38,8,0,7.2,19.357,3
248331,Brandon Mechele,DEF,2324,2425,Belgium,Belgium,5,0,66,15,0,7.19,14.4,19
980418,Sacha Boey,DEF,2324,2425,Bund,Germany,0,0,2,0,0,6.35,19.357,1
859917,Morten Hjulmand,MID,2324,2425,Portugal,Portugal,3,2,60,8,0,7.04,11.0,9
855833,Ferran Torres,FWD,2324,2425,LaLiga,Spain,7,2,9,2,0,6.93,16.062,15
965357,Osame Sahraoui,MID,2324,2425,Ered,Netherlands,8,4,17,1,0,6.86,10.0,14
893499,Mauro Júnior,DEF,2324,2425,Ered,Netherlands,1,0,18,2,0,7.05,10.0,11
1001140,Geny Catamo,MID,2324,2425,Portugal,Portugal,5,3,25,2,0,6.99,11.0,9
70996,Kevin De Bruyne,MID,2324,2425,PL,England,4,10,14,1,0,7.93,17.375,2
941168,William Saliba,DEF,2324,2425,PL,England,2,1,41,18,0,7.04,17.375,25
361004,Marco Asensio,MID,2324,2425,L1,France,4,5,12,1,0,7.25,16.25,16
864169,Pau Torres,DEF,2324,2425,PL,England,2,0,29,6,0,6.84,17.375,25
976263,Ian Maatsen,DEF,2324,2425,PL,England,0,0,3,0,0,6.43,17.375,19
923973,Amadou Onana,MID,2324,2425,PL,England,2,0,71,5,0,7.06,17.375,8
125407,Álvaro Morata,FWD,2324,2425,LaLiga,Spain,15,3,16,1,0,6.98,16.062,10
986397,Benjamin Šeško,FWD,2324,2425,Bund,Germany,14,2,13,1,0,6.97,19.357,17
863271,Jeff Chabot,DEF,2324,2425,Bund,Germany,0,0,59,2,0,7.09,19.357,7
51665,Benjamin André,MID,2324,2425,L1,France,4,0,89,12,0,7.12,16.25,6
1153270,Fermín López,MID,2324,2425,LaLiga,Spain,8,0,41,1,0,6.93,16.062,16
187433,Serge Gnabry,MID,2324,2425,Bund,Germany,3,1,8,0,0,7.18,19.357,7
293519,Leroy Sané,MID,2324,2425,Bund,Germany,8,11,15,7,0,7.65,19.357,9
970361,Jeremie Frimpong,DEF,2324,2425,Bund,Germany,9,7,26,3,0,7.27,19.357,23
547838,Dani Ceballos,MID,2324,2425,LaLiga,Spain,0,2,10,2,0,6.77,16.062,8
353130,Mario Hermoso,DEF,2324,2425,LaLiga,Spain,0,1,46,8,0,7.02,16.062,1
822519,Éder Militão,DEF,2324,2425,LaLiga,Spain,0,0,7,3,0,6.84,16.062,1
142622,Antonio Rüdiger,DEF,2324,2425,LaLiga,Spain,1,0,26,14,0,6.93,16.062,20
794298,Deniz Undav,FWD,2324,2425,Bund,Germany,18,9,28,1,0,7.65,19.357,7
807771,Dávid Hancko,DEF,2324,2425,Ered,Netherlands,5,2,38,16,0,7.51,10.0,18
1473491,Senny Mayulu,MID,2324,2425,L1,France,0,1,13,0,0,6.85,16.25,10
318927,Joe Gomez,DEF,2324,2425,PL,England,0,1,47,5,0,6.89,17.375,4
84539,Koke,MID,2324,2425,LaLiga,Spain,0,4,66,7,0,7.06,16.062,6
138605,Piotr Zieliński,MID,2324,2425,SerieA,Italy,3,2,23,1,0,7.1,21.0,8
965011,Matteo Ruggeri,DEF,2324,2425,SerieA,Italy,0,4,29,1,0,6.87,21.0,1
136924,Willi Orbán,DEF,2324,2425,Bund,Germany,0,0,20,5,0,7.06,19.357,5
906278,Josha Vagnoman,DEF,2324,2425,Bund,Germany,2,2,28,2,0,6.84,19.357,17
1391541,Ngal'ayel Mukau,MID,2324,2425,Belgium,Belgium,0,0,72,5,0,6.95,14.4,12
1126512,Zeno Debast,DEF,2324,2425,Belgium,Belgium,0,0,54,8,0,7.01,14.4,16
254491,Ederson,GK,2324,2425,PL,England,0,0,0,10,57,7,17.375,13
1402698,Ethan Mbappé,MID,2324,2425,L1,France,0,0,0,0,0,6.6,16.25,1
925097,Ronald Araújo,DEF,2324,2425,LaLiga,Spain,1,2,27,7,0,7.03,16.062,10
833956,Matty Cash,DEF,2324,2425,PL,England,2,2,54,2,0,6.89,17.375,8
1102788,Dorgeles Nene,FWD,2324,2425,AutBund,Austria,5,2,20,0,0,6.91,4.8,4
133908,Marcel Sabitzer,MID,2324,2425,Bund,Germany,4,3,39,7,0,7.12,19.357,5
96538,Lucas Digne,DEF,2324,2425,PL,England,1,3,47,3,0,6.87,17.375,12
1142672,Warren Zaïre-Emery,MID,2324,2425,L1,France,2,3,51,5,0,7.05,16.25,10
795064,Trent Alexander-Arnold,DEF,2324,2425,PL,England,3,4,39,4,0,7.31,17.375,15
795222,Frenkie de Jong,MID,2324,2425,LaLiga,Spain,2,0,43,6,0,7.45,16.062,7
906275,Yann Bisseck,DEF,2324,2425,SerieA,Italy,2,0,14,6,0,7.11,21.0,10
1047395,Couhaib Driouech,MID,2324,2425,Ered,Netherlands,6,6,36,0,0,7.18,10.0,5
997035,Alejandro Balde,DEF,2324,2425,LaLiga,Spain,0,1,20,3,0,6.84,16.062,20
555386,Ollie Watkins,FWD,2324,2425,PL,England,19,13,12,4,0,7.32,17.375,16
136710,Mateo Kovačić,MID,2324,2425,PL,England,1,0,36,3,0,7.02,17.375,6
1091116,Arda Güler,MID,2324,2425,LaLiga,Spain,6,0,6,1,0,7.27,16.062,0
331209,Bernardo Silva,MID,2324,2425,PL,England,6,9,51,9,0,7.53,17.375,4
976037,Jakub Kiwior,DEF,2324,2425,PL,England,1,3,20,5,0,6.95,17.375,17
825956,Christoph Baumgartner,MID,2324,2425,Bund,Germany,5,1,26,0,0,6.79,19.357,15
808590,Leon Bailey,MID,2324,2425,PL,England,10,9,13,0,0,7.13,17.375,9
141203,Kevin Wimmer,DEF,2324,2425,Slovakia,Slovakia,0,1,21,8,0,6.98,5.0,8
98435,Ross Barkley,MID,2324,2425,PL,England,5,4,47,1,0,7.17,17.375,6
856076,David Raum,DEF,2324,2425,Bund,Germany,2,8,58,5,0,7.38,19.357,5
1138428,James McConnell,MID,2324,2425,PL,England,0,0,0,0,0,6.5,17.375,1
994556,Carney Chukwuemeka,MID,2324,2425,PL,England,1,1,6,0,0,6.67,17.375,1
303638,Tyrone Mings,DEF,2324,2425,PL,England,0,0,0,0,0,6.6,17.375,1
1194333,Abdukodir Khusanov,DEF,2324,2425,L1,France,0,0,21,3,0,6.85,16.25,0
1402908,Héctor Fort,DEF,2324,2425,LaLiga,Spain,0,2,6,0,0,6.71,16.062,1
799046,Waldemar Anton,DEF,2324,2425,Bund,Germany,0,3,39,9,0,7.13,19.357,8
1008402,Conor Bradley,DEF,2324,2425,PL,England,1,3,33,0,0,7.32,17.375,6
989113,Rodrigo Riquelme,MID,2324,2425,LaLiga,Spain,3,5,30,1,0,6.87,16.062,1
826204,Boubacar Kamara,MID,2324,2425,PL,England,0,1,43,4,0,6.97,17.375,5
929199,Carlos Augusto,DEF,2324,2425,SerieA,Italy,0,3,29,6,0,6.96,21.0,17
1218066,Anis Hadj Moussa,MID,2324,2425,Ered,Netherlands,1,2,6,0,0,6.94,10.0,18
1149144,Matías Fernández-Pardo,MID,2324,2425,Belgium,Belgium,8,2,5,3,0,7.18,14.4,5
1120701,Isaac Babadi,MID,2324,2425,Ered,Netherlands,1,0,8,0,0,6.84,10.0,3
860160,Gijs Smal,DEF,2324,2425,Ered,Netherlands,0,3,34,4,0,7.01,10.0,13
976421,Castello Lukeba,DEF,2324,2425,Bund,Germany,1,0,19,7,0,6.9,19.357,1
1187275,Joel Ordóñez,DEF,2324,2425,Belgium,Belgium,0,1,26,5,0,6.82,14.4,14
318941,Rúben Dias,DEF,2324,2425,PL,England,0,0,39,9,0,7.21,17.375,5
861979,Daniel Bragança,MID,2324,2425,Portugal,Portugal,3,2,33,0,0,6.96,11.0,12
1048009,El Chadaille Bitshiabu,DEF,2324,2425,Bund,Germany,0,0,1,0,0,6.56,19.357,0
1100817,Pedro Henrique,DEF,2324,2425,Ukraine,Ukraine,0,0,0,0,0,6.73,4.1,6
794839,Gabriel Jesus,FWD,2324,2425,PL,England,4,5,24,2,0,7.17,17.375,5
835600,Davide Frattesi,MID,2324,2425,SerieA,Italy,6,3,10,1,0,6.81,21.0,13
878081,Ermedin Demirović,FWD,2324,2425,Bund,Germany,15,9,24,2,0,7.17,19.357,4
980628,Maximilian Beier,FWD,2324,2425,Bund,Germany,16,1,20,0,0,7.13,19.357,8
845798,Guus Til,MID,2324,2425,Ered,Netherlands,10,5,19,8,0,7.23,10.0,9
1167818,Iván Fresneda,DEF,2324,2425,Portugal,Portugal,0,0,4,0,0,6.6,11.0,1
1108441,Lucas Beraldo,DEF,2324,2425,L1,France,1,0,22,1,0,6.9,16.25,0
844234,Jerdy Schouten,MID,2324,2425,Ered,Netherlands,4,0,54,10,0,7.16,10.0,8
846036,Ben White,DEF,2324,2425,PL,England,4,4,48,13,0,7.26,17.375,5
851271,Fran García,DEF,2324,2425,LaLiga,Spain,1,5,25,5,0,6.95,16.062,2
787751,Robin Le Normand,DEF,2324,2425,LaLiga,Spain,2,0,31,7,0,6.97,16.062,0
1129862,Raphael Onyedika,MID,2324,2425,Belgium,Belgium,3,1,63,6,0,7.09,14.4,17
547862,Kaan Kairinen,MID,2324,2425,Czech,Czechia,2,6,32,6,0,7.14,13.5,13
186795,Andreas Christensen,DEF,2324,2425,LaLiga,Spain,2,2,23,3,0,6.89,16.062,0
37096,Péter Gulácsi,GK,2324,2425,Bund,Germany,0,0,0,5,33,7.07,19.357,6
8959,Manuel Neuer,GK,2324,2425,Bund,Germany,0,0,1,6,60,6.94,19.357,11
792073,Ferland Mendy,DEF,2324,2425,LaLiga,Spain,0,0,15,10,0,6.93,16.062,9
1121923,Antonio Nusa,MID,2324,2425,Belgium,Belgium,3,3,31,0,0,7.1,14.4,3
319857,Benjamin Henrichs,DEF,2324,2425,Bund,Germany,1,5,68,6,0,7.11,19.357,3
942479,Michał Skóraś,MID,2324,2425,Belgium,Belgium,2,4,19,1,0,7.02,14.4,0
1149127,Arthur Vermeeren,MID,2324,2425,LaLiga,Spain,0,0,1,0,0,6.52,16.062,2
1103693,Gavi,MID,2324,2425,LaLiga,Spain,1,1,39,4,0,7.13,16.062,3
962898,Leonidas Stergiou,DEF,2324,2425,Bund,Germany,1,0,15,2,0,6.71,19.357,0
909318,Mohamed Bayo,FWD,2324,2425,L1,France,5,1,13,0,0,6.84,16.25,0
1105833,Marlon Gomes,MID,2324,2425,Ukraine,Ukraine,4,1,0,0,0,7.21,4.1,8
927366,Matěj Kovář,GK,2324,2425,Bund,Germany,0,0,0,1,3,7.5,19.357,14
572286,Gustaf Nilsson,FWD,2324,2425,Belgium,Belgium,16,4,17,0,0,7.09,14.4,5
319853,Lukas Klostermann,DEF,2324,2425,Bund,Germany,1,0,15,3,0,6.85,19.357,0
825838,Armando Obispo,DEF,2324,2425,Ered,Netherlands,0,0,3,0,0,6.71,10.0,1
1390545,Eguinaldo,FWD,2324,2425,Ukraine,Ukraine,2,0,0,0,0,6.89,4.1,5
797279,Bart Nieuwkoop,DEF,2324,2425,Ered,Netherlands,1,1,15,0,0,6.76,10.0,6
352370,Lucas Hernández,DEF,2324,2425,L1,France,1,1,52,3,0,7.11,16.25,0
796279,Jordan Lotomba,DEF,2324,2425,L1,France,1,0,36,3,0,6.76,16.25,1
1397170,Nino Marcelli,MID,2324,2425,Slovakia,Slovakia,10,2,18,0,0,7.22,5.0,6
1394342,Ousmane Diomande,DEF,2324,2425,Portugal,Portugal,2,1,41,7,0,7.01,11.0,11
985823,Ayase Ueda,FWD,2324,2425,Ered,Netherlands,5,2,7,2,0,6.87,10.0,8
831799,Nahuel Molina,DEF,2324,2425,LaLiga,Spain,2,3,38,4,0,6.82,16.062,9
1099117,Samson Baidoo,DEF,2324,2425,AutBund,Austria,2,1,30,4,0,7.12,4.8,5
1402913,Pau Cubarsí,DEF,2324,2425,LaLiga,Spain,0,0,22,8,0,6.99,16.062,13
856739,Lutsharel Geertruida,DEF,2324,2425,Ered,Netherlands,8,5,49,15,0,7.41,10.0,2
904859,Dmytro Kryskiv,MID,2324,2425,Ukraine,Ukraine,5,2,0,0,0,7.09,4.1,5
1142588,Pablo Barrios,MID,2324,2425,LaLiga,Spain,0,1,45,2,0,6.99,16.062,4
911719,Lassina Traoré,FWD,2324,2425,Ukraine,Ukraine,4,4,0,0,0,6.9,4.1,0
230932,Kenan Bajrić,DEF,2324,2425,Slovakia,Slovakia,0,1,33,10,0,6.94,5.0,6
873106,Hiroki Itō,DEF,2324,2425,Bund,Germany,0,2,19,7,0,7.07,19.357,0
143040,Wataru Endo,MID,2324,2425,PL,England,1,0,48,5,0,6.8,17.375,1
873554,Omar Marmoush,FWD,2324,2425,Bund,Germany,12,6,21,1,0,7.25,19.357,0
1564180,Ayyoub Bouaddi,MID,2324,2425,L1,France,0,0,6,0,0,6.4,16.25,7
983041,Hugo Siquet,DEF,2324,2425,Belgium,Belgium,0,3,87,2,0,7.14,14.4,1
190159,André Silva,FWD,2324,2425,LaLiga,Spain,3,0,2,0,0,6.62,16.062,0
1047509,Bjorn Meijer,DEF,2324,2425,Belgium,Belgium,2,1,24,5,0,7.07,14.4,0
1433802,Gjivai Zechiël,MID,2324,2425,Ered,Netherlands,0,0,3,0,0,6.6,10.0,0
958923,Artem Bondarenko,MID,2324,2425,Ukraine,Ukraine,4,3,0,0,0,7.33,4.1,3
1116577,Santiago Castro,FWD,2324,2425,SerieA,Italy,1,1,2,0,0,6.83,21.0,0
1002813,Yan Couto,DEF,2324,2425,LaLiga,Spain,1,8,45,5,0,6.94,16.062,1
1069336,Romeo Vermant,FWD,2324,2425,Belgium,Belgium,3,2,5,0,0,6.87,14.4,0
1009833,Krystof Daněk,MID,2324,2425,Czech,Czechia,8,1,15,4,0,6.95,13.5,0
877236,Hugo Vetlesen,MID,2324,2425,Elite,Norway,3,2,7,2,0,6.98,8.0,3
1087830,Artur Gajdoš,MID,2324,2425,Slovakia,Slovakia,5,4,37,3,0,7.3,5.0,0
838232,Eljif Elmas,MID,2324,2425,Bund,Germany,0,0,8,0,0,6.64,19.357,0
841793,César Blackman,DEF,2324,2425,Slovakia,Slovakia,2,0,34,2,0,6.88,5.0,6
26768,Sven Ulreich,GK,2324,2425,Bund,Germany,0,0,1,4,19,6.71,19.357,0
1979970,Ameen Al-Dakhil,DEF,2324,2425,PL,England,1,0,12,0,0,6.54,17.375,0
309078,Alexander Sørloth,FWD,2324,2425,LaLiga,Spain,23,6,6,3,0,7.19,16.062,0
876214,Eric García,DEF,2324,2425,LaLiga,Spain,5,0,55,7,0,7.14,16.062,14
152463,Fabian Bredlow,GK,2324,2425,Bund,Germany,0,0,0,1,19,7.6,19.357,0
1101258,Kyriani Sabbe,DEF,2324,2425,Belgium,Belgium,1,3,22,0,0,7,14.4,9
1142248,Arijon Ibrahimović,MID,2324,2425,SerieA,Italy,1,1,7,0,0,6.72,21.0,0
1130647,Jonas Urbig,GK,2425,2526,Bund,Germany,0,0,0,2,17,6.7,18.421,5
1212550,Ruben van Bommel,MID,2425,2526,Ered,Netherlands,3,5,38,2,0,7.14,15.25,6
263651,Juan Musso,GK,2425,2526,LaLiga,Spain,0,0,0,2,2,7.1,23.892,13
1402912,Lamine Yamal,MID,2425,2526,LaLiga,Spain,9,13,42,10,0,7.79,23.892,47
826643,Kylian Mbappé,FWD,2425,2526,LaLiga,Spain,31,3,8,5,0,7.7,23.892,63
108579,Harry Kane,FWD,2425,2526,Bund,Germany,26,8,13,8,0,7.73,18.421,63
792624,Nikita Haikin,GK,2425,2526,Elite,Norway,0,0,0,12,78,7.08,11.812,26
889259,Khvicha Kvaratskhelia,MID,2425,2526,L1,France,4,3,19,2,0,7.46,17.928,76
907172,Jakub Markovič,GK,2425,2526,Czech,Czechia,0,0,0,7,64,7.13,10.55,7
838805,Jens Petter Hauge,MID,2425,2526,Elite,Norway,8,5,28,5,0,7.42,11.812,44
978838,Michael Olise,MID,2425,2526,Bund,Germany,12,15,36,5,0,7.91,18.421,48
1414933,Marc Guiu,FWD,2425,2526,PL,England,0,0,1,0,0,6.53,29.464,4
902029,Vitinha,MID,2425,2526,L1,France,5,1,43,5,0,7.47,17.928,46
118085,Hans Vanaken,MID,2425,2526,Belgium,Belgium,10,13,49,10,0,7.57,15.65,25
356160,Vanja Milinković-Savić,GK,2425,2526,SerieA,Italy,0,0,1,10,135,7.31,21.875,16
944656,Julián Alvarez,FWD,2425,2526,LaLiga,Spain,17,4,25,4,0,7.24,23.892,56
869856,Dominik Szoboszlai,MID,2425,2526,PL,England,6,6,38,8,0,7.14,29.464,48
135700,Hakan Çalhanoğlu,MID,2425,2526,SerieA,Italy,5,6,43,1,0,7.41,21.875,14
914902,Anthony Gordon,MID,2425,2526,PL,England,6,5,32,2,0,7.05,29.464,59
942116,Mason Greenwood,MID,2425,2526,L1,France,21,5,35,1,0,7.56,17.928,21
1154605,Désiré Doué,MID,2425,2526,L1,France,6,6,48,1,0,7.32,17.928,43
979128,Rayan Cherki,MID,2425,2526,L1,France,8,11,15,1,0,7.6,17.928,16
822471,Victor Osimhen,FWD,2425,2526,SuperLig,Turkey,26,5,7,6,0,7.72,10.3,33
940871,Nico Schlotterbeck,DEF,2425,2526,Bund,Germany,0,4,38,4,0,7.08,18.421,9
883537,Luis Díaz,MID,2425,2526,PL,England,13,5,39,4,0,7.23,29.464,48
151545,Virgil van Dijk,DEF,2425,2526,PL,England,3,1,38,14,0,7.28,29.464,43
934386,Jérémy Doku,MID,2425,2526,PL,England,3,6,31,3,0,7.29,29.464,17
964994,Joško Gvardiol,DEF,2425,2526,PL,England,5,0,58,11,0,7.37,29.464,9
259117,Joshua Kimmich,MID,2425,2526,Bund,Germany,3,6,47,15,0,7.91,18.421,13
754330,Uğurcan Çakır,GK,2425,2526,SuperLig,Turkey,0,0,1,13,115,7.35,10.3,28
856714,Declan Rice,MID,2425,2526,PL,England,4,7,53,7,0,7.36,29.464,22
332155,Amir Rrahmani,DEF,2425,2526,SerieA,Italy,1,3,39,18,0,7.27,21.875,9
826188,Alessandro Bastoni,DEF,2425,2526,SerieA,Italy,1,5,46,5,0,7.21,21.875,22
581310,David Raya,GK,2425,2526,PL,England,0,0,0,13,86,7.04,29.464,48
836705,Kai Havertz,FWD,2425,2526,PL,England,9,3,16,7,0,7.03,29.464,19
177177,Alejandro Grimaldo,DEF,2425,2526,Bund,Germany,2,7,24,5,0,7.3,18.421,61
1069486,Carlos Forbs,MID,2425,2526,PL,England,0,0,8,0,0,6.54,29.464,23
70988,Thibaut Courtois,GK,2425,2526,LaLiga,Spain,0,0,0,11,77,7.11,23.892,39
1047395,Couhaib Driouech,MID,2425,2526,Ered,Netherlands,2,1,3,0,0,6.87,15.25,22
284361,Federico Dimarco,DEF,2425,2526,SerieA,Italy,4,7,25,2,0,7.24,21.875,20
868812,Vinícius Júnior,MID,2425,2526,LaLiga,Spain,11,8,21,4,0,7.37,23.892,43
839956,Erling Haaland,FWD,2425,2526,PL,England,22,3,11,6,0,7.27,29.464,32
818244,Ousmane Dembélé,FWD,2425,2526,L1,France,21,6,11,1,0,7.75,17.928,39
831005,Raphinha,MID,2425,2526,LaLiga,Spain,18,9,36,7,0,7.8,23.892,24
355174,Patrick Berg,MID,2425,2526,Elite,Norway,9,2,79,11,0,7.53,11.812,13
904827,Benoît Badiashile,DEF,2425,2526,PL,England,0,0,9,0,0,6.84,29.464,5
991011,Jude Bellingham,MID,2425,2526,LaLiga,Spain,9,8,61,4,0,7.45,23.892,20
1142251,Aleksandar Pavlović,MID,2425,2526,Bund,Germany,1,0,38,4,0,7.14,18.421,17
907463,Felix Nmecha,MID,2425,2526,Bund,Germany,4,1,34,1,0,7.05,18.421,19
910536,Rodrygo,MID,2425,2526,LaLiga,Spain,6,5,21,1,0,7.4,23.892,8
814590,Marcus Rashford,MID,2425,2526,PL,England,6,3,17,2,0,6.96,29.464,35
1001196,Gonçalo Inácio,DEF,2425,2526,Portugal,Portugal,3,2,40,10,0,7.23,16.25,21
831808,Federico Valverde,MID,2425,2526,LaLiga,Spain,6,4,50,11,0,7.47,23.892,37
829932,Cristian Romero,DEF,2425,2526,PL,England,1,0,35,2,0,7.07,29.464,31
592794,Alex Meret,GK,2425,2526,SerieA,Italy,0,0,0,16,61,6.97,21.875,0
1019322,Florian Wirtz,MID,2425,2526,Bund,Germany,10,12,32,4,0,7.68,18.421,18
1190933,João Neves,MID,2425,2526,L1,France,3,8,63,2,0,7.45,17.928,32
1176744,Dean Huijsen,DEF,2425,2526,PL,England,3,2,36,7,0,7.23,29.464,17
846122,Lukáš Provod,MID,2425,2526,Czech,Czechia,4,12,23,4,0,7.43,10.55,12
128383,Gerónimo Rulli,GK,2425,2526,L1,France,0,0,4,5,92,7.1,17.928,16
850816,Joey Veerman,MID,2425,2526,Ered,Netherlands,1,8,35,2,0,7.65,15.25,8
1085381,Nicolas Jackson,FWD,2425,2526,PL,England,10,5,22,0,0,6.92,29.464,18
992587,Pedri,MID,2425,2526,LaLiga,Spain,4,5,61,6,0,7.59,23.892,10
1104897,Jorne Spileers,DEF,2425,2526,Belgium,Belgium,1,0,6,2,0,7.01,15.65,0
16206,Yann Sommer,GK,2425,2526,SerieA,Italy,0,0,0,13,85,7.09,21.875,25
70996,Kevin De Bruyne,MID,2425,2526,PL,England,4,7,17,4,0,7.4,29.464,7
930267,Joan García,GK,2425,2526,LaLiga,Spain,0,0,0,8,145,7.39,23.892,7
823984,Lautaro Martínez,FWD,2425,2526,SerieA,Italy,12,3,30,4,0,7.2,21.875,19
859025,Aurélien Tchouaméni,MID,2425,2526,LaLiga,Spain,0,0,47,10,0,7.1,23.892,19
859765,Phil Foden,MID,2425,2526,PL,England,7,2,13,1,0,7.24,29.464,14
155995,Marquinhos,DEF,2425,2526,L1,France,2,0,30,5,0,7.29,17.928,33
824509,Gianluigi Donnarumma,GK,2425,2526,L1,France,0,0,1,4,51,6.92,17.928,19
922573,Gabriel Martinelli,MID,2425,2526,PL,England,8,4,23,3,0,6.96,29.464,38
827606,Rodri,MID,2425,2526,PL,England,0,0,2,0,0,6.87,29.464,2
143040,Wataru Endo,MID,2425,2526,PL,England,0,0,12,0,0,6.68,29.464,0
989768,Nuno Mendes,DEF,2425,2526,L1,France,1,3,30,3,0,7.29,17.928,35
1091116,Arda Güler,MID,2425,2526,LaLiga,Spain,3,4,30,1,0,7.24,23.892,27
1153270,Fermín López,MID,2425,2526,LaLiga,Spain,6,5,19,1,0,7.02,23.892,49
980418,Sacha Boey,DEF,2425,2526,Bund,Germany,0,2,20,0,0,6.8,18.421,9
280601,Jindřich Staněk,GK,2425,2526,Czech,Czechia,0,0,0,9,27,7.14,10.55,15
966547,Noni Madueke,MID,2425,2526,PL,England,7,3,25,2,0,7.03,29.464,18
879346,Scott McTominay,MID,2425,2526,PL,England,0,0,0,0,0,6.35,29.464,25
8959,Manuel Neuer,GK,2425,2526,Bund,Germany,0,0,1,13,32,6.97,18.421,20
547410,Martin Ødegaard,MID,2425,2526,PL,England,3,8,19,5,0,7.31,29.464,6
904897,Ryan Gravenberch,MID,2425,2526,PL,England,0,4,69,11,0,7.04,29.464,19
966837,Martín Zubimendi,MID,2425,2526,LaLiga,Spain,2,1,73,12,0,7.02,23.892,15
875136,Noa Lang,MID,2425,2526,Ered,Netherlands,11,10,22,1,0,7.52,15.25,12
859917,Morten Hjulmand,MID,2425,2526,Portugal,Portugal,2,2,54,7,0,7.13,16.25,10
150383,Stanislav Lobotka,MID,2425,2526,SerieA,Italy,0,1,47,8,0,7.01,21.875,3
353138,Marcos Llorente,MID,2425,2526,LaLiga,Spain,2,4,69,10,0,7.17,23.892,35
795222,Frenkie de Jong,MID,2425,2526,LaLiga,Spain,2,2,19,1,0,7.02,23.892,6
920546,Robert Sánchez,GK,2425,2526,PL,England,0,0,0,10,95,7.03,29.464,14
973887,Eduardo Camavinga,MID,2425,2526,LaLiga,Spain,1,2,42,4,0,7.16,23.892,16
1129862,Raphael Onyedika,MID,2425,2526,Belgium,Belgium,1,1,51,8,0,6.89,15.65,18
69768,Jan Oblak,GK,2425,2526,LaLiga,Spain,0,0,0,15,86,7.04,23.892,14
152077,John Stones,DEF,2425,2526,PL,England,2,0,6,1,0,6.88,29.464,4
759520,Denzel Dumfries,DEF,2425,2526,SerieA,Italy,7,2,25,5,0,7.03,21.875,18
906275,Yann Bisseck,DEF,2425,2526,SerieA,Italy,3,2,17,3,0,6.94,21.875,17
1031259,Christos Tzolis,MID,2425,2526,Belgium,Belgium,16,9,34,4,0,7.65,15.65,16
1002837,Piero Hincapié,DEF,2425,2526,Bund,Germany,2,2,52,8,0,7.17,18.421,15
138605,Piotr Zieliński,MID,2425,2526,SerieA,Italy,2,2,14,2,0,6.88,21.875,7
934235,Bukayo Saka,MID,2425,2526,PL,England,6,10,29,2,0,7.6,29.464,26
1063767,Ismael Saibari,MID,2425,2526,Ered,Netherlands,11,11,39,1,0,7.43,15.25,18
791702,Marcus Thuram,FWD,2425,2526,SerieA,Italy,14,4,18,5,0,7.3,21.875,14
577726,Ramy Bensebaini,DEF,2425,2526,Bund,Germany,1,6,51,2,0,7.03,18.421,25
893499,Mauro Júnior,DEF,2425,2526,Ered,Netherlands,0,6,54,2,0,7.17,15.25,11
1094827,Gerard Martín,DEF,2425,2526,LaLiga,Spain,1,3,22,1,0,6.81,23.892,6
135256,Christian Nørgaard,MID,2425,2526,PL,England,5,4,79,4,0,7.09,29.464,4
136710,Mateo Kovačić,MID,2425,2526,PL,England,6,2,69,4,0,7.3,29.464,0
974505,Enzo Fernández,MID,2425,2526,PL,England,6,7,65,7,0,7.31,29.464,28
187433,Serge Gnabry,MID,2425,2526,Bund,Germany,7,5,20,3,0,7.05,18.421,28
826215,Ibrahima Konaté,DEF,2425,2526,PL,England,1,2,40,11,0,7.08,29.464,22
784655,Fabián Ruiz,MID,2425,2526,L1,France,4,5,37,0,0,7.27,17.928,14
318941,Rúben Dias,DEF,2425,2526,PL,England,0,0,17,11,0,7.15,29.464,10
895324,Alexis Mac Allister,MID,2425,2526,PL,England,5,5,95,9,0,7.24,29.464,28
789071,Dani Olmo,MID,2425,2526,LaLiga,Spain,10,3,16,0,0,7.27,23.892,10
857574,Andriy Lunin,GK,2425,2526,LaLiga,Spain,0,1,1,4,13,7.07,23.892,5
940054,Karim Adeyemi,FWD,2425,2526,Bund,Germany,7,6,20,1,0,7.08,18.421,20
325355,José María Giménez,DEF,2425,2526,LaLiga,Spain,0,1,26,9,0,6.99,23.892,6
1048889,Andy Diouf,MID,2425,2526,L1,France,1,2,37,1,0,6.76,17.928,5
548692,Jostein Gundersen,DEF,2425,2526,Elite,Norway,2,3,23,8,0,7.38,11.812,8
363856,Nicolò Barella,MID,2425,2526,SerieA,Italy,3,6,50,4,0,7.19,21.875,5
592010,Mikel Merino,MID,2425,2526,PL,England,7,2,46,3,0,7.03,29.464,14
307284,Mario Lemina,MID,2425,2526,PL,England,1,3,51,1,0,7.01,29.464,16
862967,Cody Gakpo,FWD,2425,2526,PL,England,10,4,28,1,0,7.19,29.464,13
309078,Alexander Sørloth,FWD,2425,2526,LaLiga,Spain,20,2,9,1,0,7.01,23.892,27
1142588,Pablo Barrios,MID,2425,2526,LaLiga,Spain,1,4,46,6,0,6.91,23.892,7
149663,Nathan Aké,DEF,2425,2526,PL,England,0,0,9,0,0,6.8,29.464,6
1002813,Yan Couto,DEF,2425,2526,Bund,Germany,0,0,24,1,0,6.67,18.421,15
1402913,Pau Cubarsí,DEF,2425,2526,LaLiga,Spain,0,3,34,5,0,6.95,23.892,4
566102,Davinson Sánchez,DEF,2425,2526,SuperLig,Turkey,3,1,62,10,0,7.35,10.3,24
913593,Gabriel Sara,MID,2425,2526,SuperLig,Turkey,2,8,23,3,0,7.21,10.3,13
593526,Nicolas Pépé,MID,2425,2526,LaLiga,Spain,3,6,22,2,0,7.11,23.892,6
795064,Trent Alexander-Arnold,DEF,2425,2526,PL,England,3,6,72,4,0,7.25,29.464,12
1495876,Mamadou Diakhon,FWD,2425,2526,L1,France,2,1,12,0,0,6.8,17.928,11
1394342,Ousmane Diomande,DEF,2425,2526,Portugal,Portugal,2,0,36,9,0,7.06,16.25,16
1423711,Myles Lewis-Skelly,DEF,2425,2526,PL,England,1,0,22,3,0,6.75,29.464,20
253809,Rui Silva,GK,2425,2526,LaLiga,Spain,0,0,0,4,37,7.04,23.892,23
892943,Håkon Evjen,MID,2425,2526,Elite,Norway,4,9,66,4,0,7.37,11.812,19
891442,David Douděra,MID,2425,2526,Czech,Czechia,2,5,48,14,0,7.2,10.55,6
1001140,Geny Catamo,MID,2425,2526,Portugal,Portugal,5,2,29,4,0,7.1,16.25,11
293519,Leroy Sané,MID,2425,2526,Bund,Germany,11,5,23,1,0,7.18,18.421,12
10406,Simon Mignolet,GK,2425,2526,Belgium,Belgium,0,0,2,10,77,6.97,15.65,8
945122,Matheus Nunes,DEF,2425,2526,PL,England,1,6,35,7,0,7.2,29.464,10
84539,Koke,MID,2425,2526,LaLiga,Spain,1,1,46,5,0,6.88,23.892,8
37151,Henrikh Mkhitaryan,MID,2425,2526,SerieA,Italy,1,4,43,6,0,7.06,21.875,2
1085081,Álvaro Carreras,DEF,2425,2526,Portugal,Portugal,3,1,64,11,0,7.17,16.25,16
855833,Ferran Torres,FWD,2425,2526,LaLiga,Spain,10,6,8,0,0,7.08,23.892,16
383560,Manuel Akanji,DEF,2425,2526,PL,England,0,0,19,5,0,6.96,29.464,12
929199,Carlos Augusto,DEF,2425,2526,SerieA,Italy,3,2,29,6,0,7,21.875,11
805078,Mathías Olivera,DEF,2425,2526,SerieA,Italy,0,2,63,9,0,7.03,21.875,13
979480,Willian Pacho,DEF,2425,2526,L1,France,0,1,56,4,0,7.04,17.928,45
986395,Ricardo Pepi,FWD,2425,2526,Ered,Netherlands,11,2,6,3,0,7.3,15.25,15
990169,Johnny Cardoso,MID,2425,2526,LaLiga,Spain,3,1,55,3,0,6.95,23.892,10
800951,Julian Ryerson,DEF,2425,2526,Bund,Germany,2,3,46,4,0,6.91,18.421,15
1159759,Nathaniel Brown,DEF,2425,2526,Bund,Germany,3,6,71,5,0,7.22,18.421,19
178963,Abdülkerim Bardakcı,DEF,2425,2526,SuperLig,Turkey,3,2,29,11,0,7.23,10.3,18
931278,Rayan Aït-Nouri,DEF,2425,2526,PL,England,4,7,89,0,0,7.04,29.464,8
824200,Ademola Lookman,MID,2425,2526,SerieA,Italy,15,5,32,2,0,7.32,21.875,26
876214,Eric García,DEF,2425,2526,LaLiga,Spain,2,3,38,6,0,6.99,23.892,5
1007769,Ole Didrik Blomberg,MID,2425,2526,Elite,Norway,3,7,21,3,0,7.14,11.812,20
1130939,Maghnes Akliouche,MID,2425,2526,L1,France,5,10,51,7,0,7.31,17.928,21
845386,Federico Chiesa,MID,2425,2526,PL,England,0,0,1,0,0,6.45,29.464,5
1144329,Štěpán Chaloupek,DEF,2425,2526,Czech,Czechia,0,0,27,1,0,6.96,10.55,18
957602,Riccardo Calafiori,DEF,2425,2526,PL,England,2,1,27,0,0,6.97,29.464,14
1126512,Zeno Debast,DEF,2425,2526,Portugal,Portugal,0,3,38,9,0,7.14,16.25,0
941168,William Saliba,DEF,2425,2526,PL,England,2,0,62,12,0,7.04,29.464,31
822519,Éder Militão,DEF,2425,2526,LaLiga,Spain,1,1,19,3,0,7.21,23.892,5
864921,Eberechi Eze,MID,2425,2526,PL,England,8,8,39,2,0,7.28,29.464,11
754794,Lucas Torreira,MID,2425,2526,SuperLig,Turkey,4,5,74,7,0,7.2,10.3,8
328027,Serhou Guirassy,FWD,2425,2526,Bund,Germany,21,2,7,0,0,7.26,18.421,25
227672,Jonathan Tah,DEF,2425,2526,Bund,Germany,3,0,19,8,0,7.11,18.421,22
977679,Luís Henrique,MID,2425,2526,L1,France,7,7,16,2,0,7.17,17.928,1
151440,Tomáš Holeš,DEF,2425,2526,Czech,Czechia,2,2,53,15,0,7.48,10.55,4
361722,Nordin Jackers,GK,2425,2526,Belgium,Belgium,0,0,0,2,19,7.26,15.65,7
978285,Wilfried Singo,DEF,2425,2526,L1,France,1,2,37,7,0,7.04,17.928,19
879694,Pape Gueye,MID,2425,2526,LaLiga,Spain,4,0,54,1,0,7.05,23.892,4
954056,Nico González,MID,2425,2526,PL,England,1,0,16,3,0,6.91,29.464,4
996952,Bradley Barcola,MID,2425,2526,L1,France,14,10,27,1,0,7.25,17.928,29
904096,Barış Alper Yılmaz,MID,2425,2526,SuperLig,Turkey,12,3,34,3,0,7.19,10.3,13
958959,Jurriën Timber,DEF,2425,2526,PL,England,1,3,58,7,0,6.96,29.464,17
984623,Rafa Marín,DEF,2425,2526,SerieA,Italy,0,0,1,1,0,6.83,21.875,6
1506781,Villads Nielsen,DEF,2425,2526,Elite,Norway,0,0,2,2,0,6.81,11.812,0
927366,Matěj Kovář,GK,2425,2526,Bund,Germany,0,0,0,3,12,7,18.421,10
866469,Bruno Guimarães,MID,2425,2526,PL,England,5,6,83,5,0,7.22,29.464,3
352882,Nuno Santos,MID,2425,2526,Portugal,Portugal,0,0,4,2,0,7.2,16.25,1
807771,Dávid Hancko,DEF,2425,2526,Ered,Netherlands,3,1,38,10,0,7.26,15.25,22
812145,Dennis Man,FWD,2425,2526,SerieA,Italy,4,4,13,0,0,6.76,21.875,9
994556,Carney Chukwuemeka,MID,2425,2526,Bund,Germany,1,0,7,0,0,6.86,18.421,12
1135873,Alejandro Garnacho,MID,2425,2526,PL,England,6,2,30,3,0,6.81,29.464,7
843665,Alphonso Davies,DEF,2425,2526,Bund,Germany,1,2,30,6,0,7.24,18.421,8
989841,Eduardo Quaresma,DEF,2425,2526,Portugal,Portugal,1,0,46,3,0,7,16.25,4
846036,Ben White,DEF,2425,2526,PL,England,0,2,20,5,0,6.96,29.464,13
556866,Gregor Kobel,GK,2425,2526,Bund,Germany,0,0,0,7,85,6.89,18.421,18
1144630,Cristhian Mosquera,DEF,2425,2526,LaLiga,Spain,1,0,56,8,0,6.85,23.892,11
804508,Viktor Gyökeres,FWD,2425,2526,Portugal,Portugal,39,7,9,12,0,8,16.25,23
814594,Achraf Hakimi,DEF,2425,2526,L1,France,4,6,48,7,0,7.76,17.928,47
798583,Dayot Upamecano,DEF,2425,2526,Bund,Germany,2,0,36,7,0,7.37,18.421,20
835485,Brahim Díaz,MID,2425,2526,LaLiga,Spain,4,2,25,4,0,6.89,23.892,10
1108441,Lucas Beraldo,DEF,2425,2526,L1,France,1,0,38,2,0,7.07,17.928,0
1473491,Senny Mayulu,MID,2425,2526,L1,France,2,2,25,0,0,6.88,17.928,13
845798,Guus Til,MID,2425,2526,Ered,Netherlands,10,11,26,2,0,7.22,15.25,20
787751,Robin Le Normand,DEF,2425,2526,LaLiga,Spain,1,0,27,12,0,6.9,23.892,21
1103693,Gavi,MID,2425,2526,LaLiga,Spain,1,1,30,3,0,6.92,23.892,1
1468046,Santiago Mouriño,DEF,2425,2526,LaLiga,Spain,0,1,43,6,0,6.97,23.892,10
838232,Eljif Elmas,MID,2425,2526,Bund,Germany,0,0,3,0,0,6.65,18.421,5
917087,Kang-in Lee,MID,2425,2526,L1,France,6,6,25,0,0,7.46,17.928,2
1526618,Marc Bernal,MID,2425,2526,LaLiga,Spain,0,0,8,0,0,7,23.892,6
138156,Emre Can,DEF,2425,2526,Bund,Germany,3,0,50,3,0,6.92,18.421,2
1009372,Georges Mikautadze,FWD,2425,2526,L1,France,11,6,7,2,0,6.95,17.928,5
1046960,Ryan Flamingo,DEF,2425,2526,Ered,Netherlands,0,2,44,6,0,7.19,15.25,2
1590918,Ibrahim Mbaye,MID,2425,2526,L1,France,1,1,4,0,0,6.46,17.928,1
1000483,Marc Casadó,MID,2425,2526,LaLiga,Spain,1,3,44,4,0,7.03,23.892,3
100389,Marten de Roon,MID,2425,2526,SerieA,Italy,4,4,74,12,0,7.16,21.875,13
133908,Marcel Sabitzer,MID,2425,2526,Bund,Germany,1,0,29,3,0,6.8,18.421,9
861979,Daniel Bragança,MID,2425,2526,Portugal,Portugal,3,4,26,3,0,7.21,16.25,5
1149146,Mika Godts,MID,2425,2526,Ered,Netherlands,4,2,25,0,0,7.02,15.25,4
1156645,Raúl Asencio,DEF,2425,2526,LaLiga,Spain,0,1,22,6,0,6.98,23.892,9
1097425,Miloš Kerkez,DEF,2425,2526,PL,England,2,5,52,9,0,7.06,29.464,14
927353,Curtis Jones,MID,2425,2526,PL,England,3,3,39,1,0,6.91,29.464,3
1136731,Rico Lewis,DEF,2425,2526,PL,England,1,2,30,3,0,6.91,29.464,4
146866,Gerard Moreno,FWD,2425,2526,LaLiga,Spain,3,2,7,0,0,7.11,23.892,0
873189,Juan Foyth,DEF,2425,2526,LaLiga,Spain,1,0,25,5,0,7.19,23.892,2
1435367,David Moses,MID,2425,2526,Czech,Czechia,1,1,51,2,0,7,10.55,7
844234,Jerdy Schouten,MID,2425,2526,Ered,Netherlands,1,2,15,1,0,7.05,15.25,5
827212,Jules Koundé,DEF,2425,2526,LaLiga,Spain,2,3,63,8,0,7.17,23.892,21
248331,Brandon Mechele,DEF,2425,2526,Belgium,Belgium,3,1,69,13,0,7.32,15.65,16
895764,Pedro Gonçalves,MID,2425,2526,Portugal,Portugal,5,4,13,2,0,7.43,16.25,9
184661,Leon Goretzka,MID,2425,2526,Bund,Germany,4,1,21,3,0,7.13,18.421,1
1101258,Kyriani Sabbe,DEF,2425,2526,Belgium,Belgium,1,1,39,2,0,6.89,15.65,4
1048422,Hugo Ekitiké,FWD,2425,2526,Bund,Germany,15,8,16,2,0,7.27,18.421,19
355492,Konrad Laimer,DEF,2425,2526,Bund,Germany,2,2,49,6,0,6.93,18.421,21
1010231,Jamal Musiala,MID,2425,2526,Bund,Germany,12,2,36,2,0,7.58,18.421,15
794839,Gabriel Jesus,FWD,2425,2526,PL,England,3,0,10,1,0,6.88,29.464,8
857738,Yunus Akgün,MID,2425,2526,SuperLig,Turkey,7,10,15,3,0,7.27,10.3,11
1172777,Fredrik Sjøvold,DEF,2425,2526,Elite,Norway,1,3,66,4,0,7.21,11.812,18
850993,David Neres,MID,2425,2526,SerieA,Italy,2,4,21,2,0,6.92,21.875,5
1136110,Esmir Bajraktarević,FWD,2425,2526,Ered,Netherlands,0,0,0,0,0,6.65,15.25,1
996953,Lucas Chevalier,GK,2425,2526,L1,France,0,0,3,11,96,7.09,17.928,7
1401702,Ethan Nwaneri,MID,2425,2526,PL,England,4,2,11,1,0,6.93,29.464,0
1518101,Shandre Campbell,FWD,2425,2526,Belgium,Belgium,0,0,0,0,0,6.7,15.65,0
1142703,Nico O'Reilly,DEF,2425,2526,PL,England,2,0,9,2,0,6.99,29.464,25
825731,Michal Sadílek,MID,2425,2526,Ered,Netherlands,2,4,43,4,0,7.1,15.25,4
1099352,Giuliano Simeone,MID,2425,2526,LaLiga,Spain,2,6,27,1,0,6.91,23.892,23
965011,Matteo Ruggeri,DEF,2425,2526,SerieA,Italy,0,3,39,4,0,6.94,21.875,25
954076,Fábio Silva,FWD,2425,2526,LaLiga,Spain,10,3,12,0,0,7.04,23.892,8
1086223,Ange-Yoan Bonny,FWD,2425,2526,SerieA,Italy,6,4,34,0,0,6.9,21.875,11
927407,Josip Stanišić,DEF,2425,2526,Bund,Germany,0,2,13,3,0,7.07,18.421,15
898815,Sam Beukema,DEF,2425,2526,SerieA,Italy,0,1,54,11,0,7.01,21.875,1
983041,Hugo Siquet,DEF,2425,2526,Belgium,Belgium,2,1,23,0,0,6.84,15.65,2
1029163,Sondre Auklend,MID,2425,2526,Elite,Norway,2,0,12,1,0,6.89,11.812,2
142622,Antonio Rüdiger,DEF,2425,2526,LaLiga,Spain,0,0,20,11,0,7.03,23.892,9
1066603,Luiz Júnior,GK,2425,2526,LaLiga,Spain,0,0,0,5,51,7.19,23.892,4
1105779,Andrey Santos,MID,2425,2526,L1,France,10,3,110,9,0,7.44,17.928,9
1103333,Franjo Ivanović,FWD,2425,2526,Belgium,Belgium,16,5,34,4,0,7.19,15.65,1
928236,Leonardo Balerdi,DEF,2425,2526,L1,France,0,0,54,4,0,6.92,17.928,4
997035,Alejandro Balde,DEF,2425,2526,LaLiga,Spain,0,4,18,4,0,6.93,23.892,5
1194333,Abdukodir Khusanov,DEF,2425,2526,PL,England,0,0,5,2,0,6.75,29.464,12
45853,İlkay Gündoğan,MID,2425,2526,PL,England,1,6,25,3,0,7.08,29.464,1
981483,Eren Elmalı,DEF,2425,2526,SuperLig,Turkey,0,1,51,7,0,6.96,10.3,2
925097,Ronald Araújo,DEF,2425,2526,LaLiga,Spain,1,1,12,1,0,7.1,23.892,3
103457,Günay Güvenç,GK,2425,2526,SuperLig,Turkey,0,0,0,1,5,8.5,10.3,0
547838,Dani Ceballos,MID,2425,2526,LaLiga,Spain,0,0,41,3,0,7.13,23.892,2
851271,Fran García,DEF,2425,2526,LaLiga,Spain,0,2,51,7,0,7.03,23.892,5
352370,Lucas Hernández,DEF,2425,2526,L1,France,0,0,24,2,0,6.83,17.928,2
835600,Davide Frattesi,MID,2425,2526,SerieA,Italy,5,1,17,2,0,6.83,21.875,3
1008402,Conor Bradley,DEF,2425,2526,PL,England,0,2,14,0,0,6.81,29.464,5
793524,Andreas Helmersen,FWD,2425,2526,Elite,Norway,3,0,7,0,0,6.91,11.812,4
1395881,Joaquin Seys,DEF,2425,2526,Belgium,Belgium,2,0,67,0,0,6.94,15.65,17
1129935,Tom Bischof,MID,2425,2526,Bund,Germany,5,2,95,3,0,7.26,18.421,3
970361,Jeremie Frimpong,DEF,2425,2526,Bund,Germany,5,5,33,4,0,6.85,18.421,7
826134,Trevoh Chalobah,DEF,2425,2526,PL,England,3,1,31,5,0,7.05,29.464,8
1086417,Rasmus Højlund,FWD,2425,2526,PL,England,4,0,3,0,0,6.63,29.464,12
944660,Thiago Almada,MID,2425,2526,L1,France,1,4,14,0,0,7.08,17.928,1
927359,Vítězslav Jaroš,GK,2425,2526,PL,England,0,0,0,0,1,7.1,29.464,6
910031,Alex Baena,MID,2425,2526,LaLiga,Spain,7,9,28,5,0,7.48,23.892,1
318927,Joe Gomez,DEF,2425,2526,PL,England,0,0,13,1,0,6.88,29.464,4
1149127,Arthur Vermeeren,MID,2425,2526,Bund,Germany,0,2,32,0,0,6.65,18.421,4
345195,Ayoze Pérez,FWD,2425,2526,LaLiga,Spain,19,2,27,1,0,7.19,23.892,0
1167818,Iván Fresneda,DEF,2425,2526,Portugal,Portugal,3,0,26,2,0,6.85,16.25,14
38710,Ivan Perišić,MID,2425,2526,Ered,Netherlands,9,8,23,0,0,7.44,15.25,8
1087359,Renato Veiga,DEF,2425,2526,PL,England,0,0,9,1,0,6.59,29.464,8
138152,Kaan Ayhan,DEF,2425,2526,SuperLig,Turkey,1,3,38,5,0,6.93,10.3,0
1184317,Yarek Gasiorowski,DEF,2425,2526,LaLiga,Spain,0,0,20,1,0,6.82,23.892,4
961684,Anass Salah-Eddine,DEF,2425,2526,SerieA,Italy,0,1,1,0,0,6.5,21.875,6
1410209,João Simões,MID,2425,2526,Portugal,Portugal,1,0,7,1,0,6.77,16.25,4
873106,Hiroki Itō,DEF,2425,2526,Bund,Germany,1,0,2,0,0,7,18.421,0
235672,Matteo Politano,MID,2425,2526,SerieA,Italy,3,4,29,2,0,7.06,21.875,1
1069336,Romeo Vermant,FWD,2425,2526,Belgium,Belgium,9,3,18,0,0,7.1,15.65,8
893549,Tijjani Reijnders,MID,2425,2526,SerieA,Italy,10,4,26,10,0,7.24,21.875,10
1146018,Paul Wanner,MID,2425,2526,Bund,Germany,3,2,40,1,0,6.68,18.421,3
355088,Roland Sallai,DEF,2425,2526,Bund,Germany,0,0,2,0,0,6.75,18.421,10
1012444,Alberto Moleiro,MID,2425,2526,LaLiga,Spain,6,1,27,1,0,6.81,23.892,0
794939,Marc Cucurella,DEF,2425,2526,PL,England,5,1,67,9,0,7.05,29.464,15
1130942,Félix Lemaréchal,MID,2425,2526,L1,France,4,3,35,4,0,6.95,17.928,1
825838,Armando Obispo,DEF,2425,2526,Ered,Netherlands,1,0,2,0,0,6.75,15.25,2
1047509,Bjorn Meijer,DEF,2425,2526,Belgium,Belgium,0,2,8,0,0,6.93,15.65,1
897291,Ismail Jakobs,DEF,2425,2526,L1,France,0,0,5,2,0,7.75,17.928,13
930997,Giorgi Mamardashvili,GK,2425,2526,LaLiga,Spain,0,0,2,8,93,6.89,23.892,8
126588,Filip Kostić,DEF,2425,2526,SuperLig,Turkey,1,6,36,5,0,7.07,10.3,0
907668,Billy Gilmour,MID,2425,2526,PL,England,0,0,3,0,0,6.85,29.464,0
1089108,Ilias Akhomach,MID,2425,2526,LaLiga,Spain,1,0,12,0,0,7.02,23.892,6
1142672,Warren Zaïre-Emery,MID,2425,2526,L1,France,1,2,51,2,0,6.99,17.928,14
572286,Gustaf Nilsson,FWD,2425,2526,Belgium,Belgium,9,5,19,3,0,7.07,15.65,0
123179,Ivan Schranz,MID,2425,2526,Czech,Czechia,2,4,7,0,0,7,10.55,0
877236,Hugo Vetlesen,MID,2425,2526,Belgium,Belgium,2,3,22,3,0,6.9,15.65,0
934354,Antoine Semenyo,MID,2425,2526,PL,England,11,5,55,6,0,7.19,29.464,0
1016893,Luís Guilherme,MID,2425,2526,PL,England,0,0,1,0,0,6.65,29.464,0
945798,Djed Spence,DEF,2425,2526,PL,England,1,2,47,2,0,6.85,29.464,15
331209,Bernardo Silva,MID,2425,2526,PL,England,4,4,56,9,0,7.23,29.464,12
148899,Leonardo Spinazzola,DEF,2425,2526,SerieA,Italy,1,1,17,3,0,6.84,21.875,4
903679,Fotis Ioannidis,FWD,2425,2526,Greece,Greece,6,1,8,3,0,6.86,12.687,4
1482424,Claudio Echeverri,MID,2425,2526,PL,England,0,0,1,0,0,6.5,29.464,0
1021272,Daniel Svensson,DEF,2425,2526,Bund,Germany,1,3,15,2,0,7.08,18.421,24
906021,Sergiño Dest,DEF,2425,2526,Ered,Netherlands,0,1,6,0,0,6.94,15.25,7
787505,Benjamin Pavard,DEF,2425,2526,SerieA,Italy,0,1,29,6,0,7.02,21.875,6
151700,Ulrik Saltnes,MID,2425,2526,Elite,Norway,7,3,40,6,0,7.06,11.812,1
908716,Miguel Gutiérrez,DEF,2425,2526,LaLiga,Spain,1,5,37,5,0,7.03,23.892,5
831799,Nahuel Molina,DEF,2425,2526,LaLiga,Spain,0,3,44,5,0,6.83,23.892,9
787941,Frank Anguissa,MID,2425,2526,SerieA,Italy,6,4,42,11,0,7.07,21.875,2
963084,David Zima,DEF,2425,2526,Czech,Czechia,2,1,20,9,0,7.19,10.55,12
986245,Sergi Cardona,DEF,2425,2526,LaLiga,Spain,1,7,71,3,0,7.08,23.892,4
980628,Maximilian Beier,FWD,2425,2526,Bund,Germany,8,5,25,2,0,6.92,18.421,9
799046,Waldemar Anton,DEF,2425,2526,Bund,Germany,2,2,34,5,0,7.22,18.421,13
1004449,Cisse Sandra,MID,2425,2526,Ered,Netherlands,4,2,9,2,0,6.72,15.25,0
1187275,Joel Ordóñez,DEF,2425,2526,Belgium,Belgium,1,1,27,8,0,6.92,15.65,11
973290,Tajon Buchanan,MID,2425,2526,LaLiga,Spain,1,2,10,0,0,6.75,23.892,1
50490,Wojciech Szczęsny,GK,2425,2526,LaLiga,Spain,0,0,1,8,21,6.91,23.892,3
186795,Andreas Christensen,DEF,2425,2526,LaLiga,Spain,0,0,6,0,0,6.84,23.892,0
873554,Omar Marmoush,FWD,2425,2526,PL,England,7,0,13,3,0,7.33,29.464,1
823941,Alexander Isak,FWD,2425,2526,PL,England,23,6,12,3,0,7.29,29.464,1
188307,Tomáš Chorý,FWD,2425,2526,Czech,Czechia,14,5,14,4,0,7.31,10.55,0
935564,Jonathan David,FWD,2425,2526,L1,France,16,5,24,5,0,7.18,17.928,11
792073,Ferland Mendy,DEF,2425,2526,LaLiga,Spain,0,1,17,3,0,6.82,23.892,0
250319,Haitam Aleesami,DEF,2425,2526,Elite,Norway,1,1,59,7,0,7.08,11.812,8
1525863,Pau Navarro,DEF,2425,2526,LaLiga,Spain,0,0,23,0,0,6.65,23.892,2
907174,Tomáš Vlček,DEF,2425,2526,Czech,Czechia,0,0,2,2,0,6.96,10.55,2
826049,Mojmír Chytil,FWD,2425,2526,Czech,Czechia,9,1,5,1,0,6.95,10.55,0
232422,Kepa Arrizabalaga,GK,2425,2526,PL,England,0,0,1,8,97,7.14,29.464,0
78893,Romelu Lukaku,FWD,2425,2526,SerieA,Italy,14,10,4,1,0,6.99,21.875,0
877994,Marc Guéhi,DEF,2425,2526,PL,England,3,2,61,11,0,7.1,29.464,0
870263,Alessandro Buongiorno,DEF,2425,2526,SerieA,Italy,1,0,39,10,0,7.16,21.875,12
878496,Ricardo Mangas,DEF,2425,2526,Portugal,Portugal,0,0,3,1,0,6.93,16.25,0
962364,Lorenzo Lucca,FWD,2425,2526,SerieA,Italy,12,1,10,0,0,6.95,21.875,1
1174937,Endrick,FWD,2425,2526,LaLiga,Spain,1,0,1,0,0,6.63,23.892,0
906049,Ahmed Kutucu,MID,2425,2526,SuperLig,Turkey,9,6,27,3,0,7.09,10.3,0
153257,Giovanni Di Lorenzo,DEF,2425,2526,SerieA,Italy,3,2,66,18,0,7.17,21.875,10
927493,Igoh Ogbu,DEF,2425,2526,Czech,Czechia,2,1,40,14,0,7.22,10.55,0
908714,Arnau Tenas,GK,2425,2526,L1,France,0,1,0,0,3,7.9,17.928,3
1014222,Kiliann Sildillia,DEF,2425,2526,Bund,Germany,2,0,17,6,0,6.91,18.421,1
