Id,Name,Position,Price,TotalPts,Team
250076574,K. Mbappé,FWD,11.0,6,50051
250103758,E. Haaland,FWD,11.0,12,52919
250016833,H. Kane,FWD,11.0,0,50037
250176450,L. Yamal,MID,10.0,15,50080
250101808,K. Kvaratskhelia,MID,10.0,0,52747
250172668,J. Alvarez,FWD,10.0,5,50124
250066886,O. Dembélé,FWD,10.0,16,52747
250112880,Raphinha,MID,9.5,16,50080
250121533,Vinícius Júnior,MID,9.5,3,50051
250118281,Lautaro Martínez,FWD,9.5,4,50138
250171184,M. Olise,MID,9.0,0,50037
250078886,Bruno Fernandes,MID,9.0,0,52682
250139445,F. Wirtz,MID,8.5,4,7889
250080553,S. Guirassy,FWD,8.5,13,52758
250128377,Jude Bellingham,MID,8.5,3,50051
250105927,V. Gyökeres,FWD,8.5,2,52280
250106939,B. Saka,MID,8.5,3,52280
250162177,D. Doué,MID,8.5,0,52747
250117036,A. Gordon,MID,8.0,1,50080
250081720,D. Olmo,MID,8.0,1,50080
250132987,V. Osimhen,FWD,8.0,0,50067
250124430,J. Musiala,MID,8.0,0,50037
250144643,H. Ekitiké,FWD,8.0,0,7889
250132811,Luis Díaz,MID,8.0,0,50037
250087938,K. Havertz,FWD,8.0,1,52280
250130221,R. Højlund,FWD,8.0,2,50136
250134304,G. Martinelli,MID,7.5,0,52280
250096849,C. Gakpo,FWD,7.5,0,7889
250150887,O. Watkins,FWD,7.5,0,52683
250088240,S. McTominay,MID,7.5,0,50136
250220373,Y. Diomande,MID,7.5,1,50051
250068805,M. Thuram,FWD,7.5,2,50138
250116767,M. Greenwood,MID,7.5,0,52692
250113142,J. Doku,MID,7.5,0,52919
250010802,R. Lukaku,FWD,7.5,0,52692
250083732,D. Rice,MID,7.5,3,52280
250102035,J. David,FWD,7.5,1,50124
250101444,Vitinha,MID,7.5,4,52747
250124460,C. Tzolis,MID,7.5,4,52280
250143693,Pedri,MID,7.5,7,50080
250139217,O. Marmoush,FWD,7.5,0,52919
250134376,E. Eze,MID,7.5,3,52280
250174838,E. Fernández,MID,7.5,6,52919
250089868,A. Isak,FWD,7.5,5,7889
250223201,S. Adeniran,FWD,7.0,0,63405
250082664,Rodri,MID,7.0,2,50080
250132829,Rodrygo,MID,7.0,0,50051
250080570,M. Asensio,MID,7.0,0,52692
250022829,Hakan Çalhanoğlu,MID,7.0,2,50138
250153621,N. Paz,MID,7.0,0,79946
250101284,F. Valverde,MID,7.0,10,50051
250104487,J. Hauge,MID,7.0,0,59333
250138893,Bruno Guimarães,MID,7.0,1,52280
250160436,M. Akliouche,MID,7.0,5,52747
250086333,P. Dybala,FWD,7.0,0,50137
250104066,D. Szoboszlai,MID,7.0,13,7889
250163689,N. Jackson,FWD,7.0,6,52683
250081341,M. Ødegaard,MID,7.0,11,52280
250099258,A. Lookman,MID,7.0,1,50124
250059115,Bernardo Silva,MID,7.0,0,50051
250164780,Fermín López,MID,7.0,1,50080
250089228,Rafael Leão,MID,7.0,1,50067
250076654,C. Nkunku,FWD,7.0,0,2603790
250181460,A. Ueda,FWD,7.0,6,75797
250194673,D. Undav,FWD,7.0,8,50107
250117617,E. Anderson,MID,7.0,3,52919
250124063,R. Cherki,MID,7.0,4,52919
250088320,Ferran Torres,FWD,7.0,18,52747
250101534,P. Foden,MID,7.0,3,52919
250144211,Antony,MID,7.0,3,52265
250181717,A. Semenyo,MID,7.0,3,52919
250147458,L. Suárez,FWD,7.0,7,50149
250127347,K. Adeyemi,FWD,7.0,7,50080
250181849,N. Tresoldi,FWD,7.0,6,50043
250110943,Matheus Cunha,MID,7.0,0,52682
250137260,B. Mbeumo,FWD,7.0,0,52682
250134138,B. Barcola,MID,7.0,2,7889
250088246,M. Rashford,MID,7.0,0,52682
250061361,A. Sørloth,FWD,7.0,0,50124
250008901,K. De Bruyne,MID,7.0,2,50136
250194573,Endrick,FWD,6.5,0,50051
250041770,S. Gnabry,MID,6.5,0,50037
250106649,G. Jesus,FWD,6.5,5,50080
250135496,A. Garnacho,MID,6.5,0,52683
250183450,B. Varga,FWD,6.5,2,50129
250074565,Gerard Moreno,FWD,6.5,1,70691
250145845,G. Catamo,MID,6.5,8,50149
250079670,M. Llorente,MID,6.5,9,50124
250198119,A. Hadj Moussa,MID,6.5,2,52749
98023,H. Mkhitaryan,MID,6.5,1,50138
250192993,J. Manzambi,MID,6.5,0,52683
250050319,F. Thauvin,MID,6.5,0,52277
250181626,I. Ndiaye,MID,6.5,1,52919
103310,I. Perišić,MID,6.5,0,50062
250066739,N. Barella,MID,6.5,2,50138
250076641,O. Édouard,FWD,6.5,0,52277
250172672,A. Mac Allister,MID,6.5,9,7889
250116683,T. Douvikas,FWD,6.5,0,79946
250115436,Fabián Ruiz,MID,6.5,7,52747
250058958,J. McGinn,MID,6.5,10,52683
250080572,M. Merino,MID,6.5,4,52280
250064482,Nuno Santos,MID,6.5,0,50149
250087919,M. Kean,FWD,6.5,0,79946
250058244,L. Jović,FWD,6.5,1,50129
250089289,C. Baumgartner,MID,6.5,0,2603790
250196023,B. Madjo,FWD,6.5,0,52683
250112224,F. Nmecha,MID,6.5,3,52758
250106648,D. Neres,MID,6.5,1,50136
250134320,I. Saibari,MID,6.5,0,50037
250091165,N. Lang,MID,6.5,0,50136
250153634,G. Simeone,MID,6.5,3,50124
250081555,D. Malen,FWD,6.5,0,50137
150711837,Isco,MID,6.5,5,52265
250070417,J. Kimmich,MID,6.5,0,50037
250020851,O. Giroud,FWD,6.5,0,75797
250088039,Brahim Díaz,MID,6.5,5,50051
250127111,B. Šeško,FWD,6.5,0,52682
250005335,İ. Gündoğan,MID,6.5,1,50067
250064188,H. Vanaken,MID,6.5,2,50043
250063984,L. Sané,MID,6.5,1,50067
250064006,Y. Tielemans,MID,6.5,0,52682
250088810,G. Kochorashvili,MID,6.5,0,50149
250105890,J. Veerman,MID,6.5,3,52758
250161881,Arda Güler,MID,6.5,0,50051
250113134,N. Madueke,MID,6.5,1,52280
250174874,Abde Ezzalzouli,MID,6.5,0,52265
250163400,A. Nusa,MID,6.0,0,2603790
1909917,Koke,MID,6.0,2,50124
250059699,V. Muriqi,FWD,6.0,0,52692
250146674,Kerem Aktürkoğlu,MID,6.0,0,52692
250079383,E. Demirović,FWD,6.0,17,50107
250122927,M. Guendouzi,MID,6.0,0,52692
250090398,F. Chiesa,MID,6.0,0,7889
250139255,Gavi,MID,6.0,1,50080
250099867,Alisson Becker,GK,6.0,3,7889
250100013,G. Lo Celso,MID,6.0,0,52265
250138382,J. Leweling,MID,6.0,2,50107
50327420,V. van Dijk,DEF,6.0,3,7889
250159919,Pepê,MID,6.0,2,50064
250011668,T. Courtois,GK,6.0,4,50051
250154132,M. Godts,MID,6.0,1,52747
250129159,S. Auklend,MID,6.0,0,59333
250076168,M. Cucurella,DEF,6.0,3,50051
250209227,Kauã Elias,FWD,6.0,0,52707
250075625,Ayoze Pérez,FWD,6.0,0,70691
250078922,G. Donnarumma,GK,6.0,5,52919
250186228,Samu,FWD,6.0,0,50064
250050391,A. Šporar,FWD,6.0,2,52797
250182090,Andrey Santos,MID,6.0,0,52682
250155025,G. Mikautadze,FWD,6.0,5,70691
250201120,L. Karl,MID,6.0,0,50037
250106003,N. Pépé,MID,6.0,4,70691
250143679,M. Zubimendi,MID,6.0,1,52280
250106762,J. Zirkzee,FWD,6.0,0,52682
250121294,T. Reijnders,MID,6.0,0,52919
250067629,T. Abraham,FWD,6.0,1,52683
250223119,S. Camara,FWD,6.0,7,52797
250042406,T. Chorý,FWD,6.0,0,52498
250143328,Pedro Gonçalves,MID,6.0,0,50149
250124222,M. Beier,FWD,6.0,6,52758
250174822,Savinho,MID,6.0,0,52919
250088061,A. Hakimi,DEF,6.0,3,52747
250167832,Jobe Bellingham,MID,6.0,1,52758
250164991,João Neves,MID,6.0,0,52747
250100997,A. Dovbyk,FWD,6.0,0,50137
250105244,A. Tchouaméni,MID,6.0,1,50051
250136465,Nuno Mendes,DEF,6.0,6,52747
250174126,W. Pacho,DEF,6.0,4,52747
250221011,H. Abdelkarim,FWD,6.0,0,50080
250174644,M. Usor,FWD,6.0,2,63405
250182962,M. Liberali,MID,6.0,0,79946
250187620,R. Pepi,FWD,6.0,0,50062
250197264,C. Driouech,MID,6.0,0,50062
250064811,L. Provod,MID,6.0,0,52498
250088150,D. Frattesi,MID,6.0,0,50138
250176455,M. Guiu,FWD,6.0,0,2603790
250024349,M. Sabitzer,MID,6.0,3,52758
250171278,D. Raya,GK,6.0,7,52280
250080569,E. Buendía,MID,6.0,8,52683
250177879,S. Giménez,FWD,6.0,1,50064
250138957,Carlos Forbs,MID,6.0,3,50043
250212316,Cucho Hernández,FWD,6.0,0,52265
250121000,Ahmed Kutucu,MID,6.0,0,50067
50327423,F. de Jong,MID,6.0,0,50080
250024456,Á. Morata,FWD,6.0,0,79946
250118286,L. Torreira,MID,6.0,7,50067
250145630,P. Christiansen,FWD,6.0,1,52319
250042521,André Silva,FWD,6.0,3,50064
250101557,M. Hjulmand,MID,6.0,1,50124
250127400,F. Ioannidis,FWD,6.0,1,50149
250131901,Gabriel,DEF,6.0,8,52280
250140929,M. Soulé,FWD,6.0,0,50137
250172787,J. Schouten,MID,5.5,0,50062
250106764,Félix Correia,MID,5.5,0,75797
250154129,B. El Khannouss,MID,5.5,3,50107
250099671,G. Til,MID,5.5,0,50062
250187458,R. van Bommel,MID,5.5,0,50062
250196543,S. Castro,FWD,5.5,0,50137
250012069,J. Oblak,GK,5.5,2,50124
250130406,J. Bakayoko,MID,5.5,0,2603790
250123952,Nico González,MID,5.5,0,52919
250195782,R. Ngumoha,MID,5.5,2,7889
250042329,J. Grealish,MID,5.5,0,52919
250166916,M. Fernandez-Pardo,MID,5.5,0,75797
250129965,M. Casadó,MID,5.5,0,50080
250224147,Gabriel Carvalho,MID,5.5,0,52707
250147342,A. Sima,MID,5.5,0,52277
250077931,M. Sadílek,MID,5.5,0,52498
250174850,S. Steijn,MID,5.5,6,52749
250075767,Talisca,MID,5.5,0,52692
250176378,N. Ferri,FWD,5.5,2,52749
250205755,William Gomes,MID,5.5,3,50064
250197651,Arnau Ortiz,MID,5.5,0,50124
250211008,Alisson Santos,MID,5.5,1,50136
250143322,R. Ljubičić,MID,5.5,2,63405
250121584,Kang-in Lee,MID,5.5,1,50124
250077450,R. Nelson,MID,5.5,0,52749
97923,M. Neuer,GK,5.5,0,50037
250183765,S. Van Persie,FWD,5.5,1,52749
250076240,M. Mount,MID,5.5,0,52682
250092517,J. Ryerson,DEF,5.5,2,52758
250173062,A. Bonny,FWD,5.5,1,50138
250134357,M. Lemina,MID,5.5,0,50067
250221031,C. Martínez,MID,5.5,3,52797
250182174,K. Karetsas,MID,5.5,1,52758
250121405,Amad Diallo,MID,5.5,0,52682
250046542,İrfan Can Kahveci,MID,5.5,0,52692
250158929,Barış Alper Yılmaz,MID,5.5,2,50067
250187671,Newertton,MID,5.5,0,52707
250058220,Rúben Dias,DEF,5.5,9,52919
250158167,D. Šturm,FWD,5.5,0,52498
250196599,C. Nwachukwu,MID,5.5,0,2609356
250163409,A. Stanković,MID,5.5,0,50138
250023551,M. Kovačić,MID,5.5,1,52919
250041771,L. Goretzka,MID,5.5,0,52683
250127284,J. Gvardiol,DEF,5.5,1,52919
250192955,M. Diakhon,FWD,5.5,1,50043
250194571,Joao Gomes,MID,5.5,4,52683
250051338,Z. Tripić,MID,5.5,7,52319
250076357,T. Alexander-Arnold,DEF,5.5,2,50051
250137272,B. Sainz,MID,5.5,1,50064
250140940,M. Baturina,MID,5.5,0,79946
250212190,Luca Meirelles,FWD,5.5,0,52707
250112690,D. Dumfries,DEF,5.5,2,50051
250165617,R. Bardghji,MID,5.5,0,50080
250127439,W. Saliba,DEF,5.5,0,52280
250126369,Tiago Tomás,FWD,5.5,0,50107
250164215,V. Muñoz,MID,5.5,1,7889
250176453,P. Cubarsí,DEF,5.5,4,50080
250128270,E. Camavinga,MID,5.5,0,50051
250112217,A. Stiller,MID,5.5,6,50107
250097248,N. Kanté,MID,5.5,0,52692
250189110,E. Mbappé,MID,5.5,1,75797
250198257,H. Igamane,FWD,5.5,0,75797
250012551,T. Hazard,MID,5.5,0,52277
250101728,J. Timber,DEF,5.5,0,52280
250070130,L. Pellegrini,MID,5.5,0,50137
250128943,H. Haraldsson,MID,5.5,2,75797
250055294,R. Marin,MID,5.5,14,50129
250177837,Rodrigo Mora,MID,5.5,0,50137
250200231,M. Araújo,MID,5.5,2,50149
250187759,Eguinaldo,FWD,5.5,0,52707
250090101,M. Safonov,GK,5.5,3,52747
250164226,Gonzalo,FWD,5.5,0,50051
250028211,A. Rüdiger,DEF,5.5,0,50051
250042422,A. Grimaldo,DEF,5.5,1,50124
250169763,I. Babadi,MID,5.5,0,50062
250007655,R. Barkley,MID,5.5,2,52683
250222131,Giovane,FWD,5.5,0,50136
250081185,J. Mickels,MID,5.5,0,2609356
250079545,D. Upamecano,DEF,5.5,0,50037
250106935,C. Jones,MID,5.5,3,50138
250050381,M. Politano,MID,5.5,1,50136
250113350,Fábio Silva,FWD,5.5,4,52758
250201122,W. Mike,MID,5.5,0,50043
250106963,Álex Baena,MID,5.5,2,50124
250079003,K. Kairinen,MID,5.5,0,50129
250197195,Jesus Rodríguez,FWD,5.5,0,79946
250192048,C. Führich,MID,5.5,4,50107
250096309,J. Koundé,DEF,5.5,3,50080
250128222,L. Traoré,FWD,5.5,0,52707
250138982,R. Vermant,FWD,5.5,0,50043
250055982,S. Lobotka,MID,5.5,3,50136
250165376,F. Potts,MID,5.5,4,50043
250169350,F. Ivanović,FWD,5.0,0,52277
250092715,P. Fornals,MID,5.0,5,52265
250065292,P. Berg,MID,5.0,0,59333
250116789,S. Kalajdzic,FWD,5.0,1,63405
250101313,R. Riquelme,MID,5.0,5,52265
250201740,M. Catovic,MID,5.0,0,50107
250153945,Á. Carreras,DEF,5.0,1,50051
250200705,M. Albert,MID,5.0,0,52758
250212957,Arda Tagay,FWD,5.0,0,50067
250091013,I. Konaté,DEF,5.0,2,50051
250207790,Ada Yüzgeç,FWD,5.0,0,50067
250135064,B. Bouanani,FWD,5.0,0,50107
250132062,M. Koné,MID,5.0,0,50137
250184377,A. Vasovic,FWD,5.0,0,50043
250115134,H. Vetlesen,MID,5.0,7,50043
250117587,A. Salah-Eddine,DEF,5.0,0,50137
250223132,A. Ouanda,FWD,5.0,0,52498
250168144,D. Pejcinovic,FWD,5.0,1,50107
250177501,Rafael Nel,FWD,5.0,0,50149
250198116,N. Irankunda,MID,5.0,0,50149
250187059,N. El Aynaoui,MID,5.0,0,2603790
250139036,P. Barrios,MID,5.0,3,50124
250101874,C. Tengstedt,FWD,5.0,0,52749
250212206,Isaque,MID,5.0,0,52707
250164583,J. Addai,MID,5.0,0,79946
250129972,C. Mosquera,DEF,5.0,0,52280
250098470,L. Majer,MID,5.0,5,50129
250101128,M. Caqueret,MID,5.0,0,79946
250220576,G. Mendoza,FWD,5.0,0,52707
250116003,L. Da Cunha,MID,5.0,0,79946
250216983,P. Obah,MID,5.0,0,52707
250186227,A. Diao,MID,5.0,0,79946
250144964,Pedrinho,MID,5.0,0,52707
250065405,D. Kutesa,FWD,5.0,0,50129
250110953,A. Koita,FWD,5.0,2,50129
250092161,M. Chytil,FWD,5.0,0,52498
250014709,M. De Roon,MID,5.0,0,50137
250109003,Troy Parrott,FWD,5.0,6,52265
250188249,C. Baleba,MID,5.0,0,52682
250124451,G. Konstantelias,MID,5.0,0,52758
250182150,M. Perrone,MID,5.0,0,79946
250086709,D. Ceballos,MID,5.0,0,52265
250210228,Y. Sanyang,MID,5.0,0,52498
250012660,I. Schranz,MID,5.0,0,52498
250178786,B. Gruda,MID,5.0,0,2603790
250211977,M. Suleiman,MID,5.0,0,52498
250209340,U. Rakhmonaliev,MID,5.0,0,2609356
250139182,S. Andersen,MID,5.0,1,50149
250055894,S. Horvath,MID,5.0,2,63405
250076675,Diogo Costa,GK,5.0,3,50064
250118077,Oğuz Aydın,MID,5.0,0,52692
250197406,Pedro Lima,MID,5.0,0,50149
250216956,Luis Guilherme,MID,5.0,2,50149
250062141,Rui Silva,GK,5.0,3,50149
250086090,Nélson Semedo,DEF,5.0,0,52692
250024746,João Cancelo,DEF,5.0,6,50080
250218678,J. Arévalo,FWD,5.0,0,50107
250153874,Gabriel Veiga,MID,5.0,3,50064
250195774,M. Dowman,MID,5.0,0,52280
250139044,J. Diehl,FWD,5.0,0,50107
250073809,Ederson,GK,5.0,0,52692
250078507,A. Helmersen,FWD,5.0,0,59333
250211049,R. Vaz,FWD,5.0,0,50137
250191088,Pablo Garcia,FWD,5.0,0,52265
250205751,M. Hansen,FWD,5.0,0,59333
250191115,O. Pietuszewski,MID,5.0,0,50064
250163534,Deniz Gül,FWD,5.0,0,50067
250172343,R. Mendoza,MID,5.0,0,50124
250117917,O. Brynhildsen,FWD,5.0,0,59333
250141862,S. Brunstad Fet,MID,5.0,0,59333
250187645,O. Blomberg,MID,5.0,0,59333
250139241,I. Akhomach,MID,5.0,0,70691
250187664,Zini,FWD,5.0,1,50129
250188937,S. Comesaña,MID,5.0,5,70691
250189536,A. Thomas,FWD,5.0,0,2603790
250144229,P. Gueye,MID,5.0,4,70691
250114171,P. Pokorný,MID,5.0,3,52797
250168991,A. Moleiro,MID,5.0,1,70691
250188256,A. Varela,MID,5.0,2,50064
250195532,T. Oluwaseyi,FWD,5.0,1,70691
250174943,G. Veron,MID,5.0,0,50064
250223008,M. Kianga,FWD,5.0,0,52797
250197453,M. Sangaré,MID,5.0,0,52277
250117638,R. Čerepkai,FWD,5.0,0,52797
250192004,J. Bos,DEF,5.0,0,52749
250200314,S. Campbell,FWD,5.0,0,50043
250013022,T. Barseghyan,MID,5.0,2,52797
250135101,R. Onyedika,MID,5.0,0,50043
250222132,Thiago Fernández,MID,5.0,0,70691
250218489,P. Kacor,MID,5.0,0,52498
250210290,F. Mastantuono,MID,5.0,0,50051
250167821,J. Milošević,FWD,5.0,0,50107
250113342,Gonçalo Borges,MID,5.0,4,52749
250064233,J. Stones,DEF,5.0,1,50138
250171293,D. Spence,DEF,5.0,0,50138
250144325,C. Romero,DEF,5.0,3,50124
250076233,T. Chalobah,DEF,5.0,0,79946
250163574,Pau Cabanes,FWD,5.0,0,70691
250223130,O. Kubiak,MID,5.0,0,52498
250223168,Carlos Espí,FWD,5.0,1,50051
250205706,Gabriel Teixeira,MID,5.0,0,50149
250216944,O. Vargas,MID,5.0,0,50124
250163878,O. Targhalline,MID,5.0,2,52749
250164450,L. Sauer,MID,5.0,1,50107
250208803,L. Valente,MID,5.0,2,52749
250199220,Gabriel Sara,MID,5.0,2,50067
250223247,R. Postema,FWD,5.0,0,52319
250106148,N. Kühn,MID,5.0,0,79946
250174185,S. Kvia-Egeskog,FWD,5.0,1,52319
250223245,K. Frimpong,FWD,5.0,0,52319
250065179,R. Sallai,DEF,5.0,3,50067
250210009,N. D'Agostino,FWD,5.0,0,52319
250136342,L. Ugochukwu,MID,5.0,1,50067
250078452,Uğurcan Çakır,GK,5.0,1,50067
250103764,Yunus Akgün,MID,5.0,2,50067
250085369,M. Akanji,DEF,5.0,0,50138
250091199,A. Bastoni,DEF,5.0,1,50138
250022797,C. Nørgaard,MID,5.0,0,52280
250022815,V. Berisha,FWD,5.0,0,52319
250138504,J. Bell,MID,5.0,3,52319
250056189,F. Dimarco,DEF,5.0,0,50138
250136353,A. Diouf,MID,5.0,2,50138
250163404,P. Esposito,FWD,5.0,0,50138
250117945,E. Guessand,MID,5.0,0,52683
250172673,N. Molina,DEF,5.0,0,50137
250156002,B. White,DEF,5.0,6,52280
250135339,P. Sučić,MID,5.0,1,50138
250024370,P. Zieliński,MID,5.0,1,50138
250086928,M. Guéhi,DEF,5.0,10,52919
250113351,Fábio Vieira,MID,5.0,0,52280
250117864,K. Askildsen,MID,5.0,3,52319
250026721,E. Martínez,GK,5.0,0,52683
250221487,X. Severina,FWD,5.0,0,2609356
250170117,E. Nwaneri,MID,5.0,1,52758
250181160,L. Cherubini,FWD,5.0,0,50137
250189821,R. Fofana,FWD,5.0,0,52277
250166930,A. Vermeeren,MID,5.0,0,2603790
250174049,K. Parris,MID,5.0,0,2609356
250181747,T. Almada,MID,5.0,0,50124
250198298,O. Mbina,FWD,5.0,0,2609356
250102866,A. Haidara,MID,5.0,0,52277
250063505,J. Giménez,DEF,5.0,0,50124
250027008,N. Aké,DEF,5.0,0,52692
250186121,F. Sotoca,FWD,5.0,0,52277
250202843,E. Garnier,MID,5.0,0,52277
250113276,J. Frimpong,DEF,5.0,1,7889
250110583,I. Lepinjica,MID,5.0,0,2609356
250113001,R. Gravenberch,MID,5.0,2,7889
250177928,J. Jacquet,DEF,5.0,3,7889
250163153,M. Kerkez,DEF,5.0,3,7889
250118131,Joan García,GK,5.0,2,50080
250210296,A. Yirajang,FWD,5.0,0,52797
250042209,V. Simić,MID,5.0,0,2609356
250025791,B. André,MID,5.0,2,75797
250197958,M. Bayo,FWD,5.0,0,75797
250199046,R. Labeau Lascary,FWD,5.0,0,52277
250014109,J. Mário,FWD,5.0,0,50129
250193624,André Miranda,MID,5.0,0,50064
250188518,N. Edjouma,MID,5.0,0,75797
108501,W. Szczęsny,GK,5.0,0,50080
250168211,T. Bischof,MID,5.0,0,50037
250062684,G. Perrin,MID,5.0,5,75797
250117708,A. Onana,MID,5.0,0,52683
250198318,Duarte Cunha,MID,5.0,0,50064
250204916,Mateus Mide,MID,5.0,0,50064
250127436,R. Aït-Nouri,DEF,5.0,4,52919
250088106,S. Lammers,FWD,5.0,0,50062
250128120,A. Davies,DEF,5.0,0,50037
250190224,K. Neijenhuis,FWD,5.0,0,52749
250145803,Matheus Nunes,DEF,5.0,6,52919
250182702,C. Obi,FWD,5.0,0,52682
250165221,N. O’Reilly,DEF,5.0,0,52919
250199590,I. Onunta,FWD,5.0,0,52749
250151632,G. Ambrosino,FWD,5.0,0,50136
250187184,D. Nene,FWD,5.0,0,52692
250041563,M. Škriniar,DEF,5.0,0,52692
250200578,J. Zinhagel,MID,5.0,0,52749
250099054,L. Bailey,MID,5.0,0,52683
250178823,P. Dorgu,DEF,5.0,0,52682
250065413,K. Laimer,DEF,5.0,0,50037
250218399,A. Nahany,MID,5.0,0,52749
250216080,J. Schaken,MID,5.0,0,52749
250075007,H. Maguire,DEF,5.0,0,52682
250165175,K. Mainoo,MID,5.0,0,52682
250086987,F. Anguissa,MID,5.0,0,50136
250213748,T. Thompson,MID,5.0,0,52682
250213093,H. Chooly,MID,5.0,0,59333
250064229,G. Di Lorenzo,DEF,5.0,3,50136
250163777,A. Pavlović,MID,5.0,0,50037
250191448,A. Bouaddi,MID,5.0,4,52919
250121175,J. Cajuste,MID,5.0,0,50136
250110724,J. Lindstrøm,MID,5.0,0,50136
250164476,L. Lucca,FWD,5.0,0,50136
250189858,Daniel Yañez,MID,5.0,0,50051
250055660,J. Tah,DEF,5.0,0,50037
250180810,J. Malanga,MID,5.0,0,50107
250225251,M. Robberechts,MID,5.0,0,50043
250221088,Alysson,MID,5.0,1,52683
250165363,A. Vergara,FWD,5.0,1,50136
250192609,Dro Fernández,MID,5.0,6,52747
250118957,J. Kadile,MID,5.0,0,52277
250212724,M. Cardozo,MID,5.0,0,50037
250064064,Marquinhos,DEF,5.0,0,52747
250177597,S. Mayulu,MID,5.0,1,52747
250177602,Q. Ndjantou,FWD,5.0,0,52747
250224184,B. Assomo,FWD,5.0,0,50037
250153849,W. Zaïre-Emery,MID,5.0,0,52747
250200525,E. Bajraktarević,FWD,5.0,0,50062
250112998,S. Dest,DEF,5.0,0,50062
250169276,C. Chukwuemeka,MID,5.0,1,52758
250169206,K. Aliyev,MID,5.0,0,2609356
250104534,D. Man,FWD,5.0,0,50062
250217981,P. Krapf,FWD,5.0,0,63405
250223432,M. Hartl,FWD,5.0,0,63405
250194007,J. Bisiwu,MID,5.0,0,50080
250224881,N. Kane,FWD,5.0,0,63405
250218236,Rodrigo Rodrigues,MID,5.0,0,50149
250192702,J. Derry,MID,5.0,0,50149
250026751,A. Pléa,FWD,5.0,0,50062
250090719,G. Nilsson,FWD,5.0,0,50043
250200715,S. Inacio,FWD,5.0,0,52758
250069832,G. Kobel,GK,5.0,2,52758
250171161,E. Banzuzi,FWD,5.0,0,2603790
250221087,R. Cardoso,FWD,5.0,0,2603790
250193528,B. Zaragoza,FWD,5.0,0,50037
250139387,A. Ibrahimović,MID,5.0,0,50037
250203364,N. Fuglestad,MID,5.0,0,52319
250183342,T. Gomis,FWD,5.0,0,2603790
250042773,S. Fofana,MID,5.0,1,50064
250102068,E. Botheim,FWD,5.0,1,52319
250091841,E. Elmas,MID,5.0,0,2603790
250206586,A. Arena,FWD,5.0,0,50137
250187899,C. Harder,FWD,5.0,0,2603790
250102420,C. Ngonge,FWD,5.0,0,50136
250134856,N. Schlotterbeck,DEF,5.0,0,52758
250170137,A. Ouedraogo,MID,5.0,0,2603790
250144303,R. Reitz,MID,5.0,0,2603790
250200654,S. Suleiman,FWD,5.0,0,2603790
250200748,J. Virgili,MID,5.0,4,50043
250201719,S. Diaoune,MID,5.0,0,75797
250064446,O. Zubkov,FWD,5.0,0,50129
250091722,B. Kamara,MID,5.0,3,52683
250201731,Y. Lachaab,MID,4.5,0,2609356
250113392,R. Calafiori,DEF,4.5,0,52280
250163454,P. Hincapié,DEF,4.5,8,52280
250181082,M. Lewis-Skelly,DEF,4.5,0,52280
250224146,Bruninho,MID,4.5,0,52707
250169376,M. Cash,DEF,4.5,0,52683
250211683,Ryan Roberto,MID,4.5,0,52707
250055905,V. Lindelöf,DEF,4.5,2,52683
250117581,I. Maatsen,DEF,4.5,1,52683
250133856,T. Mings,DEF,4.5,0,52683
250088461,Pau Torres,DEF,4.5,8,52683
250150915,J. Cardoso,MID,4.5,0,50124
250092668,D. Hancko,DEF,4.5,2,50124
250112513,R. Le Normand,DEF,4.5,1,50124
250135416,A. Balde,DEF,4.5,0,50080
250190383,M. Bernal,MID,4.5,2,50080
250176861,D. Smetana,MID,4.5,0,52707
250041718,A. Christensen,DEF,4.5,4,50080
250103561,Eric García,DEF,4.5,0,50080
250014002,L. Digne,DEF,4.5,1,52747
250127239,M. Ruggeri,DEF,4.5,0,52683
250162325,Minjae Kim,DEF,4.5,0,50037
250112220,J. Stanišić,DEF,4.5,0,50037
250153936,J. Urbig,GK,4.5,0,50037
250101238,W. Anton,DEF,4.5,3,52758
250119677,R. Bensebaini,DEF,4.5,0,52758
250174737,A. Meyer,GK,4.5,0,52758
250156423,D. Svensson,DEF,4.5,2,52758
250130405,L. Audoor,MID,4.5,0,50043
250135248,C. Sandra,MID,4.5,0,50043
250185093,A. Granados,MID,4.5,0,50043
250201806,T. Koren,MID,4.5,0,50043
250160006,F. Lemarechal,MID,4.5,1,50043
250053044,B. Mechele,DEF,4.5,2,50043
250104207,F. Bjørkan,DEF,4.5,0,59333
250186245,A. Mikkelsen,MID,4.5,0,59333
250063509,L. Milla,MID,4.5,0,79946
250176201,J. Ordoñez,DEF,4.5,0,50043
250189213,V. Nielsen,DEF,4.5,0,59333
250138997,M. Riisnæs,MID,4.5,0,59333
250163786,J. Seys,DEF,4.5,1,50043
97746,Y. Sommer,GK,4.5,2,50043
250172155,C. Tsawa,MID,4.5,1,50043
250141867,U. Saltnes,MID,4.5,0,59333
250017824,E. Can,DEF,4.5,0,52758
250074004,J. Butez,GK,4.5,0,79946
250194327,A. Lahdo,MID,4.5,0,79946
250174182,Alberto Costa,DEF,4.5,2,50064
250056266,J. Bednarek,DEF,4.5,0,50064
250169957,V. Froholdt,MID,4.5,0,50064
250134536,I. Hwang,MID,4.5,1,50064
250105681,J. Kiwior,DEF,4.5,3,50064
250164153,D. Prpić,DEF,4.5,0,50064
250097271,P. Rosario,MID,4.5,1,50064
250210895,G. Diarra,MID,4.5,0,52749
250182482,T. Kraaijeveld,MID,4.5,0,52749
250092129,J. Moder,MID,4.5,0,52749
250183808,G. Read,DEF,4.5,1,52749
250180110,A. Sliti,MID,4.5,0,52749
250087967,J. St. Juste,DEF,4.5,1,52749
250187845,C. Vanhoutte,MID,4.5,2,52749
250187148,T. Watanabe,DEF,4.5,1,52749
250043129,Abdülkerim Bardakcı,DEF,4.5,0,50067
250203435,C. Güner,MID,4.5,0,50067
250117015,I. Jakobs,DEF,4.5,1,50067
250076489,A. Ahmedhodžić,DEF,4.5,0,52749
250102736,I. Jaime,MID,4.5,0,50064
250133014,S. 't Zand,MID,4.5,0,52749
250216977,R. Sam-Na Nhaga,MID,4.5,1,50067
250099374,D. Sánchez,DEF,4.5,4,50067
250116951,Y. Bisseck,DEF,4.5,1,50138
250138637,Alpha Diallo,MID,4.5,0,52277
250146919,Luis Henrique,MID,4.5,0,50138
250096761,J. Martínez,GK,4.5,3,50138
250081921,B. Pavard,DEF,4.5,0,50138
250088946,I. Provedel,GK,4.5,0,50138
250061132,R. Aguilar,DEF,4.5,0,52277
250139010,S. Baidoo,DEF,4.5,0,52277
250173262,A. Bulatović,MID,4.5,0,52277
250193467,J. Chavez,DEF,4.5,0,52277
250091018,M. Cuisance,MID,4.5,0,52277
250189553,I. Ganiou,DEF,4.5,0,52277
250007575,J. Gradit,DEF,4.5,0,52277
250181514,R. Risser,GK,4.5,0,52277
250105686,M. Skóraś,MID,4.5,0,52277
250221057,M. Udol,DEF,4.5,0,52277
250135607,C. Bradley,DEF,4.5,0,7889
250203207,G. Leoni,DEF,4.5,0,7889
250101805,G. Mamardashvili,GK,4.5,0,7889
250188247,Alexsandro,DEF,4.5,11,75797
250178658,Başar Önal,MID,4.5,1,75797
250102646,Berke Özer,GK,4.5,1,75797
250127426,H. Elliott,MID,4.5,0,7889
250154416,S. Bajcetic,MID,4.5,0,7889
250198114,N. Mukau,MID,4.5,2,75797
250130418,N. Ngoy,DEF,4.5,2,75797
250068803,R. Perraud,DEF,4.5,1,75797
250146610,O. Sahraoui,MID,4.5,0,75797
250179746,L. Srdanovic,DEF,4.5,0,75797
250187698,A. Khusanov,DEF,4.5,1,52919
250210221,C. Echeverri,MID,4.5,0,52919
50327424,M. De Ligt,DEF,4.5,0,52682
250081628,Diogo Dalot,DEF,4.5,0,52682
250177777,J. Fletcher,MID,4.5,0,52682
250182726,T. Fletcher,MID,4.5,0,52682
250118908,S. Lammens,GK,4.5,0,52682
250132803,Lisandro Martínez,DEF,4.5,0,52682
250075995,N. Mazraoui,DEF,4.5,0,52682
250042705,L. Shaw,DEF,4.5,0,52682
250161762,M. Ugarte,MID,4.5,0,52682
250107117,B. Gilmour,MID,4.5,1,50136
250143242,K. Phillips,MID,4.5,0,52919
250206102,J. Monga,MID,4.5,0,52919
250164098,L. Marianucci,DEF,4.5,0,50136
250066753,A. Meret,GK,4.5,2,50136
250129412,Rafa Marín,DEF,4.5,2,50136
250059233,A. Rrahmani,DEF,4.5,3,50136
250020885,L. Spinazzola,DEF,4.5,0,50136
250135068,L. Chevalier,GK,4.5,0,52747
250063803,L. Hernández,DEF,4.5,1,52747
250192037,N. Fernandez,MID,4.5,0,50062
250133203,A. Andrade,DEF,4.5,2,63405
250189506,R. Flamingo,DEF,4.5,0,50062
250117491,M. Kovář,GK,4.5,0,50062
250172703,S. Mijnans,MID,4.5,0,50062
250177927,K. Sildillia,DEF,4.5,0,50062
250163784,P. Wanner,MID,4.5,0,50062
250104720,R. Baku,MID,4.5,0,2603790
250189610,V. Gebel,MID,4.5,0,2603790
250201514,B. Kaltefleiter,MID,4.5,0,2603790
250124068,C. Lukeba,DEF,4.5,0,2603790
250177722,A. Maksimović,MID,4.5,0,2603790
250104075,L. Geertruida,DEF,4.5,0,50062
250190117,I. Mbaye,MID,4.5,0,52683
250215295,M. Kone,MID,4.5,0,2603790
250051754,W. Orbán,DEF,4.5,0,2603790
250110361,D. Raum,DEF,4.5,0,2603790
250114167,N. Seiwald,MID,4.5,0,2603790
250118787,M. Vandevoordt,GK,4.5,0,2603790
250163279,Aitor Ruibal,MID,4.5,0,52265
250010245,M. Bartra,DEF,4.5,18,52265
250047082,H. Bellerín,DEF,4.5,2,52265
250221822,F. Bernal,MID,4.5,1,52265
250212313,N. Deossa,MID,4.5,1,52265
250057121,Diego Llorente,DEF,4.5,0,52265
250076692,Á. Fidalgo,MID,4.5,1,52265
250091175,Fran García,DEF,4.5,1,52265
250122839,Junior Firpo,DEF,4.5,2,52265
250123073,Marc Roca,MID,4.5,0,52265
250178134,A. Ortiz,MID,4.5,0,52265
250212013,Carlos Macia,MID,4.5,0,70691
250188092,G. Bello,DEF,4.5,3,63405
250212322,A. Valles,GK,4.5,1,52265
250121965,Éder Militão,DEF,4.5,0,50051
250124223,M. Bogarde,MID,4.5,3,63405
250194474,D. Huijsen,DEF,4.5,1,50051
250089824,A. Lunin,GK,4.5,0,50051
250130771,K. Daněk,MID,4.5,0,63405
250153617,Raúl Asencio,DEF,4.5,0,50051
250041741,B. Cristante,MID,4.5,0,50137
250063940,M. Hermoso,DEF,4.5,0,50137
250075982,G. Mancini,DEF,4.5,0,50137
250122785,E. N'Dicka,DEF,4.5,0,50137
250183335,N. Pisilli,MID,4.5,0,50137
250076007,M. Svilar,GK,4.5,0,50137
250224969,N. El Jmili,MID,4.5,0,70691
250212323,Wesley França,DEF,4.5,0,50137
250209228,Alisson Santana,MID,4.5,0,52707
250087118,V. Bondar,DEF,4.5,0,52707
250064356,Angeliño,DEF,4.5,0,50137
250112978,D. Kryskiv,MID,4.5,0,52707
250211402,Lucas Ferreira,MID,4.5,0,52707
250193518,Marlon Gomes,MID,4.5,0,52707
250064444,M. Matviyenko,DEF,4.5,0,52707
250123440,Y. Nazaryna,MID,4.5,0,52707
250134776,O. Ocheretko,MID,4.5,0,52707
250121017,D. Riznyk,GK,4.5,0,52707
250082625,M. Shved,MID,4.5,0,52707
250176838,V. Tsukanov,MID,4.5,0,52707
250209358,T. Diakite,MID,4.5,0,52498
250134691,D. Douděra,MID,4.5,0,52498
250054481,T. Holeš,DEF,4.5,0,52498
250210225,D. Moses,MID,4.5,0,52498
250212505,W. Nowak,MID,4.5,0,52498
250122242,I. Ogbu,DEF,4.5,0,52498
250055112,J. Staněk,GK,4.5,0,52498
250124916,D. Zima,DEF,4.5,0,52498
250107142,S. Alexandropoulos,MID,4.5,0,50149
250137390,Z. Debast,DEF,4.5,1,50149
250208842,I. Doumbia,MID,4.5,2,50149
250117415,Eduardo Quaresma,DEF,4.5,4,50149
250136464,Gonçalo Inácio,DEF,4.5,1,50149
250180059,João Simões,MID,4.5,0,50149
250187284,G. Vagiannidis,DEF,4.5,2,50149
250187727,R. Zalazar,MID,4.5,11,50149
250196709,Atakan Karazor,MID,4.5,0,50107
250107477,J. Chabot,DEF,4.5,5,50107
250077643,Ricardo Mangas,DEF,4.5,0,50149
250176533,Chema Andrés,MID,4.5,0,50107
250170132,F. Jeltsch,MID,4.5,3,50107
250090766,M. Mittelstädt,DEF,4.5,4,50107
250101564,N. Nartey,MID,4.5,0,50107
250201752,L. Penna,MID,4.5,0,50107
250101240,G. Prömel,MID,4.5,4,50107
250170952,D. Seimen,GK,4.5,0,50107
250184508,Y. Spalt,DEF,4.5,0,50107
250173127,T. Buchanan,MID,4.5,2,70691
250106707,L. Costa,DEF,4.5,0,70691
250147278,J. Foyth,DEF,4.5,0,70691
250210288,P. Navarro,DEF,4.5,2,70691
250164935,Renato Veiga,DEF,4.5,-1,70691
250117515,J. Trafford,GK,4.5,0,52919
250169685,O. Diomande,DEF,4.5,0,50149
250134170,Ronald Araújo,DEF,4.5,5,7889
250128385,S. Iling-Junior,MID,4.5,0,52683
98078,S. Mignolet,GK,4.5,0,50043
250126495,L. Reis,MID,4.5,0,50043
250086637,Pau López,GK,4.5,0,52265
250073918,G. Rulli,GK,4.5,0,52919
250215254,N. Domchak,GK,4.5,0,52498
250199543,C. Olivier,DEF,4.5,0,50107
250197123,K. Arriaga,MID,4.5,1,50129
250061721,K. Bajrić,DEF,4.5,1,52797
250131541,C. Blackman,DEF,4.5,-2,52797
250139101,A. Gajdoš,MID,4.5,1,52797
250210294,R. Ibrahim,MID,4.5,2,52797
250121132,D. Ihnatenko,MID,4.5,0,52797
250105502,S. Marković,DEF,4.5,-1,52797
250222222,D. Matsuoka,MID,4.5,0,52797
250116759,A. Mustafić,MID,4.5,1,52797
250116653,Sandro Cruz,DEF,4.5,1,52797
250157134,D. Takáč,GK,4.5,1,52797
108567,D. Vida,DEF,4.5,0,50129
250046901,T. Strakosha,GK,4.5,0,50129
250107249,H. Evjen,MID,4.5,0,59333
250141864,N. Haikin,GK,4.5,0,59333
250109026,J. Kitolano,MID,4.5,0,59333
250129575,Bartuğ Elmaz,MID,4.5,0,52692
250135831,A. Brown,DEF,4.5,0,52692
250082679,Çağlar Söyüncü,DEF,4.5,0,52692
250174144,İsmail Yüksek,MID,4.5,0,52692
250123981,L. Mercan,DEF,4.5,0,52692
250050403,A. Schöpf,MID,4.5,1,63405
250166728,A. Smakaj,MID,4.5,0,63405
250162184,C. Lang,MID,4.5,2,63405
250159904,F. Flecker,MID,4.5,1,63405
250116667,K. Jørgensen,DEF,4.5,3,63405
250188376,L. Jungwirth,GK,4.5,3,63405
250106774,Rodrigo Fernandes,MID,4.5,0,2609356
250059361,S. Pokatilov,GK,4.5,0,2609356
250090285,T. Puchacz,DEF,4.5,0,2609356
250113290,B. Badiashile,DEF,4.5,0,50136
250186054,D. Bassi,MID,4.5,0,59333
250210435,Filipe Relvas,DEF,4.5,8,50129
250042749,M. Gaćinović,MID,4.5,1,50129
250168672,D. Kaloskamis,MID,4.5,0,50129
250012957,P. Mantalos,MID,4.5,0,50129
250066898,H. Moukoudi,DEF,4.5,8,50129
250187689,S. Pilios,DEF,4.5,7,50129
250143747,L. Rota,DEF,4.5,9,50129
250112700,D. Bakwa,MID,4.5,1,75797
250209018,N. Saliba,MID,4.5,1,70691
250225023,Allan Elias,MID,4.5,0,52919
250154983,R. Sánchez,GK,4.5,0,79946
250117839,S. Ricci,MID,4.5,0,79946
250209953,Y. Titraoui,MID,4.5,0,52277
250178067,G. Zechiel,MID,4.5,3,52749
250126069,Milán Vitális,MID,4.5,4,50129
250218556,K. Sano,MID,4.5,0,50062
250216420,S. Ouaissa,MID,4.5,0,50062
250164927,Samuel Justo,MID,4.5,0,50149
250224345,A. Batrakov,MID,4.5,2,50067
250205688,T. Pitarch,MID,4.5,0,50051
250224970,Souza,DEF,4.5,0,50064
250057690,N. Bentaleb,MID,4.5,2,75797
250218836,A. Santos,MID,4.5,0,50062
250167252,N. Törnqvist,GK,4.5,0,79946
250116817,S. Eustáquio,MID,4.5,0,50064
250153599,Iker Losada,MID,4.5,0,52265
250184494,J. Ilk,DEF,4.5,0,63405
250223435,A. Wimmer,DEF,4.5,0,63405
250225045,Du Queiroz,MID,4.5,0,2609356
250202772,S. Ibrahimov,MID,4.5,0,2609356
250221022,B. Sapoko Ndiaye,MID,4.5,0,50037
250200895,S. Coulibaly,DEF,4.5,0,50043
250169764,M. Dams,DEF,4.5,0,50043
250201762,E. Yigit,MID,4.5,0,50107
250225046,Sergio Martínez,MID,4.5,0,50051
250206694,Diego Villalba,MID,4.5,0,50051
250213264,Gabriel Valero,MID,4.5,0,50051
250189623,Jorge Cestero,MID,4.5,0,50051
250225019,A. Sanyang,MID,4.5,0,59333
250213129,J. Rabben Nygård,MID,4.5,0,59333
250213128,L. Monsen Yeboah,MID,4.5,0,59333
250213099,E. Eliassen,MID,4.5,0,59333
250213132,K. Solhaug,MID,4.5,0,59333
250123067,A. Wan-Bissaka,DEF,4.5,2,52683
250189184,Z. Sneijer,MID,4.5,0,52749
250200556,N. De Koning,MID,4.5,0,52749
250199588,K. Khan,MID,4.5,0,52749
250218024,L. Tomasson,MID,4.5,0,52749
250193618,T. Van Den Elshout,MID,4.5,1,52749
250190226,N. El Harmouz,MID,4.5,0,52749
250185405,Tiago Silva,MID,4.5,0,50064
250169491,João Teixeira,MID,4.5,0,50064
250204915,Bernardo Lima,MID,4.5,0,50064
250154426,J. McConnell,MID,4.5,0,7889
250223128,E. Ayaosi,MID,4.5,0,52498
250129032,A. Isaev,MID,4.5,0,2609356
250171312,A. Khaibulaev,MID,4.5,0,2609356
250221231,J. Mukhtarov,MID,4.5,0,2609356
250130045,R. Rustamli,MID,4.5,0,2609356
250209341,S. Solvet,DEF,4.5,0,2609356
250188243,A. Zedadka,DEF,4.5,0,2609356
250215287,A. Cosic,MID,4.5,0,52319
250139481,H. Falchener,DEF,4.5,1,52319
250210010,H. Haugen,DEF,4.5,1,52319
250144866,H. Heggheim,DEF,4.5,3,52319
1905505,A. Østbø,GK,4.5,1,52319
250174059,G. Stensness,DEF,4.5,2,52319
250160883,J. Mvuka,MID,4.5,0,59333
250186986,R. Dashdamirov,DEF,4.5,0,2609356
250210594,R. Alte,MID,4.5,0,52319
250159556,M. Broholm,MID,4.5,0,75797
250123068,E. Konsa,DEF,4.5,8,52280
250223167,A. Koné,DEF,4.5,0,2603790
250200248,T. Nyoni,MID,4.5,0,7889
250129343,M. Kjærgaard,MID,4.5,1,75797
250128118,L. Balerdi,DEF,4.5,0,50137
250129645,K. Koulierakis,DEF,4.5,0,50137
250183092,N. Marcelli,MID,4.5,1,52797
250170005,E. Piták,DEF,4.5,0,52498
250200405,Furkan Koçak,MID,4.5,0,50067
250212934,Eyüp Karasu,MID,4.5,0,50067
250189922,Berat Luş,MID,4.5,0,50067
250206687,Necati Yançel,MID,4.5,0,50067
250224253,O. Yıldız,MID,4.5,0,50067
250200716,M. Kaba,MID,4.5,0,52758
250203284,E. Duarte,MID,4.5,0,52758
250065289,H. Bjørdal,MID,4.5,5,52319
250223290,O. Visted,MID,4.5,0,52319
250210217,J. Hansen,MID,4.5,0,52319
250169944,T. Moi,MID,4.5,3,52319
250190377,Xavi Espart,DEF,4.5,0,50080
250097935,W. Endo,MID,4.5,0,7889
250112803,F. Mendy,DEF,4.5,0,50051
250112969,A. Bondarenko,MID,4.5,0,52707
250109754,M. Dorley,MID,4.5,0,52498
250102308,Daniel Bragança,MID,4.5,0,50149
250216955,S. Faye,MID,4.5,0,50149
250117946,K. Koindredi,MID,4.5,0,50149
250220317,A. Wan-Bissaka,DEF,4.5,0,52683
250210649,M. Balamotis,MID,4.5,0,50129
250202036,Flávio Gonçalves,MID,4.5,1,50149
250173424,F. Sjøvold,DEF,4.5,0,59333
250039900,K. Arrizabalaga,GK,4.5,0,52280
250024301,F. Kostić,DEF,4.0,0,50062
1909059,Cláudio Ramos,GK,4.0,0,50064
250016024,M. Vigorito,GK,4.0,0,79946
250223594,N. Glossoa,DEF,4.0,0,52498
250197801,Gerard Martín,DEF,4.0,0,50080
250118383,H. Koffi,GK,4.0,0,52277
250182326,J. Oosterwolde,DEF,4.0,0,52692
250164785,A. Valle,DEF,4.0,0,79946
250054306,L. Zingerle,GK,4.0,0,2603790
250175645,Y. Kinareikin,GK,4.0,0,70691
250113686,I. Smolčić,DEF,4.0,0,79946
250224143,Kauã Prates,DEF,4.0,1,52758
250210900,K. Oppong,DEF,4.0,0,52692
108923,Ø. Nyland,GK,4.0,0,2603790
250153851,E. Bitshiabu,DEF,4.0,0,50067
250058260,L. Klostermann,DEF,4.0,0,2603790
250058258,B. Henrichs,DEF,4.0,0,2603790
250176488,J. Ramón,DEF,4.0,0,79946
250162917,M. Finkgräfe,DEF,4.0,0,2603790
250124756,M. Esteve,DEF,4.0,0,2603790
250182489,J. van den Berg,DEF,4.0,0,50062
250193930,Rubén Gómez,GK,4.0,0,70691
250108593,I. Van Der Brempt,DEF,4.0,0,79946
250188875,R. Bahlai,GK,4.0,0,52707
250187771,T. Smolenaars,GK,4.0,0,50062
250106979,A. Tenas,GK,4.0,0,70691
250046909,N. Olij,GK,4.0,0,50062
250088117,A. Obispo,DEF,4.0,0,50062
250046524,M. Kempf,DEF,4.0,0,79946
250225138,D. Elfadli,DEF,4.0,0,63405
250187793,A. Nagalo,DEF,4.0,0,50062
250206921,C. Katzmayr,GK,4.0,0,63405
250223434,J. Wansch,DEF,4.0,0,63405
250199268,A. Midzic,DEF,4.0,0,63405
250195616,R. Rodriguez German,DEF,4.0,0,63405
250218352,Kaiki Bruno,DEF,4.0,0,79946
250223433,L. Ortner,DEF,4.0,0,63405
250193525,J. Gauci,GK,4.0,0,52683
250201840,F. Merién,DEF,4.0,0,50062
250122213,Mauro Júnior,DEF,4.0,0,50062
250078776,E. Goldaniga,DEF,4.0,0,79946
250171006,Y. Gasiorowski,DEF,4.0,0,50062
250202766,R. Ayyubov,GK,4.0,0,2609356
250193107,R. Mirzammadov,GK,4.0,0,2609356
250171667,H. Fort,DEF,4.0,0,50080
250223275,I. Ba,DEF,4.0,0,50149
250119185,I. Zabarnyi,DEF,4.0,3,52747
250193442,Lucas Beraldo,DEF,4.0,1,52747
250193777,A. Longoni,GK,4.0,0,52747
250225269,M. Chabot,GK,4.0,0,52919
250163731,Yan Couto,DEF,4.0,0,79946
250216973,A. Garcia,DEF,4.0,0,50043
250189614,S. Van Hoogen,DEF,4.0,0,50043
250137491,D. Ramaj,GK,4.0,0,52758
250134196,M. Olivera,DEF,4.0,4,50136
250065792,V. Milinković-Savić,GK,4.0,2,50136
250212172,A. Groiß,DEF,4.0,0,50107
250218212,T. Walz,GK,4.0,0,50107
250224503,L. Nagel,GK,4.0,0,50107
250084903,H. Aleesami,DEF,4.0,0,59333
250178595,P. Mazzocchi,DEF,4.0,0,50136
250223129,Sahmkou Camara,DEF,4.0,1,52797
250170133,A. Kabar,DEF,4.0,0,52758
250201421,Javi Navarro,GK,4.0,0,50051
250154301,Sergio Mestre,GK,4.0,0,50051
250193666,Mario Rivas,DEF,4.0,0,50051
250179703,J. Fortea,DEF,4.0,0,50051
250191276,Joan Martínez,DEF,4.0,0,50051
250177185,Enes Büyük,GK,4.0,0,50067
250139356,Jankat Yılmaz,GK,4.0,0,50067
250206683,Yusuf Kahraman,DEF,4.0,0,50067
102420,P. Gulácsi,GK,4.0,2,70691
250212907,Cihan Akgün,DEF,4.0,0,50067
250182524,I. Sjong,GK,4.0,0,59333
250212817,M. Andersen,GK,4.0,0,59333
250213088,M. Blix Olsen,DEF,4.0,0,59333
250213119,M. Jaiteh,DEF,4.0,0,59333
250164740,T. Setford,GK,4.0,0,52280
250191764,J. Ziółkowski,DEF,4.0,0,50137
250209226,D. Arroyo,DEF,4.0,0,52707
250224316,T. Sibiya,DEF,4.0,0,75797
250064393,N. Contini,GK,4.0,0,50136
250223139,A. Dossena,DEF,4.0,0,79946
250128702,D. Mee,GK,4.0,0,52682
250088491,A. Buongiorno,DEF,4.0,0,50136
250188465,J. Wright,GK,4.0,0,52683
250109381,M. Nawrocki,DEF,4.0,0,52277
250192231,A. Vignaud,GK,4.0,0,52747
250200894,D. Boly,DEF,4.0,0,52747
250135429,Arnau Solà,DEF,4.0,0,50124
250176826,Dani Martinez,DEF,4.0,0,50124
250161248,S. Beukema,DEF,4.0,0,50136
250225049,F. Kastenmeier,GK,4.0,0,52749
250178085,M. Berger,GK,4.0,0,52749
250126914,J. Lopez,DEF,4.0,0,52749
250123956,M. Medina,DEF,4.0,1,52749
250165232,L. Yoro,DEF,4.0,0,52682
250189295,A. Heaven,DEF,4.0,0,52682
250199586,S. De Mol,GK,4.0,0,52749
250183766,T. Haksteeg,GK,4.0,0,52749
250199595,T. Schens,DEF,4.0,0,52749
250199589,M. Mparaganda,DEF,4.0,0,52749
250199597,T. Wessels,DEF,4.0,0,52749
250189848,M. Cruz,DEF,4.0,0,52749
250200576,D. Slory,DEF,4.0,0,52749
250216077,B. Plantinga,DEF,4.0,0,52749
250190228,H. Agboluaje,DEF,4.0,0,52749
250153677,J. Spileers,DEF,4.0,0,50043
250128898,H. Siquet,DEF,4.0,2,50043
250164004,O. Mimović,DEF,4.0,0,52692
250124835,D. Javorček,DEF,4.0,0,52498
250212115,Y. Mbodji,DEF,4.0,0,52498
250211913,M. Adje,DEF,4.0,0,52758
69582,T. Heaton,GK,4.0,0,52682
250021790,K. Darlow,GK,4.0,0,52682
250205653,Vitor Reis,DEF,4.0,0,52919
250139207,R. Lewis,DEF,4.0,0,52919
250011491,M. Bettinelli,GK,4.0,0,52919
250210106,João Afonso,GK,4.0,0,50064
250169106,Gonçalo Ribeiro,GK,4.0,0,50064
250185409,Martim Cunha,DEF,4.0,0,50064
250200719,J. Riedl,DEF,4.0,0,52758
250138985,K. Sabbe,DEF,4.0,0,50043
250201725,A. Goffi,DEF,4.0,0,75797
250066559,C. Verdonk,DEF,4.0,0,75797
250188246,Tiago Santos,DEF,4.0,1,75797
250165236,O. Toure,DEF,4.0,0,75797
250154417,L. Chambers,DEF,4.0,0,7889
250154425,I. Mabaya,DEF,4.0,0,7889
250201718,I. Cossier,DEF,4.0,0,75797
250013058,C. Lykogiannis,DEF,4.0,0,50129
250103245,A. Bodart,GK,4.0,0,75797
250170001,M. Konečný,DEF,4.0,0,52498
250066521,N. Jackers,GK,4.0,0,50043
250056572,F. Woodman,GK,4.0,0,7889
250043066,K. Wimmer,DEF,4.0,0,52797
250076631,K. Tsimikas,DEF,4.0,1,7889
250216846,E. Lulli,DEF,4.0,0,50137
250193505,L. Reggiani,DEF,4.0,0,52758
250113263,V. Jaroš,GK,4.0,0,7889
250058215,J. Gomez,DEF,4.0,0,7889
101529,R. Gurtner,GK,4.0,0,52277
250221230,A. McCarthy,DEF,4.0,0,2609356
250211929,M. Marello,DEF,4.0,0,50138
250087979,T. Mutallimov,DEF,4.0,0,2609356
250197263,Han-beom Lee,DEF,4.0,3,50043
250118959,T. Nianzou,DEF,4.0,0,75797
250223131,A. N'Guessan,DEF,4.0,0,52498
250106969,M. Gutiérrez,DEF,4.0,0,50136
107754,M. Gorgelin,GK,4.0,0,52277
250205712,V. Osuji,DEF,4.0,0,50043
250201827,E. Bassey,DEF,4.0,0,52319
250171976,N. Čelik,DEF,4.0,0,52277
250187320,B. Meijer,DEF,4.0,0,50043
250127437,I. Meslier,GK,4.0,0,52280
250164008,K. Nedeljković,DEF,4.0,0,52683
250107375,Altay Bayındır,GK,4.0,0,52682
250153408,S. Ostrzinski,GK,4.0,0,52758
250189812,K. Antonio,DEF,4.0,0,52277
250103898,A. Bærtelsen,DEF,4.0,0,52319
250177929,C. Romero,DEF,4.0,0,70691
250089337,S. Kozlovský,DEF,4.0,0,52797
250110137,M. Macík,GK,4.0,0,52797
250124826,Ľ. Belko,GK,4.0,0,52319
250188006,S. Mouriño,DEF,4.0,7,70691
250017814,R. Di Gennaro,GK,4.0,0,50138
250188223,Carlos Augusto,DEF,4.0,8,50138
250210287,Luiz Júnior,GK,4.0,0,70691
250089413,A. Popović,GK,4.0,0,52797
250144186,S. Bjørshol,DEF,4.0,0,52319
250179564,L. Jovanović,MID,4.0,0,50107
250181167,S. Abdulhamid,DEF,4.0,0,52277
250055970,V. Vevatne,DEF,4.0,0,52319
250209023,A. Freeman,DEF,4.0,1,70691
250196225,V. Auklend,DEF,4.0,1,52319
250132323,W. Singo,DEF,4.0,0,50067
250210289,S. Cardona,DEF,4.0,1,70691
250187215,O. Bjørtuft,DEF,4.0,0,59333
250087431,D. Zagadou,DEF,4.0,0,50107
250127538,J. Vagnoman,DEF,4.0,2,50107
250119144,L. Stergiou,DEF,4.0,0,50107
250103750,J. Daland,DEF,4.0,2,52319
250085663,J. Faye Lund,GK,4.0,0,59333
250109274,J. Gundersen,DEF,4.0,0,59333
250139057,L. Bogarde,DEF,4.0,1,52683
250212173,D. Nothnagel,DEF,4.0,0,50107
250186841,L. Jaquez,DEF,4.0,0,50107
250199540,M. Herwerth,DEF,4.0,0,50107
250123894,Metehan Baltacı,DEF,4.0,0,50067
250138384,I. Määttä,DEF,4.0,0,59333
250106750,R. Hendriks,DEF,4.0,2,50107
250194472,M. Pubill,DEF,4.0,1,50124
250027039,K. Haugen,DEF,4.0,2,52319
250006714,M. Bizot,GK,4.0,0,52683
250058261,M. Funk,GK,4.0,0,50107
250125340,S. Drljača,GK,4.0,0,50107
250089238,João Virginia,GK,4.0,0,50149
250189793,D. Hashioka,DEF,4.0,0,52498
250223246,E. Jacobsen,GK,4.0,0,52319
250070418,F. Bredlow,GK,4.0,2,50107
250136347,L. Assignon,DEF,4.0,0,50107
250190378,A. Cuenca,DEF,4.0,0,79946
103243,Mert Günok,GK,4.0,0,52692
250097238,Mert Müldür,DEF,4.0,0,52692
250127149,A. Al-Dakhil,DEF,4.0,1,50107
250130006,Sergi Altimira,DEF,4.0,3,50149
250114145,G. Gocholeishvili,DEF,4.0,0,52707
250067422,Tarık Çetin,GK,4.0,0,52692
250174545,Yiğit Efe Demir,DEF,4.0,0,52692
250168729,F. Mane,DEF,4.0,0,52758
250223203,A. Ibrahim,DEF,4.0,0,63405
250023940,Kaan Ayhan,DEF,4.0,0,50067
250223379,C. Kebe,DEF,4.0,0,63405
250086599,M. Roseth,DEF,4.0,0,52319
250184503,F. Schillinger,GK,4.0,0,63405
250137521,J. Musso,GK,4.0,0,50124
250223204,J. Tornich,DEF,4.0,6,63405
250073722,Günay Güvenç,GK,4.0,0,50067
250177594,J. Gadou,DEF,4.0,2,52758
250223202,M. Freckleton,DEF,4.0,0,63405
250179137,I. Fresneda,DEF,4.0,1,50149
250217987,M. Verhaeghe,DEF,4.0,0,63405
250065421,T. Schützenauer,GK,4.0,0,63405
250137804,X. Mbuyamba,DEF,4.0,3,63405
250197947,Y. Dibango,DEF,4.0,0,63405
250138479,A. Ramazanov,GK,4.0,0,2609356
250221486,Erivaldo Almeida,DEF,4.0,0,2609356
250077579,P. Drewes,GK,4.0,0,52758
1902445,S. Ulreich,GK,4.0,0,50037
250163343,Eren Elmalı,DEF,4.0,1,50067
250115749,T. Vlček,DEF,4.0,0,52498
250218560,Z. Suzuki,GK,4.0,2,52683
250175777,C. Favasuli,DEF,4.0,1,50136
250115748,J. Markovič,GK,4.0,0,52498
250174851,G. Smal,DEF,4.0,0,52749
250052788,O. Kolář,GK,4.0,0,52498
250166772,D. Jurásek,DEF,4.0,0,52498
250181455,H. Ito,DEF,4.0,0,50037
250085391,A. Brignoli,GK,4.0,7,50129
250056685,B. Nieuwkoop,DEF,4.0,0,52749
250200313,J. Lotomba,DEF,4.0,0,52749
250168437,M. Georgiev,DEF,4.0,0,50129
250221826,S. Isife,DEF,4.0,0,52498
250190353,Š. Chaloupek,DEF,4.0,0,52498
250128150,T. Ernst,GK,4.0,1,52749
250176491,V. Tobías,DEF,4.0,0,52707
250187672,Pedro Henrique,DEF,4.0,0,52707
250101096,Marlon Santos,DEF,4.0,0,52707
250197412,M. Deijl,DEF,4.0,0,52749
250004740,O. Karavaiev,DEF,4.0,0,52707
250190350,N. Brown,DEF,4.0,0,50037
250153959,W. Kambwala,DEF,4.0,0,79946
250065934,L. Bossin,GK,4.0,0,52749
250160990,Diego Callai,GK,4.0,0,50149
250224837,Kaique Pereira,GK,4.0,0,50149
250194557,A. Ghram,DEF,4.0,0,52707
250224838,M. Zekri,DEF,4.0,0,50149
250187221,T. Beelen,DEF,4.0,0,52749
250218467,O. Gill,GK,4.0,0,75797
250144327,Z. Sanusi,DEF,4.0,0,50064
250160835,K. Fesiun,GK,4.0,0,52707
250128223,Nehuén Pérez,DEF,4.0,3,50064
250179333,R. Zelezny,GK,4.0,0,50137
250108031,I. Azarov,DEF,4.0,0,52707
250117505,T. Harwood-Bellis,DEF,4.0,0,52683
250163559,Martim Fernandes,DEF,4.0,3,50064
250182057,D. Vasquez,GK,4.0,0,50137
250136348,S. Boey,DEF,4.0,0,50037
250123555,D. Rensch,DEF,4.0,0,50137
250058930,P. Gollini,GK,4.0,0,50137
250166174,D. Ghilardi,DEF,4.0,0,50137
250205559,G. De Marzi,GK,4.0,0,50137
250189550,S. Sagnan,DEF,4.0,0,52277
250040614,João Costa,GK,4.0,0,50064
250067315,M. Mármol,DEF,4.0,0,52749
250042625,D. Livaković,GK,4.0,0,50080
250112138,Francisco Moura,DEF,4.0,1,50064
250212314,Valentin Gomez,DEF,4.0,1,52265
250187998,Natan,DEF,4.0,1,52265
250128268,J. Todibo,DEF,4.0,0,52277
250076131,Diego Conde,GK,4.0,0,52265
